lesion,trial,settle_residual,settle_ticks,nonconvergent_inputs,nonconvergent_visual,nonconvergent_unique_names,naming/all/correct,naming/all/superordinate,naming/all/semantic,naming/all/cross_domain,naming/all/omission,naming/animal/correct,naming/animal/superordinate,naming/animal/semantic,naming/animal/cross_domain,naming/animal/omission,naming/artifact/correct,naming/artifact/superordinate,naming/artifact/semantic,naming/artifact/cross_domain,naming/artifact/omission,sorting/word/animal_artifact/general,sorting/word/animal_artifact/specific,sorting/word/fruit/general,sorting/word/fruit/specific,sorting/picture/animal_artifact/general,sorting/picture/animal_artifact/specific,sorting/picture/fruit/general,sorting/picture/fruit/specific,matching/close,matching/distant,matching/unrelated,drawing/all/omission,drawing/all/intrusion,drawing/all/total_errors,drawing/animal/omission,drawing/animal/intrusion,drawing/animal/total_errors,drawing/artifact/omission,drawing/artifact/intrusion,drawing/artifact/total_errors,drawing/shared_domain/omission,drawing/shared_domain/intrusion,drawing/shared_category/omission,drawing/shared_category/intrusion,drawing/distinctive/omission,drawing/distinctive/intrusion,delayed_copy/all/omission,delayed_copy/all/intrusion,delayed_copy/all/total_errors,delayed_copy/animal/omission,delayed_copy/animal/intrusion,delayed_copy/animal/total_errors,delayed_copy/artifact/omission,delayed_copy/artifact/intrusion,delayed_copy/artifact/total_errors,delayed_copy/shared_domain/omission,delayed_copy/shared_domain/intrusion,delayed_copy/shared_category/omission,delayed_copy/shared_category/intrusion,delayed_copy/distinctive/omission,delayed_copy/distinctive/intrusion
0.0,0,9.864568710327148e-06,1073,0,0,0,0.9642857142857143,0.0,0.03571428571428571,0.0,0.0,1.0,0.0,0.0,0.0,0.0,0.9444444444444444,0.0,0.05555555555555555,0.0,0.0,1.0,0.975,1.0,1.0,1.0,0.975,1.0,1.0,1.0,0.9976190476190476,1.0,0.0,0.0,0.0,0.0,0.0,0.0,0.0,0.0,0.0,0.0,0.0,0.0,0.0,0.0,0.0,0.0,0.0,0.0,0.0,0.0,0.0,0.0,0.0,0.0,0.0,0.0,0.0,0.0,0.0,0.0
0.05,0,6.750226020812988e-06,429,0,0,0,0.9642857142857143,0.0,0.03571428571428571,0.0,0.0,1.0,0.0,0.0,0.0,0.0,0.9444444444444444,0.0,0.05555555555555555,0.0,0.0,1.0,0.975,1.0,1.0,1.0,0.975,1.0,1.0,1.0,0.9976190476190476,1.0,0.0027472527472527475,0.003384632796397502,0.21428571428571427,0.007692307692307693,0.00196078431372549,0.2,0.0,0.004175659731215287,0.2222222222222222,0.005291005291005291,0.07142857142857142,0.0,0.0,0.0,0.002735282147046853,0.011149267399267398,0.0057945413787335465,0.45,0.022664835164835164,0.0062510004001600636,0.625,0.003472222222222222,0.0054902353644492,0.3333333333333333,0.007326007326007326,0.09523809523809523,0.010416666666666666,0.045454545454545456,0.028125,0.004437985869015728
0.05,1,7.212162017822266e-06,1148,0,0,0,0.9642857142857143,0.0,0.03571428571428571,0.0,0.0,1.0,0.0,0.0,0.0,0.0,0.9444444444444444,0.0,0.05555555555555555,0.0,0.0,1.0,0.975,1.0,1.0,1.0,0.975,1.0,1.0,1.0,1.0,1.0,0.006493506493506494,0.0013116095494801695,0.14285714285714285,0.0,0.0,0.0,0.010101010101010102,0.002040281521413597,0.2222222222222222,0.0,0.0,0.0,0.0,0.007936507936507936,0.0013352301088150143,0.008434343434343435,0.002364337541471852,0.225,0.003472222222222222,0.001358695652173913,0.125,0.011742424242424243,0.003034765467670477,0.2916666666666667,0.003205128205128205,0.0,0.0,0.0,0.010555555555555556,0.0024134540223547606
0.05,2,9.000301361083984e-06,655,0,0,0,1.0,0.0,0.0,0.0,0.0,1.0,0.0,0.0,0.0,0.0,1.0,0.0,0.0,0.0,0.0,1.0,1.0,1.0,1.0,1.0,1.0,1.0,1.0,1.0,1.0,1.0,0.027380952380952377,0.002670940170940171,0.42857142857142855,0.006666666666666666,0.0,0.1,0.03888888888888889,0.004154795821462488,0.6111111111111112,0.0,0.0,0.0,0.0,0.04017857142857143,0.002670940170940171,0.04801587301587301,0.0062816335378447176,0.925,0.04503968253968253,0.005242901508429459,1.0,0.049999999999999996,0.00697412155745489,0.875,0.014346764346764348,0.0,0.010416666666666666,0.045454545454545456,0.09776785714285714,0.005885526069477114
0.05,3,9.5367431640625e-06,712,0,0,0,0.9642857142857143,0.0,0.03571428571428571,0.0,0.0,1.0,0.0,0.0,0.0,0.0,0.9444444444444444,0.0,0.05555555555555555,0.0,0.0,1.0,0.9,1.0,1.0,1.0,0.975,1.0,1.0,1.0,1.0,1.0,0.01607142857142857,0.0006157635467980296,0.21428571428571427,0.0,0.0,0.0,0.024999999999999998,0.0009578544061302681,0.3333333333333333,0.0,0.03571428571428571,0.05416666666666666,0.0,0.004464285714285714,0.0,0.06651806526806527,0.008209044725386718,1.1,0.0,0.00125,0.0625,0.11086344211344211,0.012848407875644534,1.7916666666666667,0.01282051282051282,0.023809523809523808,0.11458333333333333,0.1212121212121212,0.0763392857142857,0.006147682123383724
0.05,4,9.864568710327148e-06,1683,0,0,0,0.9642857142857143,0.0,0.0,0.0,0.03571428571428571,1.0,0.0,0.0,0.0,0.0,0.9444444444444444,0.0,0.0,0.0,0.05555555555555555,1.0,1.0,1.0,1.0,1.0,1.0,1.0,1.0,1.0,1.0,1.0,0.04406307977736549,0.003968253968253968,0.6428571428571429,0.0,0.0,0.0,0.06854256854256854,0.006172839506172839,1.0,0.0,0.07142857142857142,0.016666666666666666,0.0,0.05575396825396826,0.0033323158323158323,0.07433261183261183,0.010577675180310182,1.325,0.021031746031746033,0.0025,0.4375,0.10986652236652238,0.01596279196718364,1.9166666666666667,0.01648351648351648,0.14285714285714285,0.015625,0.09090909090909091,0.13218253968253968,0.007602560526930274
0.05,5,9.59634780883789e-06,964,0,0,0,0.9642857142857143,0.0,0.03571428571428571,0.0,0.0,1.0,0.0,0.0,0.0,0.0,0.9444444444444444,0.0,0.05555555555555555,0.0,0.0,1.0,1.0,1.0,1.0,1.0,1.0,1.0,1.0,0.9947916666666667,1.0,1.0,0.03134920634920635,0.004629629629629629,0.5714285714285714,0.005555555555555555,0.0,0.1,0.04567901234567901,0.007201646090534979,0.8333333333333334,0.005291005291005291,0.0,0.0,0.0,0.04081632653061224,0.004629629629629629,0.07061771561771561,0.00908573204353083,1.225,0.021367521367521368,0.007536166640569271,0.6875,0.10345117845117846,0.010118775645505205,1.5833333333333333,0.01053113553113553,0.09523809523809523,0.03125,0.09090909090909091,0.1131547619047619,0.006789057498630952
0.05,6,8.940696716308594e-06,761,0,0,0,1.0,0.0,0.0,0.0,0.0,1.0,0.0,0.0,0.0,0.0,1.0,0.0,0.0,0.0,0.0,1.0,0.925,1.0,1.0,1.0,1.0,1.0,1.0,1.0,1.0,1.0,0.03839285714285714,0.001984126984126984,0.4642857142857143,0.0,0.0,0.0,0.05972222222222222,0.0030864197530864196,0.7222222222222222,0.0,0.0,0.016666666666666666,0.0,0.049107142857142856,0.001984126984126984,0.06372648185148184,0.007812448350987905,1.025,0.017857142857142856,0.00375,0.4375,0.09430604118104118,0.010520747251646508,1.4166666666666667,0.003663003663003663,0.047619047619047616,0.05989583333333333,0.09090909090909091,0.1050892857142857,0.005679569140406305
0.05,7,9.655952453613281e-06,1050,0,0,0,0.9642857142857143,0.0,0.03571428571428571,0.0,0.0,1.0,0.0,0.0,0.0,0.0,0.9444444444444444,0.0,0.05555555555555555,0.0,0.0,1.0,0.975,1.0,1.0,1.0,0.975,1.0,1.0,1.0,1.0,1.0,0.02140151515151515,0.0006265664160401002,0.25,0.0,0.0,0.0,0.03329124579124579,0.0009746588693957114,0.3888888888888889,0.0,0.0,0.0,0.0,0.03819444444444444,0.0006265664160401002,0.027029428904428904,0.0023122943963948413,0.425,0.0,0.0,0.0,0.04504904817404817,0.0038538239939914024,0.7083333333333334,0.01282051282051282,0.0,0.0,0.045454545454545456,0.044742063492063486,0.0018833380242048972
0.05,8,6.377696990966797e-06,907,0,0,0,0.9642857142857143,0.0,0.03571428571428571,0.0,0.0,1.0,0.0,0.0,0.0,0.0,0.9444444444444444,0.0,0.05555555555555555,0.0,0.0,1.0,0.975,1.0,1.0,1.0,0.975,1.0,1.0,1.0,0.9976190476190476,1.0,0.0,0.005399265069429987,0.2857142857142857,0.0,0.002173913043478261,0.1,0.0,0.007191127306069834,0.3888888888888889,0.0,0.0,0.0,0.0,0.0,0.0054954518715022915,0.035609668109668105,0.011511445564400218,1.075,0.04186507936507937,0.00782608695652174,1.0625,0.03143939393939394,0.013968351302985871,1.0833333333333333,0.020757020757020756,0.09523809523809523,0.015625,0.09090909090909091,0.08226190476190476,0.009167289927655396
0.05,9,5.0067901611328125e-06,724,0,0,0,0.9642857142857143,0.0,0.03571428571428571,0.0,0.0,1.0,0.0,0.0,0.0,0.0,0.9444444444444444,0.0,0.05555555555555555,0.0,0.0,1.0,0.975,1.0,1.0,1.0,0.975,1.0,1.0,1.0,1.0,1.0,0.013437950937950938,0.0013736263736263737,0.21428571428571427,0.0,0.0038461538461538464,0.2,0.02090347923681257,0.0,0.2222222222222222,0.0,0.0,0.0,0.0,0.022817460317460316,0.0014577259475218659,0.04259435009435009,0.0052721192976464895,0.8,0.03798840048840049,0.006104826546003017,0.875,0.045664983164983165,0.0047169811320754715,0.75,0.0115995115995116,0.047619047619047616,0.010416666666666666,0.09090909090909091,0.09350198412698413,0.003491396558623449
0.05,10,7.539987564086914e-06,532,0,0,0,0.9642857142857143,0.0,0.03571428571428571,0.0,0.0,1.0,0.0,0.0,0.0,0.0,0.9444444444444444,0.0,0.05555555555555555,0.0,0.0,1.0,0.9,1.0,1.0,1.0,0.975,1.0,1.0,1.0,0.9976190476190476,1.0,0.046825396825396826,0.00752599890530925,0.8214285714285714,0.0,0.0,0.0,0.0728395061728395,0.011707109408258833,1.2777777777777777,0.0,0.07142857142857142,0.0,0.0,0.05803571428571429,0.006448412698412698,0.04705447330447331,0.007760730680257355,0.9,0.0248015873015873,0.005052083333333333,0.625,0.06188973063973064,0.009566495578206704,1.0833333333333333,0.007936507936507936,0.09523809523809523,0.010416666666666666,0.0,0.07589285714285714,0.006592674948767386
0.05,11,7.510185241699219e-06,649,0,0,0,0.9642857142857143,0.0,0.0,0.0,0.03571428571428571,1.0,0.0,0.0,0.0,0.0,0.9444444444444444,0.0,0.0,0.0,0.05555555555555555,1.0,0.925,1.0,1.0,1.0,1.0,1.0,1.0,1.0,1.0,1.0,0.03749999999999999,0.00403259594436065,0.5714285714285714,0.0,0.00196078431372549,0.1,0.05833333333333332,0.005183602405824628,0.8333333333333334,0.037037037037037035,0.0,0.0,0.0,0.04017857142857143,0.004061178806076765,0.057723595848595856,0.006886101425628763,1.05,0.053844246031746035,0.009047048167092925,1.3125,0.06030982905982906,0.005445470264652655,0.875,0.07203907203907203,0.09523809523809523,0.010416666666666666,0.022727272727272728,0.09479166666666666,0.004883105255707126
0.05,12,8.52346420288086e-06,532,0,0,0,0.9642857142857143,0.0,0.03571428571428571,0.0,0.0,1.0,0.0,0.0,0.0,0.0,0.9444444444444444,0.0,0.05555555555555555,0.0,0.0,1.0,0.925,1.0,1.0,1.0,0.975,1.0,1.0,0.9947916666666667,1.0,1.0,0.0572420634920635,0.004581529581529581,0.7857142857142857,0.0,0.0,0.0,0.08904320987654321,0.00712682379349046,1.2222222222222223,0.0,0.0,0.0,0.0,0.07206632653061225,0.004581529581529581,0.06226114163614164,0.0052199531547357635,0.975,0.021825396825396824,0.002717391304347826,0.5,0.08921830484330484,0.006888327721661054,1.2916666666666667,0.010073260073260074,0.0,0.015625,0.045454545454545456,0.08705357142857142,0.004765725342017384
0.05,13,8.58306884765625e-06,1183,0,0,0,0.9285714285714286,0.0,0.07142857142857142,0.0,0.0,1.0,0.0,0.0,0.0,0.0,0.8888888888888888,0.0,0.1111111111111111,0.0,0.0,1.0,0.95,1.0,1.0,1.0,0.95,1.0,1.0,0.984375,0.9952380952380953,1.0,0.046897546897546896,0.0071740759240759245,0.8571428571428571,0.005555555555555555,0.0,0.1,0.06986531986531987,0.011159673659673661,1.2777777777777777,0.0,0.07142857142857142,0.0,0.0,0.07079081632653061,0.006605894105894106,0.06384743728493729,0.013006311850759112,1.35,0.04536305708180709,0.012791053921568627,1.3125,0.07617035742035742,0.013149817136886103,1.375,0.003663003663003663,0.14285714285714285,0.0546875,0.11363636363636363,0.13125,0.008636363636363636
0.05,14,8.881092071533203e-06,680,0,0,0,0.9642857142857143,0.0,0.03571428571428571,0.0,0.0,1.0,0.0,0.0,0.0,0.0,0.9444444444444444,0.0,0.05555555555555555,0.0,0.0,1.0,0.9,1.0,1.0,1.0,0.975,1.0,1.0,1.0,0.9976190476190476,1.0,0.0,0.0006493506493506494,0.03571428571428571,0.0,0.0,0.0,0.0,0.00101010101010101,0.05555555555555555,0.0,0.0,0.0,0.0,0.0,0.0006493506493506494,0.020963064713064715,0.003826756407892311,0.45,0.007936507936507936,0.0,0.125,0.0296474358974359,0.006377927346487185,0.6666666666666666,0.01282051282051282,0.0,0.0,0.0,0.05788690476190476,0.0038502673796791446
0.05,15,9.417533874511719e-06,604,0,0,0,1.0,0.0,0.0,0.0,0.0,1.0,0.0,0.0,0.0,0.0,1.0,0.0,0.0,0.0,0.0,1.0,1.0,1.0,1.0,1.0,1.0,1.0,1.0,1.0,1.0,1.0,0.028246753246753246,0.003936054367088849,0.5,0.0,0.0,0.0,0.04393939393939394,0.006122751237693767,0.7777777777777778,0.0,0.03571428571428571,0.0,0.0,0.03521825396825397,0.0033202908202908206,0.044900932400932396,0.008691252309406467,0.975,0.016666666666666666,0.008928571428571428,0.6875,0.06372377622377622,0.008533039563296494,1.1666666666666667,0.017094017094017092,0.07142857142857142,0.015625,0.0,0.06631944444444444,0.0073806098453358
0.05,16,0.0003185868263244629,2000,3,0,0,1.0,0.0,0.0,0.0,0.0,1.0,0.0,0.0,0.0,0.0,1.0,0.0,0.0,0.0,0.0,1.0,0.925,1.0,1.0,1.0,1.0,1.0,1.0,1.0,1.0,1.0,0.02896825396825397,0.0026455026455026454,0.42857142857142855,0.0,0.0,0.0,0.04506172839506173,0.004115226337448559,0.6666666666666666,0.0,0.0,0.0,0.0,0.03635204081632653,0.0026455026455026454,0.038847680097680096,0.0034490124552236353,0.675,0.036408730158730154,0.003992901508429458,0.8125,0.04047364672364672,0.0030864197530864196,0.5833333333333334,0.007936507936507936,0.07142857142857142,0.005208333333333333,0.0,0.06190476190476191,0.0018518518518518517
0.05,17,5.930662155151367e-06,556,0,0,0,0.9642857142857143,0.0,0.03571428571428571,0.0,0.0,1.0,0.0,0.0,0.0,0.0,0.9444444444444444,0.0,0.05555555555555555,0.0,0.0,1.0,0.85,1.0,1.0,1.0,1.0,1.0,1.0,0.9947916666666667,1.0,1.0,0.04908008658008658,0.004044566544566545,0.75,0.005555555555555555,0.0,0.1,0.07326038159371492,0.006291547958214625,1.1111111111111112,0.004629629629629629,0.0,0.0,0.07142857142857142,0.06965702947845805,0.0033846872082166197,0.07863664113664115,0.012027220483419945,1.525,0.033134920634920635,0.010127551020408163,1.0,0.10897112147112148,0.013293666792094464,1.875,0.006868131868131868,0.14285714285714285,0.010416666666666666,0.13636363636363635,0.15069444444444444,0.008833010656423685
0.05,18,6.183981895446777e-06,1289,0,0,0,1.0,0.0,0.0,0.0,0.0,1.0,0.0,0.0,0.0,0.0,1.0,0.0,0.0,0.0,0.0,1.0,1.0,1.0,1.0,1.0,1.0,1.0,1.0,1.0,1.0,1.0,0.02896825396825397,0.001984126984126984,0.39285714285714285,0.0,0.0,0.0,0.04506172839506173,0.0030864197530864196,0.6111111111111112,0.0,0.0,0.016666666666666666,0.0,0.03125,0.001984126984126984,0.027420634920634922,0.003399092970521542,0.475,0.017857142857142856,0.005025510204081632,0.5,0.033796296296296297,0.0023148148148148147,0.4583333333333333,0.003663003663003663,0.047619047619047616,0.020833333333333332,0.0,0.046875,0.002941211945771216
0.05,19,9.775161743164062e-06,628,0,0,0,0.9642857142857143,0.0,0.03571428571428571,0.0,0.0,1.0,0.0,0.0,0.0,0.0,0.9444444444444444,0.0,0.05555555555555555,0.0,0.0,1.0,0.975,1.0,1.0,1.0,0.975,1.0,1.0,1.0,1.0,1.0,0.030627705627705632,0.005316442816442816,0.6071428571428571,0.005555555555555555,0.0,0.1,0.04455667789001123,0.008270022158911048,0.8888888888888888,0.018518518518518517,0.0,0.0,0.0,0.041666666666666664,0.005316442816442816,0.060446497946497944,0.011020067130222511,1.3,0.03892704517704518,0.006176470588235294,0.875,0.07479279979279979,0.014249131491547327,1.5833333333333333,0.04212454212454212,0.047619047619047616,0.03125,0.09090909090909091,0.12142857142857141,0.009136031549371886
0.05,20,9.179115295410156e-06,498,0,0,0,1.0,0.0,0.0,0.0,0.0,1.0,0.0,0.0,0.0,0.0,1.0,0.0,0.0,0.0,0.0,1.0,1.0,1.0,1.0,1.0,0.95,1.0,1.0,1.0,1.0,1.0,0.03492063492063492,0.001984126984126984,0.4642857142857143,0.0,0.0,0.0,0.05432098765432099,0.0030864197530864196,0.7222222222222222,0.0,0.0,0.0,0.0,0.04740646258503401,0.001984126984126984,0.08808764152514152,0.01049155259588112,1.575,0.02523561507936508,0.00375,0.5625,0.12998899248899248,0.014985920993135199,2.25,0.029304029304029304,0.09523809523809523,0.07291666666666666,0.09090909090909091,0.1274702380952381,0.00872528498578919
0.05,21,9.5367431640625e-06,1008,0,0,0,0.9285714285714286,0.0,0.07142857142857142,0.0,0.0,1.0,0.0,0.0,0.0,0.0,0.8888888888888888,0.0,0.1111111111111111,0.0,0.0,1.0,0.95,1.0,1.0,1.0,0.95,1.0,1.0,1.0,0.9976190476190476,1.0,0.03134920634920634,0.006438204652490366,0.6428571428571429,0.0,0.0019230769230769232,0.1,0.048765432098765424,0.008946608946608946,0.9444444444444444,0.0,0.07142857142857142,0.0125,0.0,0.03741496598639456,0.005947718192616152,0.0507983682983683,0.00699569957044161,0.975,0.024305555555555556,0.003919314381270903,0.625,0.06846024346024347,0.00904662302988875,1.2083333333333333,0.017094017094017092,0.09523809523809523,0.0078125,0.0,0.0781547619047619,0.005608144267808134
0.05,22,8.77678394317627e-06,1287,0,0,0,0.9642857142857143,0.0,0.03571428571428571,0.0,0.0,1.0,0.0,0.0,0.0,0.0,0.9444444444444444,0.0,0.05555555555555555,0.0,0.0,1.0,0.975,1.0,1.0,1.0,0.975,1.0,1.0,1.0,1.0,1.0,0.04583333333333333,0.005810657596371881,0.75,0.0,0.0,0.0,0.07129629629629629,0.009038800705467372,1.1666666666666667,0.0,0.07142857142857142,0.0,0.0,0.05676020408163265,0.005230880230880231,0.06071168414918415,0.009093739697136716,1.1,0.012239583333333333,0.010207207883153262,0.6875,0.09302641802641802,0.008351427573125686,1.375,0.0,0.11904761904761904,0.03645833333333333,0.06818181818181818,0.08809523809523809,0.0063063118914182745
0.05,23,7.838010787963867e-06,627,0,0,0,0.9642857142857143,0.0,0.03571428571428571,0.0,0.0,1.0,0.0,0.0,0.0,0.0,0.9444444444444444,0.0,0.05555555555555555,0.0,0.0,1.0,0.9,1.0,1.0,1.0,0.975,1.0,1.0,1.0,0.9976190476190476,1.0,0.0,0.0019183402804092459,0.10714285714285714,0.0,0.0,0.0,0.0,0.002984084880636605,0.16666666666666666,0.0,0.03571428571428571,0.0,0.0,0.0,0.0013245682888540031,0.009615384615384616,0.0032941956623498206,0.3,0.0,0.0,0.0,0.016025641025641028,0.005490326103916368,0.5,0.01282051282051282,0.07142857142857142,0.0,0.0,0.014285714285714285,0.0023977860374919196
0.05,24,6.139278411865234e-06,402,0,0,0,0.9642857142857143,0.0,0.03571428571428571,0.0,0.0,1.0,0.0,0.0,0.0,0.0,0.9444444444444444,0.0,0.05555555555555555,0.0,0.0,1.0,1.0,1.0,1.0,1.0,1.0,1.0,1.0,0.9947916666666667,1.0,1.0,0.0369047619047619,0.006005072969358684,0.7142857142857143,0.0,0.0,0.0,0.0574074074074074,0.009341224619002397,1.1111111111111112,0.0,0.0,0.0,0.0,0.0550595238095238,0.006042106042106042,0.035476190476190474,0.007077981787724794,0.775,0.017857142857142856,0.00375,0.4375,0.04722222222222222,0.009296636312874655,1.0,0.003663003663003663,0.047619047619047616,0.010416666666666666,0.0,0.06854166666666665,0.006675393156485593
0.05,25,8.434057235717773e-06,1684,0,0,0,1.0,0.0,0.0,0.0,0.0,1.0,0.0,0.0,0.0,0.0,1.0,0.0,0.0,0.0,0.0,1.0,1.0,1.0,1.0,1.0,1.0,1.0,1.0,1.0,1.0,1.0,0.04101473922902494,0.005896174975122344,0.7142857142857143,0.0,0.0,0.0,0.06380070546737213,0.009171827739079201,1.1111111111111112,0.0,0.0,0.016666666666666666,0.0,0.048596938775510204,0.00590736366112306,0.10716824841824842,0.01899881625133916,2.15,0.028968253968253966,0.00375,0.625,0.15930157805157805,0.02916469375223193,3.1666666666666665,0.003663003663003663,0.14285714285714285,0.0703125,0.13636363636363635,0.17985119047619044,0.01564328680367564
0.05,26,9.119510650634766e-06,743,0,0,0,1.0,0.0,0.0,0.0,0.0,1.0,0.0,0.0,0.0,0.0,1.0,0.0,0.0,0.0,0.0,1.0,1.0,1.0,1.0,1.0,1.0,1.0,1.0,1.0,1.0,1.0,0.034523809523809526,0.0033323158323158323,0.5357142857142857,0.0,0.0,0.0,0.05370370370370371,0.005183602405824628,0.8333333333333334,0.0,0.0,0.0,0.0,0.0467687074829932,0.0033323158323158323,0.07289894133644134,0.014009853526154858,1.575,0.027811164529914528,0.010364583333333333,0.9375,0.1029574592074592,0.016440033654702542,2.0,0.02564102564102564,0.09523809523809523,0.026041666666666664,0.11363636363636363,0.10824404761904763,0.011405792625944839
0.05,27,9.000301361083984e-06,546,0,0,0,0.9642857142857143,0.0,0.03571428571428571,0.0,0.0,1.0,0.0,0.0,0.0,0.0,0.9444444444444444,0.0,0.05555555555555555,0.0,0.0,1.0,0.975,1.0,1.0,1.0,0.975,1.0,1.0,1.0,1.0,1.0,0.005952380952380952,0.0026249891523334565,0.17857142857142858,0.0,0.0,0.0,0.009259259259259259,0.004083316459185377,0.2777777777777778,0.0,0.0,0.0,0.0,0.008928571428571428,0.0027136965897470097,0.024507159507159506,0.0037489190462547855,0.475,0.004464285714285714,0.00125,0.125,0.03786907536907537,0.005414865077091308,0.7083333333333334,0.02564102564102564,0.0,0.010416666666666666,0.01515151515151515,0.05282738095238095,0.0033901838513183047
0.05,28,8.58306884765625e-06,1359,0,0,0,1.0,0.0,0.0,0.0,0.0,1.0,0.0,0.0,0.0,0.0,1.0,0.0,0.0,0.0,0.0,1.0,1.0,1.0,1.0,1.0,1.0,1.0,1.0,1.0,1.0,1.0,0.04124278499278499,0.001984126984126984,0.5357142857142857,0.005555555555555555,0.0,0.1,0.061069023569023564,0.0030864197530864196,0.7777777777777778,0.0,0.0,0.0125,0.0,0.05520124716553288,0.001984126984126984,0.037004870129870124,0.0033413562328656666,0.6,0.023809523809523808,0.0025,0.5,0.04580176767676767,0.0039022603881094446,0.6666666666666666,0.003663003663003663,0.047619047619047616,0.013020833333333332,0.0,0.07078373015873016,0.0028798622012907726
0.05,29,9.059906005859375e-06,1079,0,0,0,0.9642857142857143,0.0,0.03571428571428571,0.0,0.0,1.0,0.0,0.0,0.0,0.0,0.9444444444444444,0.0,0.05555555555555555,0.0,0.0,1.0,0.975,1.0,1.0,1.0,0.975,1.0,1.0,1.0,1.0,1.0,0.05599489795918367,0.008350489318534432,0.9642857142857143,0.0,0.0,0.0,0.0871031746031746,0.01298965005105356,1.5,0.037037037037037035,0.07142857142857142,0.016666666666666666,0.0,0.05880102040816326,0.007805498594972279,0.05265796703296703,0.00961628739336786,1.05,0.0,0.0,0.0,0.0877632783882784,0.0160271456556131,1.75,0.038461538461538464,0.047619047619047616,0.026041666666666664,0.10606060606060605,0.05544642857142856,0.00788690459575149
0.05,30,9.059906005859375e-06,997,0,0,0,1.0,0.0,0.0,0.0,0.0,1.0,0.0,0.0,0.0,0.0,1.0,0.0,0.0,0.0,0.0,1.0,1.0,1.0,1.0,1.0,1.0,1.0,1.0,0.9875,1.0,1.0,0.03324175824175824,0.011429042148287352,0.9642857142857143,0.023076923076923078,0.01568627450980392,1.1,0.03888888888888889,0.009063913058555924,0.8888888888888888,0.010582010582010581,0.10714285714285714,0.0,0.03571428571428571,0.06696428571428571,0.009672404315261457,0.043111471861471864,0.00833380671019733,0.925,0.012797619047619047,0.0,0.1875,0.06332070707070707,0.013889677850328885,1.4166666666666667,0.0,0.07142857142857142,0.0,0.06818181818181818,0.09666666666666665,0.006612129033050232
0.05,31,6.67572021484375e-06,1393,0,0,0,1.0,0.0,0.0,0.0,0.0,1.0,0.0,0.0,0.0,0.0,1.0,0.0,0.0,0.0,0.0,1.0,1.0,1.0,1.0,1.0,1.0,1.0,1.0,1.0,1.0,1.0,0.04246031746031746,0.001984126984126984,0.5357142857142857,0.0,0.0,0.0,0.06604938271604938,0.0030864197530864196,0.8333333333333334,0.0,0.0,0.03333333333333333,0.0,0.04655612244897959,0.001984126984126984,0.060917589355089355,0.0050347222222222225,0.95,0.028505608974358974,0.009114583333333334,0.875,0.08252557627557627,0.0023148148148148147,1.0,0.003663003663003663,0.047619047619047616,0.05729166666666666,0.022727272727272728,0.08044642857142856,0.0036616161616161618
0.05,32,8.64267349243164e-06,452,0,0,0,1.0,0.0,0.0,0.0,0.0,1.0,0.0,0.0,0.0,0.0,1.0,0.0,0.0,0.0,0.0,1.0,1.0,1.0,1.0,1.0,1.0,1.0,1.0,1.0,1.0,1.0,0.03293650793650794,0.004816234001500786,0.5714285714285714,0.0,0.006175513683734363,0.3,0.05123456790123457,0.004061078622482131,0.7222222222222222,0.0,0.0,0.0,0.0,0.045280612244897954,0.004927642201144279,0.03671717171717172,0.005876913959644722,0.65,0.007638888888888889,0.009045985241922856,0.5625,0.0561026936026936,0.0037641997714593,0.7083333333333334,0.0,0.047619047619047616,0.0,0.03787878787878787,0.06383928571428571,0.003959553622433648
0.05,33,9.655952453613281e-06,524,0,0,0,1.0,0.0,0.0,0.0,0.0,1.0,0.0,0.0,0.0,0.0,1.0,0.0,0.0,0.0,0.0,1.0,1.0,1.0,1.0,1.0,1.0,1.0,1.0,1.0,1.0,1.0,0.024999999999999998,0.002712989957887917,0.39285714285714285,0.0,0.002040816326530612,0.1,0.03888888888888889,0.0030864197530864196,0.5555555555555556,0.0,0.07142857142857142,0.0,0.0,0.03125,0.001984126984126984,0.03555944055944056,0.006737325437701917,0.725,0.0,0.003936289189588878,0.1875,0.05926573426573426,0.008604682936443942,1.0833333333333333,0.0,0.19047619047619047,0.018229166666666664,0.09090909090909091,0.04711309523809524,0.0033123215420662695
0.05,34,9.387731552124023e-06,490,0,0,0,0.9285714285714286,0.03571428571428571,0.03571428571428571,0.0,0.0,1.0,0.0,0.0,0.0,0.0,0.8888888888888888,0.05555555555555555,0.05555555555555555,0.0,0.0,1.0,0.95,1.0,1.0,1.0,0.975,1.0,1.0,0.9947916666666667,0.9880952380952381,1.0,0.04107142857142857,0.009476992560922295,0.8928571428571429,0.005555555555555555,0.0,0.1,0.06080246913580248,0.014741988428101347,1.3333333333333333,0.0,0.14285714285714285,0.016666666666666666,0.07142857142857142,0.05272108843537415,0.00712753008214947,0.04628663003663004,0.00975388071805025,1.0,0.030006105006105004,0.008877551020408164,0.875,0.05714031339031339,0.01033810051647831,1.0833333333333333,0.007326007326007326,0.16666666666666666,0.015625,0.09090909090909091,0.10464285714285712,0.005788401638170164
0.05,35,6.556510925292969e-06,1177,0,0,0,0.9285714285714286,0.0,0.07142857142857142,0.0,0.0,1.0,0.0,0.0,0.0,0.0,0.8888888888888888,0.0,0.1111111111111111,0.0,0.0,1.0,0.975,1.0,1.0,1.0,0.95,1.0,1.0,1.0,0.9952380952380953,1.0,0.05773809523809524,0.009728537745779127,1.0714285714285714,0.0,0.0019230769230769232,0.1,0.08981481481481482,0.01406490486950257,1.6111111111111112,0.0,0.10714285714285714,0.0,0.0,0.07886904761904763,0.007920155241583812,0.09930264180264181,0.01758364911090799,2.0,0.029113247863247864,0.005221397714604236,0.75,0.14609557109557111,0.02582515004177716,2.8333333333333335,0.007936507936507936,0.19047619047619047,0.046875,0.045454545454545456,0.14726190476190476,0.013137691556809203
0.05,36,9.059906005859375e-06,692,0,0,0,1.0,0.0,0.0,0.0,0.0,1.0,0.0,0.0,0.0,0.0,1.0,0.0,0.0,0.0,0.0,1.0,1.0,1.0,1.0,1.0,1.0,1.0,1.0,1.0,1.0,1.0,0.03194444444444444,0.005872940232546144,0.6428571428571429,0.0,0.0,0.0,0.04969135802469135,0.009135684806182891,1.0,0.0,0.0,0.0,0.0,0.046130952380952384,0.005942172906458621,0.026717171717171716,0.006447383063594936,0.625,0.0,0.0,0.0,0.04452861952861953,0.010745638439324893,1.0416666666666667,0.0,0.047619047619047616,0.0,0.0,0.03898809523809524,0.006084654724360606
0.05,37,6.414949893951416e-06,524,0,0,0,1.0,0.0,0.0,0.0,0.0,1.0,0.0,0.0,0.0,0.0,1.0,0.0,0.0,0.0,0.0,1.0,1.0,1.0,1.0,1.0,1.0,1.0,1.0,0.9947916666666667,1.0,1.0,0.09098768295196867,0.011320983308140239,1.5,0.03333333333333333,0.006122448979591836,0.8,0.12301787718454385,0.014209057935111576,1.8888888888888888,0.06084656084656084,0.14285714285714285,0.03333333333333333,0.07142857142857142,0.13193027210884353,0.009541994984541568,0.09848498723498725,0.014321246871000018,1.8,0.007638888888888889,0.0,0.125,0.1590490527990528,0.02386874478500003,2.9166666666666665,0.038461538461538464,0.047619047619047616,0.02864583333333333,0.13636363636363635,0.1526190476190476,0.01184970182015132
0.05,38,9.104609489440918e-06,676,0,0,0,1.0,0.0,0.0,0.0,0.0,1.0,0.0,0.0,0.0,0.0,1.0,0.0,0.0,0.0,0.0,1.0,1.0,1.0,1.0,1.0,1.0,1.0,1.0,1.0,1.0,1.0,0.02896825396825397,0.0027605244996549345,0.4642857142857143,0.01111111111111111,0.002173913043478261,0.3,0.03888888888888889,0.0030864197530864196,0.5555555555555556,0.004629629629629629,0.0,0.0,0.0,0.03720238095238095,0.002795815295815296,0.059436813186813195,0.007255369047502393,1.1,0.040178571428571425,0.0065760869565217395,1.0,0.07227564102564103,0.007708223774822828,1.1666666666666667,0.0496031746031746,0.09523809523809523,0.018229166666666664,0.0606060606060606,0.10107142857142856,0.0048442633199649214
0.05,39,9.059906005859375e-06,621,0,0,0,0.9642857142857143,0.0,0.03571428571428571,0.0,0.0,1.0,0.0,0.0,0.0,0.0,0.9444444444444444,0.0,0.05555555555555555,0.0,0.0,1.0,0.925,1.0,1.0,1.0,1.0,1.0,1.0,0.9947916666666667,1.0,1.0,0.030357142857142857,0.006076321235895703,0.6428571428571429,0.0,0.002127659574468085,0.1,0.04722222222222222,0.008270022158911048,0.9444444444444444,0.0,0.0,0.0,0.0,0.0429421768707483,0.006160474525727604,0.034195804195804196,0.005668855172066734,0.675,0.0,0.0013297872340425532,0.0625,0.056993006993006995,0.00856156713074952,1.0833333333333333,0.0,0.047619047619047616,0.028645833333333332,0.0,0.04130952380952381,0.0052742263596482425
0.05,40,9.268522262573242e-06,1140,0,0,0,0.9642857142857143,0.0,0.03571428571428571,0.0,0.0,1.0,0.0,0.0,0.0,0.0,0.9444444444444444,0.0,0.05555555555555555,0.0,0.0,1.0,1.0,1.0,1.0,1.0,1.0,1.0,1.0,1.0,1.0,1.0,0.039880952380952385,0.006728919228919229,0.7857142857142857,0.0,0.0,0.0,0.062037037037037036,0.010467207689429912,1.2222222222222223,0.0,0.0,0.0,0.0,0.06101190476190477,0.00674238615415086,0.052815656565656566,0.010013307646730828,1.125,0.01111111111111111,0.003801020408163265,0.375,0.08061868686868687,0.014154832472442536,1.625,0.0,0.11904761904761904,0.010416666666666666,0.045454545454545456,0.08735119047619047,0.00821276967531214
0.05,41,7.18235969543457e-06,914,0,0,0,1.0,0.0,0.0,0.0,0.0,1.0,0.0,0.0,0.0,0.0,1.0,0.0,0.0,0.0,0.0,1.0,1.0,1.0,1.0,1.0,1.0,1.0,1.0,0.9947916666666667,0.9976190476190476,1.0,0.050072150072150066,0.004581529581529581,0.7142857142857143,0.0,0.0,0.0,0.07789001122334455,0.00712682379349046,1.1111111111111112,0.037037037037037035,0.0,0.016666666666666666,0.07142857142857142,0.06398809523809525,0.003968253968253968,0.04550532800532801,0.0057735042735042735,0.8,0.017857142857142856,0.00375,0.4375,0.06393745143745143,0.007122507122507123,1.0416666666666667,0.06776556776556776,0.09523809523809523,0.010416666666666666,0.045454545454545456,0.06666666666666668,0.004409297052154195
0.05,42,7.867813110351562e-06,357,0,0,0,1.0,0.0,0.0,0.0,0.0,1.0,0.0,0.0,0.0,0.0,1.0,0.0,0.0,0.0,0.0,1.0,1.0,1.0,1.0,1.0,1.0,1.0,1.0,1.0,1.0,1.0,0.035515873015873015,0.0052739377680308406,0.6428571428571429,0.0,0.0,0.0,0.055246913580246915,0.008203903194714639,1.0,0.0,0.03571428571428571,0.0,0.0,0.05123299319727891,0.004682829832465158,0.0685897435897436,0.010861599477029844,1.325,0.030555555555555555,0.01436335403726708,1.1875,0.09394586894586894,0.008527096436871688,1.4166666666666667,0.007478632478632478,0.11904761904761904,0.031249999999999997,0.0,0.1125595238095238,0.009083166507496524
0.05,43,5.9604644775390625e-06,615,0,0,0,0.9642857142857143,0.0,0.03571428571428571,0.0,0.0,1.0,0.0,0.0,0.0,0.0,0.9444444444444444,0.0,0.05555555555555555,0.0,0.0,1.0,0.975,1.0,1.0,1.0,0.975,1.0,1.0,1.0,1.0,1.0,0.0,0.0,0.0,0.0,0.0,0.0,0.0,0.0,0.0,0.0,0.0,0.0,0.0,0.0,0.0,0.028589743589743588,0.003049169859514687,0.4,0.0,0.0,0.0,0.04764957264957265,0.005081949765857812,0.6666666666666666,0.0,0.0,0.041666666666666664,0.045454545454545456,0.04357142857142857,0.0018353344768439108
0.05,44,9.655952453613281e-06,1104,0,0,0,1.0,0.0,0.0,0.0,0.0,1.0,0.0,0.0,0.0,0.0,1.0,0.0,0.0,0.0,0.0,1.0,1.0,1.0,1.0,1.0,1.0,1.0,1.0,1.0,1.0,1.0,0.029365079365079365,0.0026455026455026454,0.42857142857142855,0.0,0.0,0.0,0.04567901234567901,0.004115226337448559,0.6666666666666666,0.0,0.0,0.0,0.0,0.04081632653061224,0.0026455026455026454,0.047197420634920634,0.00716219667943806,0.875,0.031882440476190474,0.0025,0.625,0.05740740740740741,0.010270327799063431,1.0416666666666667,0.007936507936507936,0.047619047619047616,0.036458333333333336,0.045454545454545456,0.09464285714285713,0.0055438741153026865
0.05,45,8.404254913330078e-06,662,0,0,0,0.9642857142857143,0.0,0.03571428571428571,0.0,0.0,1.0,0.0,0.0,0.0,0.0,0.9444444444444444,0.0,0.05555555555555555,0.0,0.0,1.0,0.9,1.0,1.0,1.0,0.975,1.0,1.0,1.0,1.0,1.0,0.03095238095238095,0.006294471811713191,0.6428571428571429,0.0,0.0,0.0,0.04814814814814814,0.009791400595998296,1.0,0.0,0.07142857142857142,0.0,0.0,0.03720238095238095,0.005172902494331065,0.05162563131313132,0.013698436026980731,1.3,0.02717013888888889,0.010390093537414966,0.9375,0.06792929292929294,0.015903997686691245,1.5416666666666667,0.0,0.09523809523809523,0.018229166666666664,0.11363636363636363,0.0862797619047619,0.010707241401490698
0.05,46,9.104609489440918e-06,453,0,0,0,0.9642857142857143,0.0,0.03571428571428571,0.0,0.0,1.0,0.0,0.0,0.0,0.0,0.9444444444444444,0.0,0.05555555555555555,0.0,0.0,1.0,0.975,1.0,1.0,1.0,0.975,1.0,1.0,1.0,0.9976190476190476,1.0,0.0584750566893424,0.010101883060140773,1.0714285714285714,0.0,0.0,0.0,0.09096119929453261,0.015714040315774537,1.6666666666666667,0.0,0.07142857142857142,0.0,0.0,0.07623299319727891,0.009035485539244936,0.08330683205683206,0.013940459567193123,1.55,0.004464285714285714,0.0,0.0625,0.1358685296185296,0.023234099278655204,2.5416666666666665,0.003663003663003663,0.09523809523809523,0.015625,0.10606060606060605,0.12002976190476189,0.0115360530076635
0.05,47,8.64267349243164e-06,985,0,0,0,0.9642857142857143,0.0,0.03571428571428571,0.0,0.0,1.0,0.0,0.0,0.0,0.0,0.9444444444444444,0.0,0.05555555555555555,0.0,0.0,1.0,0.975,1.0,1.0,1.0,0.975,1.0,1.0,1.0,0.9976190476190476,1.0,0.0,0.0,0.0,0.0,0.0,0.0,0.0,0.0,0.0,0.0,0.0,0.0,0.0,0.0,0.0,0.016106150793650794,0.007196853741496599,0.6,0.04026537698412699,0.017992134353741498,1.5,0.0,0.0,0.0,0.003663003663003663,0.14285714285714285,0.0078125,0.022727272727272728,0.06190476190476189,0.004378676035210989
0.05,48,9.000301361083984e-06,382,0,0,0,0.9642857142857143,0.0,0.03571428571428571,0.0,0.0,1.0,0.0,0.0,0.0,0.0,0.9444444444444444,0.0,0.05555555555555555,0.0,0.0,1.0,0.975,1.0,1.0,1.0,0.975,1.0,1.0,1.0,1.0,1.0,0.006222943722943723,0.0013756419662509169,0.14285714285714285,0.0,0.002127659574468085,0.1,0.009680134680134681,0.0009578544061302681,0.16666666666666666,0.0,0.0,0.0,0.0,0.009920634920634922,0.0014463283308511856,0.022133838383838388,0.004965412430562834,0.55,0.03194444444444444,0.010258358662613981,1.0,0.015593434343434341,0.0014367816091954023,0.25,0.004273504273504273,0.023809523809523808,0.010416666666666666,0.01515151515151515,0.05444444444444444,0.004203919193297957
0.05,49,9.98377799987793e-06,1066,0,0,0,0.9642857142857143,0.0,0.03571428571428571,0.0,0.0,1.0,0.0,0.0,0.0,0.0,0.9444444444444444,0.0,0.05555555555555555,0.0,0.0,1.0,0.975,1.0,1.0,1.0,0.975,1.0,1.0,1.0,1.0,1.0,0.04642857142857142,0.01289332132928192,1.1428571428571428,0.0,0.0,0.0,0.07222222222222222,0.020056277623327432,1.7777777777777777,0.0,0.14285714285714285,0.0125,0.0,0.051658163265306124,0.011162415626701342,0.05899184149184149,0.012854739699146297,1.325,0.004166666666666667,0.0,0.0625,0.09554195804195804,0.021424566165243828,2.1666666666666665,0.01282051282051282,0.14285714285714285,0.04427083333333333,0.0,0.07068452380952381,0.011207711827162436
0.1,0,8.404254913330078e-06,1450,0,0,0,0.9642857142857143,0.0,0.03571428571428571,0.0,0.0,1.0,0.0,0.0,0.0,0.0,0.9444444444444444,0.0,0.05555555555555555,0.0,0.0,1.0,1.0,1.0,1.0,1.0,1.0,1.0,1.0,0.9895833333333333,1.0,1.0,0.1078347247990105,0.010863927161682932,1.6785714285714286,0.0,0.004096989966555184,0.2,0.16774290524290525,0.014623336714531683,2.5,0.037037037037037035,0.0,0.10833333333333332,0.14285714285714285,0.13292233560090702,0.009050133206795872,0.12752178377178378,0.013423840532702893,2.15,0.0498015873015873,0.010330093366778148,1.3125,0.17933524808524812,0.015486338643319395,2.7083333333333335,0.07203907203907203,0.14285714285714285,0.09114583333333333,0.09848484848484848,0.18887896825396822,0.009880662521418823
0.1,1,9.47713851928711e-06,956,0,0,0,0.8928571428571429,0.0,0.07142857142857142,0.0,0.03571428571428571,0.9,0.0,0.0,0.0,0.1,0.8888888888888888,0.0,0.1111111111111111,0.0,0.0,1.0,0.825,1.0,1.0,1.0,0.925,1.0,1.0,0.9947916666666667,1.0,1.0,0.14107362642026508,0.010591211389083728,2.142857142857143,0.047058823529411764,0.010638297872340425,1.3,0.19330407247073916,0.010565052231718898,2.611111111111111,0.009259259259259259,0.07142857142857142,0.08333333333333333,0.0,0.20698696145124718,0.0076223840758724475,0.1624167621594092,0.014984097061934886,2.6,0.06417214321626086,0.012825406758448059,1.625,0.22791317478817477,0.0164232239309261,3.25,0.03571428571428571,0.14285714285714285,0.13802083333333331,0.09090909090909091,0.26075396825396824,0.010636245552321866
0.1,2,8.761882781982422e-06,887,0,0,0,0.8571428571428571,0.0,0.14285714285714285,0.0,0.0,0.9,0.0,0.1,0.0,0.0,0.8333333333333334,0.0,0.16666666666666666,0.0,0.0,1.0,0.925,1.0,1.0,1.0,0.925,1.0,1.0,0.9895833333333333,0.9940476190476191,1.0,0.06268681715110287,0.016073153836156734,1.5714285714285714,0.04444444444444444,0.004347826086956522,1.0,0.07282146865480199,0.022587224807934625,1.8888888888888888,0.009259259259259259,0.21428571428571427,0.0,0.10714285714285714,0.10487528344671201,0.012436602993687897,0.0647901751026751,0.01811050889313911,1.75,0.049243551587301586,0.009077087356681803,1.25,0.07515459077959079,0.024132789917443973,2.0833333333333335,0.022893772893772892,0.21428571428571427,0.013020833333333332,0.13636363636363635,0.11939484126984126,0.013661833281789059
0.1,3,9.47713851928711e-06,604,0,0,0,0.8928571428571429,0.0,0.07142857142857142,0.0,0.03571428571428571,1.0,0.0,0.0,0.0,0.0,0.8333333333333334,0.0,0.1111111111111111,0.0,0.05555555555555555,1.0,0.875,1.0,1.0,1.0,0.95,1.0,1.0,0.9479166666666667,0.980952380952381,1.0,0.11100030921459493,0.009160114262155078,1.5714285714285714,0.016666666666666666,0.002040816326530612,0.4,0.16340788840788842,0.013115279781946447,2.2222222222222223,0.0,0.07142857142857142,0.03333333333333333,0.0,0.1498015873015873,0.008604680343810778,0.13026751026751027,0.018344880946578414,2.375,0.05049603174603175,0.011486246672582074,1.375,0.18344849594849597,0.022917303795909307,3.0416666666666665,0.01648351648351648,0.19047619047619047,0.07656249999999999,0.18181818181818182,0.21849206349206346,0.013591439136933753
0.1,4,9.357929229736328e-06,594,0,0,0,0.9642857142857143,0.0,0.0,0.0,0.03571428571428571,1.0,0.0,0.0,0.0,0.0,0.9444444444444444,0.0,0.0,0.0,0.05555555555555555,1.0,0.925,1.0,1.0,1.0,1.0,1.0,1.0,1.0,1.0,1.0,0.060871469800041225,0.01065344600597828,1.1785714285714286,0.0,0.0038461538461538464,0.2,0.09468895302228635,0.014435274983658522,1.7222222222222223,0.09259259259259259,0.0,0.0,0.0,0.07113095238095238,0.01080119054474586,0.09209849178599179,0.016181812586306535,1.875,0.02781498015873016,0.011366645947676729,1.0,0.1349541662041662,0.019391923678726403,2.4583333333333335,0.0811965811965812,0.047619047619047616,0.046875,0.045454545454545456,0.11931547619047618,0.015609757434652437
0.1,5,7.808208465576172e-06,1704,0,0,0,0.8571428571428571,0.0,0.10714285714285714,0.0,0.03571428571428571,0.8,0.0,0.1,0.0,0.1,0.8888888888888888,0.0,0.1111111111111111,0.0,0.0,1.0,0.95,1.0,1.0,1.0,0.95,1.0,1.0,0.9625,0.9976190476190476,1.0,0.09466036414565826,0.011597923224888996,1.5714285714285714,0.0058823529411764705,0.008649398704902868,0.5,0.1439814814814815,0.01323599240265907,2.1666666666666665,0.0,0.14285714285714285,0.07916666666666666,0.0,0.11075680272108844,0.010394611848100222,0.13406254488975078,0.02517556203434984,2.85,0.07325732376283847,0.0294441416714697,2.5625,0.174599358974359,0.022329842276269937,3.0416666666666665,0.01221001221001221,0.2857142857142857,0.09635416666666666,0.0606060606060606,0.21946428571428572,0.020872579753014396
0.1,6,9.864568710327148e-06,875,0,0,0,0.9285714285714286,0.0,0.07142857142857142,0.0,0.0,0.9,0.0,0.1,0.0,0.0,0.9444444444444444,0.0,0.05555555555555555,0.0,0.0,1.0,0.925,1.0,1.0,1.0,0.975,1.0,1.0,0.9869791666666667,0.9976190476190476,1.0,0.059056384791678906,0.01259948850559505,1.3571428571428572,0.02682252388134741,0.007767722473604827,0.8,0.07696408529741865,0.01528380296781184,1.6666666666666667,0.08465608465608465,0.10714285714285714,0.0,0.0,0.09821428571428571,0.011456241374070574,0.08858569535040124,0.01424364157083024,1.85,0.06210137901314372,0.011430913502524755,1.5625,0.10624190624190626,0.016118793616367227,2.0416666666666665,0.0953907203907204,0.21428571428571427,0.03645833333333333,0.01515151515151515,0.15119047619047618,0.011088619490841006
0.1,7,9.000301361083984e-06,799,0,0,0,0.8928571428571429,0.0,0.03571428571428571,0.0,0.07142857142857142,1.0,0.0,0.0,0.0,0.0,0.8333333333333334,0.0,0.05555555555555555,0.0,0.1111111111111111,1.0,0.85,1.0,1.0,1.0,0.95,1.0,1.0,1.0,0.9952380952380953,1.0,0.14617862296433723,0.010574002021370443,2.0357142857142856,0.0,0.0,0.0,0.22738896905563571,0.016448447588798466,3.1666666666666665,0.1111111111111111,0.0,0.1375,0.0,0.1691326530612245,0.010607568079372591,0.16365467865467864,0.01534968270298151,2.55,0.03194444444444444,0.003992901508429458,0.75,0.2514615014615014,0.02292087016601621,3.75,0.0811965811965812,0.14285714285714285,0.0859375,0.13636363636363635,0.23440476190476192,0.011310667917339085
0.1,8,8.52346420288086e-06,654,0,0,0,0.9642857142857143,0.0,0.0,0.03571428571428571,0.0,1.0,0.0,0.0,0.0,0.0,0.9444444444444444,0.0,0.0,0.05555555555555555,0.0,0.975,0.925,1.0,1.0,0.975,1.0,1.0,1.0,1.0,1.0,1.0,0.07212301587301587,0.009887820578189403,1.2142857142857142,0.005555555555555555,0.006057774280280674,0.4,0.10910493827160495,0.012015624077027586,1.6666666666666667,0.0,0.07142857142857142,0.016666666666666666,0.0,0.09672619047619047,0.009436750890832523,0.15739597208347206,0.022956150133451408,2.925,0.04911954365079365,0.009087686077775593,1.25,0.2295802577052577,0.032201792837235295,4.041666666666667,0.0463980463980464,0.19047619047619047,0.08854166666666667,0.25,0.25089285714285714,0.017237662318360266
0.1,9,9.655952453613281e-06,725,0,0,0,0.8571428571428571,0.0,0.10714285714285714,0.0,0.03571428571428571,0.9,0.0,0.0,0.0,0.1,0.8333333333333334,0.0,0.16666666666666666,0.0,0.0,1.0,1.0,1.0,1.0,1.0,0.95,1.0,1.0,0.96875,1.0,1.0,0.10682888540031396,0.006768198732484447,1.6428571428571428,0.06039072039072039,0.0,1.0,0.1326278659611993,0.01052830913942025,2.0,0.03196649029982363,0.0,0.0,0.07142857142857142,0.18090986394557823,0.006119914943444355,0.15657925407925408,0.015717185108271622,2.675,0.09983211233211232,0.014938127424882996,2.3125,0.1944106819106819,0.016236556897197375,2.9166666666666665,0.04426129426129426,0.16666666666666666,0.09375,0.13636363636363635,0.25473214285714285,0.012727148718174477
0.1,10,9.894371032714844e-06,1148,0,0,0,0.9285714285714286,0.0,0.07142857142857142,0.0,0.0,1.0,0.0,0.0,0.0,0.0,0.8888888888888888,0.0,0.1111111111111111,0.0,0.0,1.0,0.975,1.0,1.0,1.0,0.95,1.0,1.0,0.9947916666666667,0.9976190476190476,1.0,0.08024634096062667,0.01624308591186994,1.7142857142857142,0.016666666666666666,0.0,0.3,0.11556838223504891,0.025267022529575463,2.5,0.018518518518518517,0.03571428571428571,0.016666666666666666,0.07142857142857142,0.11492346938775509,0.015143101288421485,0.1282994782994783,0.02695522124174503,2.825,0.03611111111111111,0.005434782608695652,0.875,0.18975838975838977,0.04130218033044462,4.125,0.028846153846153848,0.07142857142857142,0.078125,0.1515151515151515,0.19250000000000003,0.02472596867871813
0.1,11,9.775161743164062e-06,1328,0,0,0,0.9285714285714286,0.0,0.0,0.0,0.07142857142857142,1.0,0.0,0.0,0.0,0.0,0.8888888888888888,0.0,0.0,0.0,0.1111111111111111,1.0,1.0,1.0,1.0,1.0,1.0,1.0,1.0,0.9635416666666667,1.0,1.0,0.0840007215007215,0.010093799690072982,1.4285714285714286,0.0,0.002173913043478261,0.1,0.13066778900112233,0.014493736715958938,2.1666666666666665,0.0,0.07142857142857142,0.041666666666666664,0.10714285714285714,0.11224489795918367,0.008092016915546327,0.09062909312909313,0.016471572404176144,1.825,0.036950549450549444,0.011461736868660508,1.125,0.12641478891478894,0.019811462761186567,2.2916666666666665,0.01648351648351648,0.19047619047619047,0.041666666666666664,0.16666666666666666,0.16860119047619046,0.011476759375802652
0.1,12,9.5367431640625e-06,1157,0,0,0,0.9642857142857143,0.0,0.03571428571428571,0.0,0.0,1.0,0.0,0.0,0.0,0.0,0.9444444444444444,0.0,0.05555555555555555,0.0,0.0,1.0,0.875,1.0,1.0,1.0,0.95,1.0,1.0,0.9635416666666667,0.9461904761904761,1.0,0.044119769119769114,0.0106999481999482,1.0357142857142858,0.04166666666666667,0.011538461538461539,1.1,0.04548260381593715,0.010234107456329678,1.0,0.0,0.03571428571428571,0.06666666666666667,0.07142857142857142,0.04563492063492063,0.00962357525982976,0.09213623182373182,0.017988049422938183,1.975,0.032576884920634916,0.012738309997912206,1.125,0.13184246309246309,0.021487875706288833,2.5416666666666665,0.04212454212454212,0.09523809523809523,0.08854166666666666,0.11363636363636363,0.1384623015873016,0.014507608578220216
0.1,13,9.909272193908691e-06,1715,0,0,0,0.9285714285714286,0.0,0.0,0.0,0.07142857142857142,0.9,0.0,0.0,0.0,0.1,0.9444444444444444,0.0,0.0,0.0,0.05555555555555555,1.0,0.9,1.0,1.0,1.0,1.0,1.0,1.0,1.0,0.96,1.0,0.0885345804988662,0.011034842002887114,1.5714285714285714,0.06333333333333332,0.014285714285714285,1.7,0.10253527336860671,0.009228801845760908,1.5,0.00992063492063492,0.07142857142857142,0.08333333333333333,0.03571428571428571,0.1221513605442177,0.00985187624876681,0.13387168387168386,0.01490699530073289,2.3,0.08677312271062271,0.008829594337735093,1.8125,0.16527072464572465,0.01895859594273142,2.625,0.028235653235653232,0.14285714285714285,0.12083333333333333,0.1212121212121212,0.2291369047619048,0.010938773935793547
0.1,14,9.447336196899414e-06,741,0,0,0,0.8928571428571429,0.0,0.10714285714285714,0.0,0.0,1.0,0.0,0.0,0.0,0.0,0.8333333333333334,0.0,0.16666666666666666,0.0,0.0,1.0,0.925,1.0,1.0,1.0,0.95,1.0,1.0,0.9875,0.9652380952380952,1.0,0.07609800913372342,0.02359712067985032,2.0,0.0521978021978022,0.03164705882352942,2.3,0.08937590187590187,0.01912493282225083,1.8333333333333333,0.0,0.2857142857142857,0.059166666666666666,0.10714285714285714,0.14170918367346938,0.019521279142680894,0.09658306970806971,0.02282873861457945,2.2,0.02966269841269841,0.01398724707274214,1.125,0.14119665057165057,0.028723066309137662,2.9166666666666665,0.003663003663003663,0.23809523809523808,0.0390625,0.18181818181818182,0.17232142857142857,0.0173125913600558
0.1,15,8.434057235717773e-06,1626,0,0,0,0.9642857142857143,0.0,0.03571428571428571,0.0,0.0,1.0,0.0,0.0,0.0,0.0,0.9444444444444444,0.0,0.05555555555555555,0.0,0.0,1.0,0.975,1.0,1.0,1.0,1.0,1.0,1.0,0.9796875,0.9880952380952381,1.0,0.0924062049062049,0.0134383891103998,1.75,0.04722222222222222,0.006521739130434782,1.1,0.1175084175084175,0.017280972432602595,2.111111111111111,0.010802469135802469,0.07142857142857142,0.0375,0.03571428571428571,0.12585034013605442,0.012226814191099906,0.09405001248751249,0.01392096321558967,1.775,0.03847584706959707,0.011640093537414967,1.125,0.13109945609945609,0.015441543001039476,2.2083333333333335,0.020757020757020756,0.14285714285714285,0.0546875,0.13636363636363635,0.1682440476190476,0.009390691193569792
0.1,16,9.000301361083984e-06,1030,0,0,0,0.8571428571428571,0.0,0.14285714285714285,0.0,0.0,0.9,0.0,0.1,0.0,0.0,0.8333333333333334,0.0,0.16666666666666666,0.0,0.0,1.0,0.975,1.0,1.0,1.0,0.95,1.0,1.0,0.9432291666666667,0.9904761904761905,1.0,0.09623531230674087,0.016301632189138136,1.8928571428571428,0.026984126984126982,0.017883861236802412,1.3,0.13470819304152637,0.015422616051546871,2.2222222222222223,0.037037037037037035,0.07142857142857142,0.05416666666666666,0.03571428571428571,0.14136904761904762,0.015299760587428848,0.14316572316572318,0.020136368544505658,2.7,0.06284340659340659,0.01780558356285658,1.875,0.1967139342139342,0.021690225198938377,3.25,0.08485958485958485,0.14285714285714285,0.09895833333333331,0.06818181818181818,0.23008928571428572,0.017633825670615336
0.1,17,8.38935375213623e-06,739,0,0,0,1.0,0.0,0.0,0.0,0.0,1.0,0.0,0.0,0.0,0.0,1.0,0.0,0.0,0.0,0.0,1.0,0.925,1.0,1.0,1.0,0.925,1.0,1.0,1.0,1.0,1.0,0.07824675324675325,0.005208525462284861,1.0714285714285714,0.005555555555555555,0.0,0.1,0.11863075196408529,0.008102150719109783,1.6111111111111112,0.0,0.0,0.07916666666666665,0.0,0.09601757369614512,0.005281633571107255,0.14101204351204352,0.01407384478838688,2.325,0.03958333333333333,0.002717391304347826,0.8125,0.20863118363118363,0.02164481377774625,3.3333333333333335,0.029914529914529916,0.09523809523809523,0.16666666666666666,0.07575757575757575,0.18938492063492063,0.011406179561752317
0.1,18,8.314847946166992e-06,730,0,0,0,0.9285714285714286,0.0,0.07142857142857142,0.0,0.0,0.9,0.0,0.1,0.0,0.0,0.9444444444444444,0.0,0.05555555555555555,0.0,0.0,1.0,0.9,0.875,1.0,1.0,0.925,0.875,0.875,1.0,0.9976190476190476,1.0,0.03369021851164709,0.008584765444371355,0.8214285714285714,0.026984126984126982,0.002,0.5,0.03741582491582492,0.01224296846902211,1.0,0.005291005291005291,0.07142857142857142,0.0,0.07142857142857142,0.06448412698412698,0.007390306425931315,0.08935210622710624,0.016394177002651167,1.875,0.06220238095238095,0.007576530612244898,1.3125,0.10745192307692308,0.02227260792958868,2.25,0.020146520146520144,0.19047619047619047,0.08333333333333333,0.045454545454545456,0.1553769841269841,0.013822033100079022
0.1,19,8.106231689453125e-06,683,0,0,0,0.9642857142857143,0.0,0.03571428571428571,0.0,0.0,1.0,0.0,0.0,0.0,0.0,0.9444444444444444,0.0,0.05555555555555555,0.0,0.0,1.0,0.925,1.0,1.0,1.0,0.95,1.0,1.0,0.9739583333333333,0.9928571428571429,1.0,0.08992257742257743,0.00795771216689584,1.3214285714285714,0.007692307692307693,0.002040816326530612,0.2,0.13560606060606062,0.0112448765226543,1.9444444444444444,0.0,0.07142857142857142,0.05,0.0,0.13981009070294784,0.007303344803344803,0.12109296953046952,0.014066267180445647,2.05,0.03991433913308913,0.015524299393670513,1.375,0.17521205646205643,0.013094245704962405,2.5,0.059218559218559216,0.19047619047619047,0.1328125,0.022727272727272728,0.1624503968253968,0.010817039403173856
0.1,20,9.000301361083984e-06,899,0,0,0,0.8571428571428571,0.0,0.0,0.0,0.14285714285714285,1.0,0.0,0.0,0.0,0.0,0.7777777777777778,0.0,0.0,0.0,0.2222222222222222,1.0,0.925,1.0,1.0,1.0,1.0,1.0,1.0,1.0,1.0,1.0,0.10502087198515771,0.007929504358075786,1.4642857142857142,0.0,0.0,0.0,0.16336580086580085,0.01233478455700678,2.2777777777777777,0.12962962962962962,0.07142857142857142,0.025,0.07142857142857142,0.1140873015873016,0.006667461079225785,0.12018294205794207,0.01130328480661444,1.9,0.021031746031746033,0.0025,0.4375,0.1862837394087394,0.017172141344357402,2.875,0.11904761904761904,0.14285714285714285,0.0390625,0.13636363636363635,0.17140873015873015,0.008624904617254387
0.1,21,9.5367431640625e-06,1334,0,0,0,0.8214285714285714,0.03571428571428571,0.07142857142857142,0.0,0.07142857142857142,1.0,0.0,0.0,0.0,0.0,0.7222222222222222,0.05555555555555555,0.1111111111111111,0.0,0.1111111111111111,1.0,0.9,1.0,1.0,1.0,0.975,1.0,1.0,0.9947916666666667,0.9976190476190476,1.0,0.14650974025974026,0.014528007681646497,2.2857142857142856,0.01111111111111111,0.002,0.3,0.22173120089786755,0.02148801194922788,3.388888888888889,0.018518518518518517,0.07142857142857142,0.13333333333333336,0.10714285714285714,0.18324829931972791,0.012866491849595726,0.19661858974358976,0.023938440157093177,3.375,0.0359508547008547,0.00886935208866155,1.0,0.3037304131054131,0.03398449886938092,4.958333333333333,0.029304029304029304,0.19047619047619047,0.20312499999999997,0.18939393939393936,0.2734226190476191,0.019237710403576382
0.1,22,9.149312973022461e-06,761,0,0,0,0.9285714285714286,0.03571428571428571,0.03571428571428571,0.0,0.0,0.9,0.0,0.1,0.0,0.0,0.9444444444444444,0.05555555555555555,0.0,0.0,0.0,1.0,1.0,1.0,1.0,1.0,1.0,1.0,1.0,0.98125,1.0,1.0,0.05936147186147186,0.009306769769282686,1.1071428571428572,0.0,0.00196078431372549,0.1,0.09234006734006733,0.013387872800147796,1.6666666666666667,0.0,0.10714285714285714,0.041666666666666664,0.07142857142857142,0.06398809523809525,0.006922173631357304,0.11233606671106673,0.018831549798122602,2.3,0.0939083485958486,0.017805578753240424,2.3125,0.12462121212121212,0.019515530494710717,2.2916666666666665,0.015262515262515262,0.30952380952380953,0.057291666666666664,0.20454545454545456,0.21288690476190472,0.011098580516712
0.1,23,9.432435035705566e-06,1266,0,0,0,0.9285714285714286,0.0,0.03571428571428571,0.0,0.03571428571428571,0.9,0.0,0.0,0.0,0.1,0.9444444444444444,0.0,0.05555555555555555,0.0,0.0,1.0,0.95,1.0,1.0,1.0,1.0,1.0,1.0,1.0,0.9833333333333334,1.0,0.11217981365040189,0.01524490006525212,2.0,0.04723479135243841,0.006475485661424607,1.1,0.14826038159371493,0.020116796956267405,2.5,0.005291005291005291,0.14285714285714285,0.018333333333333333,0.0,0.17424886621315192,0.013924245822380292,0.1415387247556365,0.026290792567269537,3.025,0.12780757334985277,0.03633579235348163,3.75,0.1506928256928257,0.019594126043128143,2.5416666666666665,0.014652014652014652,0.3333333333333333,0.09479166666666666,0.1590909090909091,0.28015873015873016,0.019154854040553643
0.1,24,7.808208465576172e-06,812,0,0,0,0.8928571428571429,0.0,0.07142857142857142,0.0,0.03571428571428571,1.0,0.0,0.0,0.0,0.0,0.8333333333333334,0.0,0.1111111111111111,0.0,0.05555555555555555,1.0,0.975,1.0,1.0,0.95,0.9,1.0,1.0,0.971875,0.9928571428571429,1.0,0.1107975357975358,0.013908820686969487,1.8571428571428572,0.02205128205128205,0.00392156862745098,0.5,0.1601010101010101,0.019457294053368657,2.611111111111111,0.010582010582010581,0.17857142857142858,0.0,0.0,0.1982001133786848,0.012078670008917578,0.14728833666333668,0.021606146055187708,2.775,0.05238095238095238,0.006601597160603372,1.1875,0.21055992618492617,0.03160917865157726,3.8333333333333335,0.015873015873015872,0.21428571428571427,0.125,0.1515151515151515,0.20290674603174602,0.017268278419342496
0.1,25,7.167458534240723e-06,810,0,0,0,0.8928571428571429,0.0,0.10714285714285714,0.0,0.0,0.9,0.0,0.1,0.0,0.0,0.8888888888888888,0.0,0.1111111111111111,0.0,0.0,1.0,0.9,1.0,1.0,1.0,0.925,1.0,1.0,0.9625,1.0,1.0,0.1065914244485673,0.01482568725355495,1.8928571428571428,0.07412698412698412,0.02216326530612245,2.2,0.12462722462722464,0.010749255002128566,1.7222222222222223,0.01521164021164021,0.21428571428571427,0.07499999999999998,0.10714285714285714,0.148781179138322,0.010386447209164271,0.17448138666888666,0.029272435130023373,3.475,0.08272569444444444,0.03207481362110061,2.875,0.23565184815184814,0.02740418280263854,3.875,0.03083028083028083,0.2857142857142857,0.125,0.20454545454545456,0.26748015873015873,0.022445285233677555
0.1,26,8.64267349243164e-06,836,0,0,0,0.8214285714285714,0.0,0.07142857142857142,0.0,0.10714285714285714,1.0,0.0,0.0,0.0,0.0,0.7222222222222222,0.0,0.1111111111111111,0.0,0.16666666666666666,1.0,0.925,1.0,1.0,1.0,0.975,1.0,1.0,0.984375,1.0,1.0,0.1241780045351474,0.012351014655266664,1.8571428571428572,0.01825396825396825,0.0,0.3,0.1830246913580247,0.019212689463748142,2.7222222222222223,0.005291005291005291,0.14285714285714285,0.016666666666666666,0.0,0.18516156462585037,0.010566194613057458,0.1648398823398823,0.02464808276511323,3.0,0.03248626373626373,0.007577531012404962,0.875,0.25307562807562806,0.03602845060025208,4.416666666666667,0.019688644688644688,0.2619047619047619,0.07291666666666666,0.1590909090909091,0.24848214285714282,0.01905112757919334
0.1,27,7.3909759521484375e-06,918,0,0,0,0.9285714285714286,0.0,0.03571428571428571,0.0,0.03571428571428571,1.0,0.0,0.0,0.0,0.0,0.8888888888888888,0.0,0.05555555555555555,0.0,0.05555555555555555,1.0,0.975,1.0,1.0,1.0,0.975,1.0,1.0,1.0,0.9976190476190476,1.0,0.0785031436817151,0.005678708264915162,1.0,0.0,0.0,0.0,0.12211600128266793,0.008833546189868029,1.5555555555555556,0.0,0.07142857142857142,0.0,0.0,0.10916950113378686,0.0045351473922902496,0.13408185564435565,0.017561973056048126,2.325,0.03957093253968254,0.009114583333333334,1.0625,0.19708913771413772,0.023193566204524656,3.1666666666666665,0.01648351648351648,0.14285714285714285,0.026041666666666664,0.1590909090909091,0.23996031746031746,0.01365181187045782
0.1,28,9.417533874511719e-06,945,0,0,0,0.7857142857142857,0.03571428571428571,0.17857142857142858,0.0,0.0,0.9,0.1,0.0,0.0,0.0,0.7222222222222222,0.0,0.2777777777777778,0.0,0.0,1.0,0.875,1.0,1.0,1.0,0.925,1.0,1.0,0.934375,0.9916666666666667,1.0,0.10274117222646635,0.024520622547562997,2.392857142857143,0.06254901960784313,0.032550316077473475,2.6,0.12507014590347923,0.02005968169761273,2.2777777777777777,0.010802469135802469,0.30357142857142855,0.030833333333333334,0.17857142857142858,0.14491213151927437,0.018279537102473254,0.15154613768584357,0.024084823282365036,2.9,0.058285750197514904,0.01580615647045127,1.6875,0.21371972934472935,0.029603934490307553,3.7083333333333335,0.019688644688644688,0.2261904761904762,0.09374999999999999,0.20454545454545456,0.2544146825396825,0.017942729201986553
0.1,29,2.181529998779297e-05,2000,2,1,0,1.0,0.0,0.0,0.0,0.0,1.0,0.0,0.0,0.0,0.0,1.0,0.0,0.0,0.0,0.0,1.0,1.0,0.875,1.0,1.0,1.0,0.875,1.0,1.0,1.0,1.0,0.048511904761904756,0.0026218820861678,0.6428571428571429,0.005555555555555555,0.0,0.1,0.07237654320987655,0.004078483245149912,0.9444444444444444,0.0,0.0,0.0,0.0,0.07419217687074829,0.0026455026455026454,0.07659597347097347,0.008278388112058725,1.35,0.045978327228327225,0.009020475037841223,1.1875,0.09700773763273764,0.007783663494870391,1.4583333333333333,0.007936507936507936,0.14285714285714285,0.015625,0.06818181818181818,0.14904761904761904,0.005416698099828799
0.1,30,8.821487426757812e-06,1410,0,0,0,0.9642857142857143,0.0,0.03571428571428571,0.0,0.0,1.0,0.0,0.0,0.0,0.0,0.9444444444444444,0.0,0.05555555555555555,0.0,0.0,1.0,0.925,1.0,1.0,1.0,1.0,1.0,1.0,0.9973958333333333,1.0,1.0,0.0836038961038961,0.006943406178100056,1.3214285714285714,0.03888888888888888,0.006122448979591836,0.9,0.1084455667789001,0.007399493510604621,1.5555555555555556,0.00992063492063492,0.07142857142857142,0.025,0.0,0.14066043083900226,0.006309612287873157,0.1380128552003552,0.014293282267530572,2.275,0.036346726190476186,0.00887861394557823,1.0,0.20579027454027454,0.017903061148832132,3.125,0.036782661782661784,0.19047619047619047,0.10677083333333333,0.16666666666666666,0.21194444444444444,0.009763569747873745
0.1,31,8.761882781982422e-06,679,0,0,0,0.8571428571428571,0.0,0.14285714285714285,0.0,0.0,1.0,0.0,0.0,0.0,0.0,0.7777777777777778,0.0,0.2222222222222222,0.0,0.0,1.0,0.925,1.0,1.0,1.0,0.925,1.0,1.0,0.9520833333333334,1.0,1.0,0.11101137424666836,0.015481443032921673,2.0714285714285716,0.05032679738562092,0.004347826086956522,1.1,0.1447250280583614,0.02166678578068009,2.611111111111111,0.08465608465608465,0.07142857142857142,0.0225,0.07142857142857142,0.14951814058956917,0.014022700774489973,0.1362803617950677,0.02161436707426798,2.75,0.08194264885441357,0.013204194721366806,1.9375,0.17250550375550375,0.02722114864286876,3.2916666666666665,0.10989010989010989,0.14285714285714285,0.046875,0.13636363636363635,0.2107043650793651,0.018433842268645147
0.1,32,9.775161743164062e-06,818,0,0,0,0.8928571428571429,0.0,0.10714285714285714,0.0,0.0,1.0,0.0,0.0,0.0,0.0,0.8333333333333334,0.0,0.16666666666666666,0.0,0.0,1.0,0.95,1.0,1.0,1.0,0.95,1.0,1.0,0.9947916666666667,1.0,1.0,0.07035147392290249,0.019986743383073026,1.75,0.012698412698412698,0.00196078431372549,0.3,0.10238095238095238,0.030001165088266106,2.5555555555555554,0.00992063492063492,0.07142857142857142,0.0,0.07142857142857142,0.09842687074829932,0.018354635415055016,0.1087878787878788,0.026114295666200167,2.5,0.0369047619047619,0.0076096960523339766,0.9375,0.15670995670995672,0.03845069540877762,3.5416666666666665,0.04899267399267399,0.19047619047619047,0.03125,0.2424242424242424,0.18297619047619046,0.021500713841428726
0.1,33,9.655952453613281e-06,660,0,0,0,0.8214285714285714,0.0,0.07142857142857142,0.0,0.10714285714285714,0.8,0.0,0.0,0.0,0.2,0.8333333333333334,0.0,0.1111111111111111,0.0,0.05555555555555555,1.0,0.95,1.0,1.0,1.0,0.925,1.0,1.0,0.9817708333333333,1.0,1.0,0.09950396825396826,0.020109795710014294,2.107142857142857,0.034444444444444444,0.002173913043478261,0.7,0.13564814814814816,0.030074174969200975,2.888888888888889,0.042328042328042326,0.07142857142857142,0.0,0.10714285714285714,0.1335034013605442,0.01847402908327278,0.09227196414696415,0.021484513814460534,2.175,0.05148046398046398,0.005084185848252345,1.0625,0.11946629759129758,0.03241806579193266,2.9166666666666665,0.06288156288156288,0.09523809523809523,0.020833333333333332,0.09090909090909091,0.16130952380952382,0.019569101364725273
0.1,34,0.0021404623985290527,2000,1,0,0,0.8928571428571429,0.03571428571428571,0.07142857142857142,0.0,0.0,1.0,0.0,0.0,0.0,0.0,0.8333333333333334,0.05555555555555555,0.1111111111111111,0.0,0.0,1.0,0.925,1.0,1.0,1.0,1.0,1.0,1.0,0.9791666666666667,1.0,1.0,0.10335923996638283,0.012176090193331572,1.6428571428571428,0.028724053724053723,0.0,0.4,0.1448232323232323,0.018940584745182447,2.3333333333333335,0.029100529100529095,0.0,0.0,0.0,0.18041383219954651,0.012201582130588215,0.12736242923742921,0.013294921046949442,2.1,0.061504120879120876,0.00375,1.125,0.17126796814296816,0.01965820174491574,2.75,0.0612026862026862,0.047619047619047616,0.03645833333333333,0.045454545454545456,0.23108134920634918,0.012449653414068977
0.1,35,8.046627044677734e-06,986,0,0,0,0.8571428571428571,0.0,0.07142857142857142,0.0,0.07142857142857142,1.0,0.0,0.0,0.0,0.0,0.7777777777777778,0.0,0.1111111111111111,0.0,0.1111111111111111,1.0,1.0,1.0,1.0,1.0,0.925,1.0,1.0,0.984375,1.0,1.0,0.09932306255835667,0.012535259806903242,1.6785714285714286,0.011437908496732025,0.002127659574468085,0.3,0.14814814814814817,0.018317259936033885,2.4444444444444446,0.037037037037037035,0.14285714285714285,0.025,0.0,0.15306122448979592,0.01143651375207109,0.15933602141322728,0.027331592757494555,3.2,0.05290857528909,0.021723882372097773,1.875,0.23028765216265215,0.031070066347759075,4.083333333333333,0.029304029304029304,0.2857142857142857,0.11979166666666667,0.11363636363636363,0.2621130952380953,0.02208231824903131
0.1,36,2.0742416381835938e-05,2000,2,1,0,0.9642857142857143,0.0,0.0,0.0,0.03571428571428571,1.0,0.0,0.0,0.0,0.0,0.9444444444444444,0.0,0.0,0.0,0.05555555555555555,1.0,1.0,1.0,1.0,1.0,0.975,1.0,1.0,0.9739583333333333,0.9928571428571429,1.0,0.08119588744588745,0.010515287336539586,1.3214285714285714,0.005555555555555555,0.0058446455505279035,0.4,0.12321829405162739,0.013110088328768296,1.8333333333333333,0.023809523809523808,0.07142857142857142,0.016666666666666666,0.07142857142857142,0.10182823129251702,0.009408495367327177,0.06886120823620823,0.008375655055676483,1.125,0.011752136752136752,0.005112702062430323,0.4375,0.10693392255892255,0.010550957051173924,1.5833333333333333,0.01648351648351648,0.047619047619047616,0.010416666666666666,0.045454545454545456,0.10535714285714286,0.007726188174671916
0.1,37,9.715557098388672e-06,1213,0,0,0,0.8214285714285714,0.0,0.07142857142857142,0.0,0.10714285714285714,1.0,0.0,0.0,0.0,0.0,0.7222222222222222,0.0,0.1111111111111111,0.0,0.16666666666666666,1.0,0.95,1.0,1.0,1.0,0.925,1.0,1.0,0.9895833333333333,0.9880952380952381,1.0,0.09383285365428222,0.011103219352487299,1.5714285714285714,0.03816849816849817,0.00396078431372549,0.8,0.12475749559082892,0.01507123881846608,2.0,0.02667548500881834,0.07142857142857142,0.0225,0.07142857142857142,0.1247874149659864,0.009386749797082464,0.14217511655011655,0.015503025115428486,2.4,0.08124236874236873,0.010301577152600171,1.8125,0.1827969484219484,0.018970657090647366,2.7916666666666665,0.06807081807081806,0.19047619047619047,0.0671875,0.0606060606060606,0.2206547619047619,0.011957931420169172
0.1,38,9.581446647644043e-06,600,0,0,0,0.9285714285714286,0.03571428571428571,0.03571428571428571,0.0,0.0,0.9,0.1,0.0,0.0,0.0,0.9444444444444444,0.0,0.05555555555555555,0.0,0.0,1.0,1.0,1.0,1.0,1.0,0.975,1.0,1.0,0.9875,1.0,1.0,0.10075063825063825,0.009664597310517747,1.5714285714285714,0.04871794871794872,0.014045618247298918,1.4,0.12965768799102131,0.007230696790083763,1.6666666666666667,0.010582010582010581,0.14285714285714285,0.0,0.14285714285714285,0.19508219954648526,0.006189024049102863,0.1541557400932401,0.02118477726515265,2.9,0.09095219017094017,0.02205236714250918,2.5625,0.19629144004144006,0.020606384013581638,3.125,0.015415140415140412,0.2857142857142857,0.12239583333333331,0.20454545454545456,0.24929563492063495,0.013818883535992182
0.1,39,9.745359420776367e-06,562,0,0,0,0.9285714285714286,0.0,0.07142857142857142,0.0,0.0,1.0,0.0,0.0,0.0,0.0,0.8888888888888888,0.0,0.1111111111111111,0.0,0.0,1.0,0.925,1.0,1.0,1.0,1.0,1.0,1.0,0.9947916666666667,1.0,1.0,0.09845547776220046,0.006901356391152309,1.4642857142857142,0.046187603246426776,0.004081632653061224,0.9,0.1274931858265192,0.008467869578980691,1.7777777777777777,0.01675485008818342,0.0,0.0,0.03571428571428571,0.21370464852607712,0.006220027959158395,0.1274454467101526,0.014934447155865185,2.15,0.05247836314012785,0.014063777684987035,1.5,0.17742350242350238,0.01551489346978395,2.5833333333333335,0.04151404151404151,0.09523809523809523,0.0546875,0.16666666666666666,0.23367063492063492,0.010880169014971696
0.1,40,9.655952453613281e-06,746,0,0,0,0.8928571428571429,0.0,0.07142857142857142,0.0,0.03571428571428571,1.0,0.0,0.0,0.0,0.0,0.8333333333333334,0.0,0.1111111111111111,0.0,0.05555555555555555,1.0,1.0,1.0,1.0,1.0,1.0,1.0,1.0,0.9947916666666667,0.9976190476190476,1.0,0.13350468975468976,0.00927136059525222,1.8214285714285714,0.005555555555555555,0.0,0.1,0.20458754208754212,0.014422116481503454,2.7777777777777777,0.07936507936507936,0.07142857142857142,0.03333333333333333,0.07142857142857142,0.178358843537415,0.008041462505748219,0.1496586052836053,0.014378834184347678,2.4,0.02222222222222222,0.005186289189588879,0.625,0.23461619399119402,0.020507197514186875,3.5833333333333335,0.1137057387057387,0.09523809523809523,0.049479166666666664,0.1590909090909091,0.2049404761904762,0.011673980802443983
0.1,41,9.59634780883789e-06,1191,0,0,0,0.9642857142857143,0.0,0.03571428571428571,0.0,0.0,0.9,0.0,0.1,0.0,0.0,1.0,0.0,0.0,0.0,0.0,1.0,1.0,1.0,1.0,1.0,0.975,1.0,1.0,1.0,1.0,1.0,0.10536754328771136,0.00703509926487452,1.5357142857142858,0.07645047762694822,0.012418584455058617,1.8,0.1214325797659131,0.004044274159216688,1.3888888888888888,0.09788359788359788,0.125,0.0125,0.07142857142857142,0.2024518140589569,0.0035910892837080904,0.13469498842660607,0.01402638677876327,2.325,0.1295037325827767,0.018256073937438062,2.9375,0.13815582565582565,0.01120659533964674,1.9166666666666667,0.05326617826617827,0.2261904761904762,0.08333333333333333,0.13636363636363635,0.2818948412698413,0.008306407619885287
0.1,42,7.748603820800781e-06,927,0,0,0,0.8571428571428571,0.0,0.10714285714285714,0.0,0.03571428571428571,0.9,0.0,0.1,0.0,0.0,0.8333333333333334,0.0,0.1111111111111111,0.0,0.05555555555555555,1.0,0.85,1.0,1.0,1.0,0.925,1.0,1.0,0.9947916666666667,0.9876190476190476,1.0,0.10495660385366268,0.02117462842731724,2.1785714285714284,0.041176470588235294,0.023196790279479042,1.8,0.14039001122334457,0.020051205176116242,2.388888888888889,0.0,0.10714285714285714,0.03333333333333333,0.0,0.1376842403628118,0.01908001734427516,0.1229898247177659,0.022937210779745164,2.45,0.036846405228758164,0.021208286737451683,1.625,0.18041877104377102,0.024089826807940817,3.0,0.0,0.11904761904761904,0.07291666666666666,0.18181818181818182,0.17203373015873016,0.018484767593214674
0.1,43,9.834766387939453e-06,1130,0,0,0,0.7142857142857143,0.03571428571428571,0.21428571428571427,0.0,0.03571428571428571,1.0,0.0,0.0,0.0,0.0,0.5555555555555556,0.05555555555555555,0.3333333333333333,0.0,0.05555555555555555,1.0,0.8,1.0,1.0,1.0,0.925,1.0,1.0,0.90625,0.9642857142857143,1.0,0.21112914862914864,0.04085402804697177,4.214285714285714,0.019365079365079363,0.0019230769230769232,0.4,0.3176647426647426,0.06248233422691336,6.333333333333333,0.17195767195767195,0.0,0.04583333333333332,0.14285714285714285,0.29519557823129255,0.040036640197248154,0.2442169635919636,0.04534184868507089,5.025,0.07589285714285714,0.011821931950037539,1.8125,0.3564330345580345,0.0676884598417598,7.166666666666667,0.14728327228327226,0.14285714285714285,0.1171875,0.3181818181818182,0.37976190476190474,0.0394292487253186
0.1,44,9.357929229736328e-06,787,0,0,0,0.8214285714285714,0.07142857142857142,0.0,0.0,0.10714285714285714,1.0,0.0,0.0,0.0,0.0,0.7222222222222222,0.1111111111111111,0.0,0.0,0.16666666666666666,1.0,0.9,1.0,1.0,1.0,0.975,1.0,1.0,0.9739583333333333,0.9928571428571429,1.0,0.06063258636788049,0.010129015796717659,1.2142857142857142,0.022549019607843133,0.002173913043478261,0.5,0.08179012345679013,0.014548517326295104,1.6111111111111112,0.004629629629629629,0.0,0.0125,0.0,0.10012755102040816,0.010212989624754334,0.1011216663238722,0.015270108689887697,2.05,0.07766819067370538,0.014639483510795621,2.0,0.11675731675731675,0.01569052547594908,2.0833333333333335,0.018620268620268617,0.16666666666666666,0.033854166666666664,0.045454545454545456,0.16636904761904764,0.011825885983623916
0.1,45,7.510185241699219e-06,740,0,0,0,0.7857142857142857,0.0,0.21428571428571427,0.0,0.0,0.9,0.0,0.1,0.0,0.0,0.7222222222222222,0.0,0.2777777777777778,0.0,0.0,1.0,0.9,1.0,1.0,1.0,0.9,1.0,1.0,0.9354166666666667,0.9857142857142858,1.0,0.10897108843537416,0.012756322624743677,1.8571428571428572,0.02777777777777778,0.011538461538461539,1.0,0.15407848324514992,0.013432912117122645,2.3333333333333335,0.004629629629629629,0.03571428571428571,0.043333333333333335,0.07142857142857142,0.21322278911564624,0.011689036253862183,0.14761596042846042,0.021138178396904586,2.75,0.04383680555555555,0.015024038461538462,1.4375,0.21680206367706367,0.025214271687148664,3.625,0.041666666666666664,0.07142857142857142,0.09999999999999999,0.18181818181818182,0.23461309523809523,0.016786466334785664
0.1,46,8.940696716308594e-06,816,0,0,0,0.9642857142857143,0.0,0.0,0.0,0.03571428571428571,1.0,0.0,0.0,0.0,0.0,0.9444444444444444,0.0,0.0,0.0,0.05555555555555555,1.0,0.975,1.0,1.0,1.0,0.975,0.875,1.0,0.9739583333333333,0.9904761904761905,1.0,0.11652107812822099,0.013179388526191202,1.9285714285714286,0.012698412698412698,0.0,0.2,0.17420033670033672,0.020501271040741873,2.888888888888889,0.005291005291005291,0.14285714285714285,0.0125,0.03571428571428571,0.16262755102040818,0.011419636619216451,0.11701420107670109,0.01721731615070058,2.225,0.052067116910866906,0.0038531037414965986,1.0,0.1603122571872572,0.026126791090169906,3.0416666666666665,0.014804639804639804,0.11904761904761904,0.078125,0.045454545454545456,0.1724404761904762,0.014239264080967743
0.1,47,6.67572021484375e-06,1063,0,0,0,0.9285714285714286,0.0,0.07142857142857142,0.0,0.0,1.0,0.0,0.0,0.0,0.0,0.8888888888888888,0.0,0.1111111111111111,0.0,0.0,1.0,0.975,1.0,1.0,1.0,0.975,1.0,1.0,0.9947916666666667,0.9785714285714286,1.0,0.12645757020757023,0.011527236602266613,2.0714285714285716,0.06324786324786325,0.008083233293317327,1.4,0.16157407407407406,0.013440571773905109,2.4444444444444446,0.02204585537918871,0.14285714285714285,0.06666666666666667,0.0,0.1913265306122449,0.010423108058031592,0.17971254440004442,0.02720031178821678,3.525,0.11598080738705739,0.02975551090001218,3.3125,0.2222003690753691,0.025496845713686517,3.6666666666666665,0.05586080586080586,0.19047619047619047,0.13645833333333335,0.22727272727272727,0.2767857142857143,0.02100993896473117
0.1,48,7.748603820800781e-06,1013,0,0,0,0.8928571428571429,0.0,0.07142857142857142,0.0,0.03571428571428571,1.0,0.0,0.0,0.0,0.0,0.8333333333333334,0.0,0.1111111111111111,0.0,0.05555555555555555,0.975,0.9,1.0,1.0,1.0,1.0,1.0,1.0,0.9739583333333333,1.0,1.0,0.11266824911782895,0.009777262976420597,1.6071428571428572,0.011437908496732025,0.0,0.2,0.1689073272406606,0.015209075741098707,2.388888888888889,0.0,0.10714285714285714,0.125,0.03571428571428571,0.13137755102040816,0.007935657168850446,0.17069306714527302,0.025979503862673038,3.25,0.09373198798750271,0.024559299263183534,2.6875,0.22200045325045326,0.026926306928999375,3.625,0.015415140415140414,0.21428571428571427,0.15364583333333331,0.20454545454545456,0.2830059523809524,0.01920679881472444
0.1,49,0.0015493333339691162,2000,2,1,0,0.8928571428571429,0.0,0.10714285714285714,0.0,0.0,1.0,0.0,0.0,0.0,0.0,0.8333333333333334,0.0,0.16666666666666666,0.0,0.0,1.0,1.0,1.0,1.0,1.0,0.95,1.0,1.0,0.984375,1.0,1.0,0.09309807256235827,0.008053843890487385,1.4285714285714286,0.01111111111111111,0.0,0.2,0.1386463844797178,0.012528201607424821,2.111111111111111,0.09259259259259259,0.0,0.0725,0.03571428571428571,0.11075680272108844,0.007391178129048748,0.1586962343212343,0.02152458678767418,2.9,0.01939102564102564,0.0012254901960784314,0.375,0.25156637344137345,0.03505731784873802,4.583333333333333,0.11538461538461539,0.047619047619047616,0.1703125,0.2196969696969697,0.1936607142857143,0.018687930844076793
0.15,0,8.672475814819336e-06,899,0,0,0,0.7142857142857143,0.0,0.10714285714285714,0.0,0.17857142857142858,0.9,0.0,0.0,0.0,0.1,0.6111111111111112,0.0,0.16666666666666666,0.0,0.2222222222222222,1.0,0.85,1.0,1.0,1.0,0.9,1.0,1.0,0.9661458333333333,0.986904761904762,1.0,0.16268681715110286,0.029668678269849386,3.1785714285714284,0.012222222222222221,0.0,0.2,0.24627825877825874,0.0461512773086546,4.833333333333333,0.0,0.14285714285714285,0.06666666666666667,0.14285714285714285,0.236890589569161,0.026663453392341108,0.19710577616827615,0.043079246363609776,4.475,0.09665273962148963,0.03228861381509125,3.0625,0.2640744671994672,0.050273001395955454,5.416666666666667,0.003663003663003663,0.23809523809523808,0.12760416666666666,0.25,0.3495436507936508,0.03704648958343592
0.15,1,9.47713851928711e-06,990,0,0,0,0.6785714285714286,0.0,0.14285714285714285,0.07142857142857142,0.10714285714285714,0.9,0.0,0.0,0.0,0.1,0.5555555555555556,0.0,0.2222222222222222,0.1111111111111111,0.1111111111111111,0.925,0.875,1.0,1.0,0.925,0.85,1.0,1.0,0.9614583333333333,0.9345238095238095,1.0,0.21780342673199815,0.030997106797599407,3.857142857142857,0.06324786324786325,0.014285714285714285,1.7,0.3036676286676287,0.0402812137486467,5.055555555555555,0.011463844797178132,0.35714285714285715,0.15,0.10714285714285714,0.29760487528344676,0.026334974211298653,0.24877931096681097,0.03806132427744124,4.7,0.10730597527472527,0.02321811876924683,2.8125,0.34309486809486806,0.04795679461623751,5.958333333333333,0.027472527472527472,0.42857142857142855,0.15885416666666666,0.25,0.3907638888888889,0.028236707937533724
0.15,2,9.357929229736328e-06,1860,0,0,0,0.5714285714285714,0.03571428571428571,0.17857142857142858,0.0,0.21428571428571427,0.7,0.0,0.0,0.0,0.3,0.5,0.05555555555555555,0.2777777777777778,0.0,0.16666666666666666,1.0,0.9,1.0,1.0,0.975,0.925,1.0,1.0,0.9583333333333333,0.980952380952381,1.0,0.2657731799013311,0.044489784730974334,5.178571428571429,0.11467356173238526,0.03015334829584007,3.3,0.34971741221741215,0.052454471639382244,6.222222222222222,0.03571428571428571,0.5,0.10999999999999999,0.21428571428571427,0.40066609977324263,0.036648415661237124,0.2597817215464274,0.04272620327701476,5.125,0.1314179998922646,0.03316150645040625,3.6875,0.345357535982536,0.04910266782808711,6.083333333333333,0.03281440781440781,0.47619047619047616,0.17291666666666666,0.22727272727272727,0.4215972222222223,0.03368969045975292
0.15,3,8.58306884765625e-06,999,0,0,0,0.6785714285714286,0.0,0.14285714285714285,0.0,0.17857142857142858,1.0,0.0,0.0,0.0,0.0,0.5,0.0,0.2222222222222222,0.0,0.2777777777777778,1.0,0.95,1.0,1.0,1.0,0.925,1.0,1.0,0.9135416666666667,0.9628571428571429,1.0,0.2559343434343434,0.01995025371044683,3.607142857142857,0.0526984126984127,0.006475485661424607,1.2,0.36884319384319386,0.027436235959903618,4.944444444444445,0.024691358024691357,0.16071428571428573,0.11666666666666665,0.21428571428571427,0.377735260770975,0.015205497268555856,0.25424218142968147,0.031668289192311405,4.275,0.07041647588522588,0.01826380268805024,2.0,0.3767926517926518,0.04060461352848551,5.791666666666667,0.04212454212454212,0.27380952380952384,0.13906249999999998,0.38636363636363635,0.4042757936507936,0.022643650697156008
0.15,4,7.987022399902344e-06,730,0,0,0,0.7142857142857143,0.07142857142857142,0.21428571428571427,0.0,0.0,0.8,0.0,0.2,0.0,0.0,0.6666666666666666,0.1111111111111111,0.2222222222222222,0.0,0.0,1.0,0.875,1.0,1.0,1.0,0.875,1.0,1.0,0.9614583333333333,0.9833333333333334,1.0,0.25461025319218594,0.021293876048365707,4.0,0.15770308123249302,0.017252543940795558,3.5,0.3084475709475709,0.02353906055257134,4.277777777777778,0.318342151675485,0.21428571428571427,0.0975,0.0,0.3494189342403628,0.0178679125045362,0.2978238999562529,0.025156934672672417,4.65,0.14228962418300653,0.014283283618720383,3.0,0.40151341713841715,0.0324060353753071,5.75,0.3052503052503053,0.2619047619047619,0.17291666666666666,0.09090909090909091,0.415843253968254,0.020628810510967023
0.15,5,9.715557098388672e-06,930,0,0,0,0.5357142857142857,0.07142857142857142,0.35714285714285715,0.0,0.03571428571428571,0.5,0.0,0.5,0.0,0.0,0.5555555555555556,0.1111111111111111,0.2777777777777778,0.0,0.05555555555555555,1.0,0.925,0.875,1.0,1.0,0.875,1.0,1.0,0.7822916666666666,0.9738095238095238,1.0,0.30914120893112484,0.0602774703007247,6.464285714285714,0.21234863176039642,0.1070257921143267,8.6,0.36291486291486286,0.03430618040427916,5.277777777777778,0.15145502645502643,0.5714285714285714,0.145,0.39285714285714285,0.43553004535147394,0.04652442804853339,0.32701912874706995,0.05772653326595738,6.7,0.20739165858651154,0.08237766251451836,7.3125,0.4067707755207755,0.04129244710025005,6.291666666666667,0.16605616605616605,0.42857142857142855,0.1984375,0.3939393939393939,0.4465079365079365,0.04446073438472685
0.15,6,9.566545486450195e-06,690,0,0,0,0.7142857142857143,0.03571428571428571,0.14285714285714285,0.0,0.10714285714285714,0.8,0.0,0.2,0.0,0.0,0.6666666666666666,0.05555555555555555,0.1111111111111111,0.0,0.16666666666666666,1.0,0.9,1.0,1.0,1.0,0.975,1.0,1.0,0.9625,0.9904761904761905,1.0,0.18381302987395423,0.020349869376457348,3.0714285714285716,0.12299899446958269,0.022449257223703546,3.1,0.2175986050986051,0.019183542794653903,3.0555555555555554,0.08223104056437389,0.07142857142857142,0.025,0.07142857142857142,0.34734977324263033,0.01970209556406826,0.23470208100722809,0.03081469471374503,4.4,0.1934962045715722,0.03133211118628765,4.625,0.2621726652976653,0.03046975039871662,4.25,0.11767399267399266,0.23809523809523808,0.0859375,0.29545454545454547,0.440704365079365,0.023939896073168994
0.15,7,9.432435035705566e-06,983,0,0,0,0.7857142857142857,0.0,0.10714285714285714,0.0,0.10714285714285714,0.8,0.0,0.1,0.0,0.1,0.7777777777777778,0.0,0.1111111111111111,0.0,0.1111111111111111,0.975,0.9,1.0,1.0,0.95,0.85,1.0,1.0,0.9333333333333333,0.9666666666666666,1.0,0.2166341245122758,0.03277703242213782,4.178571428571429,0.19845866551748903,0.03710614680654871,4.9,0.22673160173160176,0.030371968875242888,3.7777777777777777,0.048721340388007045,0.42857142857142855,0.08666666666666666,0.10714285714285714,0.3476899092970521,0.027667540864301777,0.2499835336232395,0.034576407881921456,4.725,0.20948004201680673,0.034293282530403466,4.875,0.27698586136086134,0.034765158116266785,4.625,0.05753968253968253,0.38095238095238093,0.2192708333333333,0.11363636363636363,0.39552579365079366,0.02916156314981021
0.15,8,5.3942203521728516e-05,2000,1,0,0,0.7857142857142857,0.0,0.17857142857142858,0.0,0.03571428571428571,0.9,0.0,0.1,0.0,0.0,0.7222222222222222,0.0,0.2222222222222222,0.0,0.05555555555555555,1.0,0.825,1.0,1.0,1.0,0.825,1.0,1.0,0.9,0.9280952380952381,1.0,0.22830420046806602,0.024278054819249856,3.6785714285714284,0.04477124183006536,0.010695652173913044,1.3,0.3302669552669553,0.031823834066659194,5.0,0.005291005291005291,0.21428571428571427,0.2516666666666667,0.07142857142857142,0.2889455782312926,0.02194520676052088,0.24758440497411086,0.03305084722125372,4.55,0.11202315862242333,0.02702919754858465,3.125,0.33795856920856915,0.03706528033636642,5.5,0.03724053724053724,0.3333333333333333,0.29427083333333337,0.16666666666666666,0.3138988095238095,0.02716346316036216
0.15,9,8.463859558105469e-06,1367,0,0,0,0.7142857142857143,0.0,0.14285714285714285,0.0,0.14285714285714285,0.7,0.0,0.0,0.0,0.3,0.7222222222222222,0.0,0.2222222222222222,0.0,0.05555555555555555,0.975,0.9,1.0,1.0,1.0,0.95,1.0,1.0,0.8723958333333333,0.9238095238095239,1.0,0.28135089117231976,0.03935490010749258,5.107142857142857,0.1675335775335775,0.030434782608695653,4.3,0.3445827320827321,0.04431052094015754,5.555555555555555,0.055114638447971785,0.32142857142857145,0.09999999999999999,0.14285714285714285,0.420422335600907,0.03476137945048846,0.24451649045399043,0.03322298777087197,4.5,0.13660809676434676,0.030673225812063956,3.6875,0.31645541958041956,0.03492282907674398,5.041666666666667,0.04426129426129426,0.30952380952380953,0.09374999999999999,0.36363636363636365,0.41111111111111115,0.025303270232341312
0.15,10,9.894371032714844e-06,1264,0,0,0,0.7142857142857143,0.0,0.10714285714285714,0.0,0.17857142857142858,0.9,0.0,0.0,0.0,0.1,0.6111111111111112,0.0,0.16666666666666666,0.0,0.2222222222222222,1.0,0.825,1.0,1.0,1.0,0.925,1.0,1.0,0.9739583333333333,0.9519047619047619,1.0,0.2146311554925,0.0315980444175662,4.0,0.08839869281045752,0.029600790006460136,2.9,0.284760301426968,0.032707630201514015,4.611111111111111,0.018518518518518517,0.32142857142857145,0.23583333333333334,0.14285714285714285,0.271952947845805,0.02628330387685863,0.214158213110419,0.02788830232621225,3.85,0.08620375233426704,0.01663105124993141,2.1875,0.29946118696118695,0.03539313637706614,4.958333333333333,0.020757020757020756,0.38095238095238093,0.20416666666666666,0.13636363636363635,0.30182539682539683,0.02078683816681533
0.15,11,7.271766662597656e-06,1214,0,0,0,0.6071428571428571,0.03571428571428571,0.32142857142857145,0.0,0.03571428571428571,0.6,0.1,0.3,0.0,0.0,0.6111111111111112,0.0,0.3333333333333333,0.0,0.05555555555555555,1.0,0.8,1.0,1.0,1.0,0.85,1.0,1.0,0.871875,0.9166666666666667,1.0,0.24937334490905919,0.04664729262516219,5.035714285714286,0.12173382173382175,0.0274353219548689,3.2,0.3202841911175245,0.057320609664214005,6.055555555555555,0.12081128747795414,0.42857142857142855,0.16666666666666666,0.07142857142857142,0.36500850340136054,0.04013136671924976,0.25418203324453326,0.04413516389889534,5.1,0.14922828907203906,0.02850111783843972,3.75,0.324151196026196,0.054557861272532426,6.0,0.11507936507936509,0.42857142857142855,0.1328125,0.25,0.4363392857142857,0.03482484144877152
0.15,12,0.00014132261276245117,2000,2,1,0,0.8214285714285714,0.07142857142857142,0.07142857142857142,0.0,0.03571428571428571,1.0,0.0,0.0,0.0,0.0,0.7222222222222222,0.1111111111111111,0.1111111111111111,0.0,0.05555555555555555,1.0,0.975,0.75,0.75,1.0,0.925,0.875,0.875,0.953125,0.9738095238095238,1.0,0.15788536859965427,0.0215966701703163,2.7142857142857144,0.05047008547008547,0.006347826086956522,1.1,0.2175605258938592,0.03006825021662729,3.611111111111111,0.004629629629629629,0.03571428571428571,0.04583333333333332,0.17857142857142858,0.2863378684807256,0.01914381443455132,0.17937340437340438,0.025712387188249204,3.425,0.14552426739926738,0.02339461056161595,3.4375,0.20193949568949568,0.0272575716060047,3.4166666666666665,0.044261294261294264,0.16666666666666666,0.10416666666666666,0.29545454545454547,0.3298412698412698,0.01909783636047257
0.15,13,7.808208465576172e-06,691,0,0,0,0.7857142857142857,0.0,0.10714285714285714,0.0,0.10714285714285714,1.0,0.0,0.0,0.0,0.0,0.6666666666666666,0.0,0.16666666666666666,0.0,0.16666666666666666,1.0,0.875,1.0,1.0,1.0,0.95,1.0,1.0,0.9765625,0.9916666666666667,1.0,0.16581374974232116,0.019700563058337974,2.642857142857143,0.012222222222222221,0.00392156862745098,0.4,0.2511423761423761,0.02846667107549741,3.888888888888889,0.00992063492063492,0.14285714285714285,0.0,0.07142857142857142,0.2523242630385487,0.01743567219045146,0.18397075147075145,0.026921420109020426,3.325,0.03466880341880342,0.01013061474589836,1.0625,0.2835053835053835,0.03811529035110181,4.833333333333333,0.026556776556776553,0.19047619047619047,0.03645833333333333,0.18181818181818182,0.29119047619047617,0.021970185968266033
0.15,14,9.775161743164062e-06,1405,0,0,0,0.8571428571428571,0.0,0.10714285714285714,0.03571428571428571,0.0,0.9,0.0,0.0,0.1,0.0,0.8333333333333334,0.0,0.16666666666666666,0.0,0.0,0.975,0.95,1.0,1.0,0.975,0.9,1.0,1.0,0.984375,0.9976190476190476,1.0,0.19839337250051536,0.023432165037081034,3.3214285714285716,0.11666666666666667,0.020173913043478257,2.7,0.2437970979637646,0.025242305033527018,3.6666666666666665,0.042328042328042326,0.14285714285714285,0.07083333333333333,0.03571428571428571,0.2805697278911565,0.02153059844609197,0.22833492895992896,0.029786173190380925,4.05,0.11963522588522589,0.02527906814899873,3.0625,0.3008013976763977,0.03279090988463573,4.708333333333333,0.12973137973137971,0.19047619047619047,0.13020833333333334,0.13636363636363635,0.34211309523809524,0.026314033029679836
0.15,15,9.357929229736328e-06,1305,0,0,0,0.75,0.0,0.21428571428571427,0.0,0.03571428571428571,0.9,0.0,0.1,0.0,0.0,0.6666666666666666,0.0,0.2777777777777778,0.0,0.05555555555555555,0.975,0.9,1.0,1.0,1.0,0.85,1.0,1.0,0.8989583333333333,0.9352380952380952,0.9861111111111112,0.23995647209932927,0.04125628155986928,4.535714285714286,0.060622710622710616,0.017844645550527904,1.8,0.3395863395863396,0.05426274600950338,6.055555555555555,0.07936507936507936,0.35714285714285715,0.2125,0.03571428571428571,0.3616071428571428,0.037488009761858405,0.2214740120990121,0.04240099953410127,4.8,0.1420272435897436,0.03836292334659616,4.125,0.27443852443852446,0.04509305032577134,5.25,0.033577533577533576,0.42857142857142855,0.26822916666666663,0.13636363636363635,0.37366071428571423,0.034027553573326395
0.15,16,8.434057235717773e-06,857,0,0,0,0.6428571428571429,0.0,0.25,0.03571428571428571,0.07142857142857142,0.8,0.0,0.1,0.1,0.0,0.5555555555555556,0.0,0.3333333333333333,0.0,0.1111111111111111,1.0,0.95,1.0,1.0,1.0,0.925,1.0,1.0,0.95625,0.9880952380952381,1.0,0.16002218486462186,0.03442233598781168,3.5,0.07077856783739137,0.021783264476359105,2.1,0.2096019721019721,0.0414440423830631,4.277777777777778,0.12433862433862432,0.21428571428571427,0.041666666666666664,0.17857142857142858,0.252905328798186,0.030585730999064868,0.1702999533146592,0.04227514278512563,4.075,0.07950064641241111,0.025219201183818013,2.4375,0.23083282458282461,0.053645770519330706,5.166666666666667,0.1105006105006105,0.21428571428571427,0.041666666666666664,0.3181818181818182,0.2957242063492063,0.03509101688886172
0.15,17,8.702278137207031e-06,1176,0,0,0,0.6785714285714286,0.14285714285714285,0.17857142857142858,0.0,0.0,0.9,0.0,0.1,0.0,0.0,0.5555555555555556,0.2222222222222222,0.2222222222222222,0.0,0.0,0.975,0.825,1.0,1.0,1.0,0.875,1.0,1.0,0.9171875,0.9154761904761906,1.0,0.24299410906553764,0.04185429308981332,4.821428571428571,0.08261294261294262,0.012164865946378552,1.9,0.3320947570947571,0.05834841928061042,6.444444444444445,0.02204585537918871,0.35714285714285715,0.1625,0.17857142857142858,0.3375708616780045,0.03564836210681505,0.25001776001776005,0.050968367860243856,5.6,0.1522912851037851,0.034840634623414586,4.125,0.3151687432937433,0.06172019001813004,6.583333333333333,0.055708180708180705,0.47619047619047616,0.171875,0.36363636363636365,0.38504960317460313,0.038991264932820915
0.15,18,3.090500831604004e-05,2000,1,0,0,0.8571428571428571,0.0,0.10714285714285714,0.0,0.03571428571428571,0.9,0.0,0.0,0.0,0.1,0.8333333333333334,0.0,0.16666666666666666,0.0,0.0,1.0,1.0,1.0,1.0,1.0,0.975,1.0,1.0,0.9541666666666666,1.0,1.0,0.17250295805968072,0.019664004303660276,3.0,0.0896064066652302,0.021275165584628504,2.5,0.21855659772326438,0.018768914703122377,3.2777777777777777,0.09171075837742505,0.17857142857142858,0.0475,0.03571428571428571,0.2724631519274376,0.01644680276898954,0.21280897207367797,0.030356165135581436,3.975,0.095055057279322,0.02806340951932612,2.8125,0.2913115819365819,0.031884668879751644,4.75,0.07142857142857142,0.38095238095238093,0.11302083333333332,0.22727272727272727,0.3719742063492063,0.021286878997254503
0.15,19,9.328126907348633e-06,859,0,0,0,0.6428571428571429,0.07142857142857142,0.21428571428571427,0.0,0.07142857142857142,0.7,0.2,0.1,0.0,0.0,0.6111111111111112,0.0,0.2777777777777778,0.0,0.1111111111111111,0.975,0.775,0.875,0.875,1.0,0.85,0.875,0.875,0.9333333333333333,0.9666666666666667,1.0,0.3020331384301973,0.049507937656049265,5.857142857142857,0.14520577461753933,0.04752085033828517,4.7,0.38915945165945165,0.0506118750548071,6.5,0.22045855379188714,0.32142857142857145,0.26666666666666666,0.14285714285714285,0.40277777777777773,0.04328863386703138,0.24706883598427715,0.04384043775897076,4.975,0.11939276511886805,0.04307483498718637,3.9375,0.33218621656121655,0.04435083960682703,5.666666666666667,0.17277167277167277,0.3333333333333333,0.21614583333333331,0.18181818181818182,0.352688492063492,0.03769322948699516
0.15,20,9.059906005859375e-06,1042,0,0,0,0.7142857142857143,0.0,0.21428571428571427,0.03571428571428571,0.03571428571428571,1.0,0.0,0.0,0.0,0.0,0.5555555555555556,0.0,0.3333333333333333,0.05555555555555555,0.05555555555555555,0.95,0.875,1.0,1.0,0.975,0.875,1.0,1.0,0.9635416666666667,0.975,0.9916666666666667,0.16937140240711668,0.03120312202461514,3.1785714285714284,0.0215018315018315,0.010017050298380221,0.8,0.25152116402116403,0.042973161872523424,4.5,0.018518518518518517,0.21428571428571427,0.05,0.21428571428571427,0.2724489795918367,0.026975789150202628,0.19151594932844934,0.038395909480490466,4.125,0.10892952533577534,0.02564918086799937,2.9375,0.24657356532356534,0.046893728555484536,4.916666666666667,0.04212454212454212,0.30952380952380953,0.09895833333333333,0.3181818181818182,0.33788690476190475,0.02898992576752672
0.15,21,0.0005518794059753418,2000,1,1,0,0.7857142857142857,0.0,0.14285714285714285,0.0,0.07142857142857142,0.8,0.0,0.1,0.0,0.1,0.7777777777777778,0.0,0.16666666666666666,0.0,0.05555555555555555,1.0,0.95,1.0,1.0,1.0,0.9,1.0,1.0,0.9614583333333333,0.9880952380952381,1.0,0.18759662956091527,0.0312711515004815,3.642857142857143,0.05111111111111112,0.014174786117392946,1.5,0.26342191758858424,0.04076913226886403,4.833333333333333,0.005291005291005291,0.2857142857142857,0.1625,0.14285714285714285,0.2582766439909297,0.02642179510614585,0.23093930375180377,0.03638491014454835,4.575,0.12686107295482296,0.03084094704913916,3.5,0.300324790949791,0.04008088554148781,5.291666666666667,0.022283272283272284,0.3333333333333333,0.1953125,0.2424242424242424,0.37237103174603176,0.0289623327245061
0.15,22,6.642937660217285e-05,2000,1,0,0,0.6428571428571429,0.0,0.17857142857142858,0.0,0.17857142857142858,0.7,0.0,0.2,0.0,0.1,0.6111111111111112,0.0,0.16666666666666666,0.0,0.2222222222222222,0.975,0.95,1.0,1.0,1.0,0.975,1.0,1.0,0.9822916666666667,0.9976190476190476,1.0,0.15950592358155383,0.03389739880315541,3.5357142857142856,0.0930812324929972,0.03324144310823311,3.1,0.19640852974186307,0.0342618186336678,3.7777777777777777,0.0529100529100529,0.16071428571428573,0.0375,0.17857142857142858,0.22271825396825398,0.028280891930532882,0.2141627837032249,0.04170405498777431,4.625,0.1308663609674639,0.042385225019702606,4.125,0.2696937321937322,0.041249941633155436,4.958333333333333,0.11858974358974358,0.27380952380952384,0.11302083333333333,0.38636363636363635,0.30000992063492066,0.03157684621053495
0.15,23,9.208917617797852e-06,964,0,0,0,0.6428571428571429,0.03571428571428571,0.17857142857142858,0.0,0.14285714285714285,1.0,0.0,0.0,0.0,0.0,0.4444444444444444,0.05555555555555555,0.2777777777777778,0.0,0.2222222222222222,1.0,0.925,1.0,1.0,1.0,0.95,1.0,1.0,0.871875,0.9880952380952381,1.0,0.32456339762012026,0.042236051559371726,5.464285714285714,0.08045500251382606,0.016112531969309462,2.0,0.46017917267917263,0.05674911799829521,7.388888888888889,0.011463844797178132,0.42857142857142855,0.20500000000000002,0.39285714285714285,0.47114512471655334,0.033974967048052,0.23564499022219612,0.030398939616345433,4.075,0.05290857528908999,0.012664780586147503,1.4375,0.3574692668442669,0.04222171230314405,5.833333333333333,0.019688644688644688,0.30952380952380953,0.13020833333333331,0.3106060606060606,0.37390873015873016,0.023149487281989456
0.15,24,1.9788742065429688e-05,2000,3,1,1,0.6071428571428571,0.07142857142857142,0.14285714285714285,0.03571428571428571,0.14285714285714285,0.8,0.1,0.1,0.0,0.0,0.5,0.05555555555555555,0.16666666666666666,0.05555555555555555,0.2222222222222222,0.975,0.85,1.0,1.0,0.975,0.875,1.0,1.0,0.9234375,0.930952380952381,1.0,0.18654090424048403,0.035882162042684886,3.892857142857143,0.09199346405228759,0.02591783030724565,2.6,0.23906725990059316,0.04141790189570668,4.611111111111111,0.037698412698412696,0.26785714285714285,0.10416666666666667,0.25,0.2673611111111111,0.029925388549690284,0.22967483904983904,0.04380568260762342,4.825,0.10505952380952381,0.039486155341486195,3.5625,0.31275171587671585,0.0466853674517149,5.666666666666667,0.031898656898656896,0.47619047619047616,0.18072916666666666,0.2727272727272727,0.3732837301587302,0.03260790154426796
0.15,25,9.834766387939453e-06,1901,0,0,0,0.7857142857142857,0.0,0.07142857142857142,0.0,0.14285714285714285,0.7,0.0,0.1,0.0,0.2,0.8333333333333334,0.0,0.05555555555555555,0.0,0.1111111111111111,1.0,0.9,1.0,1.0,1.0,0.975,1.0,1.0,0.9947916666666667,0.9952380952380953,1.0,0.1418556233682284,0.022292301034554343,2.75,0.10780902104431515,0.02410239108807972,2.8,0.1607704024370691,0.021286695449262462,2.7222222222222223,0.06547619047619048,0.21428571428571427,0.05166666666666666,0.03571428571428571,0.24098639455782314,0.018973785149313315,0.194928029486853,0.0351378977893668,4.15,0.15670832435538318,0.030551798247228874,3.9375,0.22040783290783286,0.038195297484125416,4.291666666666667,0.0992063492063492,0.38095238095238093,0.09218749999999999,0.29545454545454547,0.34226190476190477,0.02554314747087741
0.15,26,9.149312973022461e-06,747,0,0,0,0.8571428571428571,0.03571428571428571,0.10714285714285714,0.0,0.0,1.0,0.0,0.0,0.0,0.0,0.7777777777777778,0.05555555555555555,0.16666666666666666,0.0,0.0,0.975,0.975,0.875,1.0,1.0,0.975,1.0,1.0,0.971875,0.9976190476190476,0.95,0.12931096681096682,0.029154653004722208,3.0714285714285716,0.13333333333333333,0.03782987755694322,4.0,0.12707631874298542,0.024335083809043867,2.5555555555555554,0.07936507936507936,0.14285714285714285,0.09999999999999999,0.14285714285714285,0.17715419501133786,0.02680528661868142,0.15844295614516204,0.03802819140728696,3.8,0.08218207956259427,0.03269348760549548,2.9375,0.20928354053354056,0.04158466060848127,4.375,0.10195360195360195,0.23809523809523808,0.09895833333333331,0.2424242424242424,0.22802579365079362,0.0314672422051869
0.15,27,5.900859832763672e-06,1018,0,0,0,0.8928571428571429,0.0,0.07142857142857142,0.0,0.03571428571428571,1.0,0.0,0.0,0.0,0.0,0.8333333333333334,0.0,0.1111111111111111,0.0,0.05555555555555555,1.0,0.925,1.0,1.0,1.0,0.9,1.0,1.0,0.9479166666666667,0.9607142857142856,1.0,0.17423082869511441,0.020795799932225655,2.7857142857142856,0.012222222222222221,0.002173913043478261,0.3,0.2642356100689434,0.031141292648196428,4.166666666666667,0.0,0.25,0.062499999999999986,0.25,0.25297619047619047,0.015968208720671773,0.16289418914418916,0.028985175907087747,3.375,0.08672351953601955,0.02684669519981906,2.6875,0.21367463554963553,0.03041082971193353,3.8333333333333335,0.02442002442002442,0.3333333333333333,0.07552083333333334,0.22727272727272727,0.2866369047619048,0.02154545535196668
0.15,28,9.417533874511719e-06,1163,0,0,0,0.7857142857142857,0.0,0.17857142857142858,0.0,0.03571428571428571,1.0,0.0,0.0,0.0,0.0,0.6666666666666666,0.0,0.2777777777777778,0.0,0.05555555555555555,1.0,0.875,1.0,1.0,1.0,0.85,1.0,1.0,0.9557291666666667,0.9738095238095238,1.0,0.15191237334094473,0.030153725617049033,2.9642857142857144,0.040470085470085466,0.002040816326530612,0.7,0.21382475549142216,0.04577200855622593,4.222222222222222,0.018518518518518517,0.07142857142857142,0.03916666666666667,0.07142857142857142,0.22850056689342405,0.028615960233790032,0.18722683566433568,0.040837492236103015,4.075,0.07175957722832724,0.012961293212937349,1.75,0.26420500795500795,0.059421624918213456,5.625,0.016025641025641024,0.23809523809523808,0.14687499999999998,0.18181818181818182,0.2968253968253968,0.035958740892692284
0.15,29,6.92903995513916e-06,1169,0,0,0,0.7857142857142857,0.0,0.14285714285714285,0.03571428571428571,0.03571428571428571,1.0,0.0,0.0,0.0,0.0,0.6666666666666666,0.0,0.2222222222222222,0.05555555555555555,0.05555555555555555,1.0,0.8,1.0,1.0,0.925,0.875,1.0,0.875,0.9104166666666667,0.969047619047619,0.9902777777777778,0.17220715792144364,0.021864808727380825,3.0,0.06324786324786325,0.008311719336564057,1.5,0.23274009940676604,0.029394302833390135,3.8333333333333335,0.006172839506172839,0.17857142857142858,0.0375,0.03571428571428571,0.2868339002267573,0.018627532863662095,0.2383373570873571,0.04186423930880872,4.875,0.09034455128205128,0.010273418522927565,2.0,0.33699922762422757,0.06292478649939616,6.791666666666667,0.12606837606837606,0.19047619047619047,0.15364583333333334,0.022727272727272728,0.34450396825396823,0.03858567492395373
0.15,30,6.407499313354492e-06,1353,0,0,0,0.6071428571428571,0.07142857142857142,0.21428571428571427,0.0,0.10714285714285714,0.7,0.2,0.1,0.0,0.0,0.5555555555555556,0.0,0.2777777777777778,0.0,0.16666666666666666,1.0,0.9,1.0,1.0,1.0,0.95,1.0,1.0,0.9109375,0.9976190476190476,1.0,0.2933070547566345,0.038282487619514693,5.035714285714286,0.13626696832579185,0.0165657567374776,3.0,0.3805515472182138,0.0503473381095353,6.166666666666667,0.027336860670194,0.5357142857142857,0.1325,0.25,0.4384212018140589,0.029996447468595252,0.26870578359548947,0.042543019742629064,5.2,0.14307093029519502,0.02311741816291734,3.375,0.3524623524623524,0.05549342079577021,6.416666666666667,0.050824175824175824,0.5476190476190477,0.1375,0.2727272727272727,0.4290674603174603,0.03225877093423886
0.15,31,8.702278137207031e-06,936,0,0,0,0.6428571428571429,0.03571428571428571,0.21428571428571427,0.03571428571428571,0.07142857142857142,0.7,0.1,0.0,0.1,0.1,0.6111111111111112,0.0,0.3333333333333333,0.0,0.05555555555555555,1.0,0.975,1.0,1.0,1.0,0.975,1.0,1.0,0.875,0.9780952380952381,1.0,0.1999028749028749,0.027450638491958106,3.6785714285714284,0.13792429792429792,0.03646826891291634,4.0,0.234335417668751,0.022440843813647977,3.5,0.06503527336860669,0.32142857142857145,0.05833333333333333,0.2857142857142857,0.3588293650793651,0.021258297616522998,0.25199977106227106,0.03514703839391338,4.675,0.15055040445665446,0.041720366867482775,4.375,0.31963268213268214,0.030764819411533792,4.875,0.0673076923076923,0.40476190476190477,0.14322916666666663,0.36363636363636365,0.40576388888888887,0.02484806608967155
0.15,32,8.106231689453125e-06,857,0,0,0,0.6071428571428571,0.0,0.2857142857142857,0.0,0.10714285714285714,0.8,0.0,0.0,0.0,0.2,0.5,0.0,0.4444444444444444,0.0,0.05555555555555555,1.0,0.85,0.875,1.0,1.0,0.85,1.0,1.0,0.8895833333333334,0.9080952380952381,1.0,0.23508706512908192,0.03905457759320089,4.428571428571429,0.07239962651727358,0.020563929549618182,2.1,0.3254689754689754,0.04932715983963573,5.722222222222222,0.042328042328042326,0.35714285714285715,0.125,0.07142857142857142,0.33112244897959187,0.03543182320986641,0.2798976901366607,0.045882220268501916,5.475,0.144883634543561,0.04408240105709259,4.4375,0.3699070605320605,0.047082099742774795,6.166666666666667,0.046855921855921856,0.42857142857142855,0.22395833333333331,0.25,0.4208928571428571,0.03607133197299246
0.15,33,8.58306884765625e-06,893,0,0,0,0.6785714285714286,0.0,0.17857142857142858,0.0,0.14285714285714285,0.9,0.0,0.0,0.0,0.1,0.5555555555555556,0.0,0.2777777777777778,0.0,0.16666666666666666,1.0,0.875,1.0,1.0,1.0,0.925,1.0,1.0,0.9395833333333333,0.924047619047619,0.95,0.21484933717076576,0.05227979080897834,5.25,0.25479242979242983,0.05864189820238919,6.8,0.19265873015873014,0.048745286701527876,4.388888888888889,0.16137566137566137,0.5,0.13333333333333336,0.32142857142857145,0.34630102040816324,0.04525147030821487,0.1596454933954934,0.035209647669325425,3.675,0.11856875763125763,0.014395377484944023,2.5625,0.1870299839049839,0.04908582779224637,4.416666666666667,0.08379120879120878,0.39285714285714285,0.04791666666666666,0.38636363636363635,0.31420634920634927,0.025026234392984476
0.15,34,9.775161743164062e-06,1297,0,0,0,0.7142857142857143,0.03571428571428571,0.21428571428571427,0.03571428571428571,0.0,0.8,0.0,0.2,0.0,0.0,0.6666666666666666,0.05555555555555555,0.2222222222222222,0.05555555555555555,0.0,0.975,0.825,1.0,1.0,0.975,0.85,1.0,1.0,0.9458333333333333,0.9928571428571429,0.9972222222222222,0.22905844155844152,0.04006364118662402,4.75,0.22777777777777777,0.05912301825305657,6.3,0.2297699214365881,0.02947509837193926,3.888888888888889,0.08156966490299825,0.25,0.18583333333333335,0.32142857142857145,0.3126417233560091,0.034472889343353456,0.23960144022644023,0.04833042683775359,5.3,0.1645509004884005,0.06092187929662009,5.5625,0.2896351333851334,0.03993612519850927,5.125,0.054334554334554336,0.38095238095238093,0.19947916666666665,0.2727272727272727,0.36577380952380956,0.0403840540754612
0.15,35,7.62939453125e-06,1191,0,0,0,0.6071428571428571,0.10714285714285714,0.17857142857142858,0.0,0.10714285714285714,0.8,0.2,0.0,0.0,0.0,0.5,0.05555555555555555,0.2777777777777778,0.0,0.16666666666666666,1.0,0.675,1.0,1.0,1.0,0.825,1.0,1.0,0.865625,0.9342857142857143,0.9083333333333333,0.3473803915505596,0.05520745769685539,6.75,0.3270915032679738,0.06161516695200103,7.8,0.35865199615199617,0.051647619221774466,6.166666666666667,0.13271604938271606,0.39285714285714285,0.2808333333333333,0.25,0.47859977324263037,0.047573666262357546,0.25430919366581134,0.041879478786090496,5.025,0.11170382415786828,0.023308567249393175,3.0,0.34937944000444004,0.054260086477222046,6.375,0.06456043956043955,0.42857142857142855,0.19791666666666663,0.3939393939393939,0.3576686507936508,0.030560892586016814
0.15,36,4.6193599700927734e-05,2000,1,0,1,0.6785714285714286,0.03571428571428571,0.07142857142857142,0.07142857142857142,0.14285714285714285,0.8,0.0,0.1,0.0,0.1,0.6111111111111112,0.05555555555555555,0.05555555555555555,0.1111111111111111,0.16666666666666666,0.875,0.825,1.0,1.0,0.925,0.9,1.0,1.0,0.9192708333333333,0.9347619047619047,1.0,0.28549065313771194,0.060159087305460324,6.107142857142857,0.10442433383609853,0.03465521980513546,3.3,0.3860830527497194,0.07432790258341856,7.666666666666667,0.1781305114638448,0.25,0.2208333333333333,0.07142857142857142,0.33177437641723356,0.056724386088836884,0.23206756682859625,0.0463361196901638,5.125,0.13979089231846584,0.0342347930686542,3.875,0.29358534983534984,0.0544036707711702,5.958333333333333,0.1607142857142857,0.36904761904761907,0.19270833333333334,0.22727272727272727,0.3375694444444444,0.0382186328925443
0.15,37,9.5367431640625e-06,1089,0,0,0,0.6785714285714286,0.07142857142857142,0.14285714285714285,0.0,0.10714285714285714,0.8,0.1,0.0,0.0,0.1,0.6111111111111112,0.05555555555555555,0.2222222222222222,0.0,0.1111111111111111,1.0,0.85,0.875,1.0,1.0,0.925,1.0,1.0,0.8989583333333333,0.9238095238095239,1.0,0.24975907029478459,0.041556964865479835,4.857142857142857,0.09555555555555556,0.023300624597665152,2.7,0.33542768959435626,0.051699376125376874,6.055555555555555,0.1510141093474427,0.32142857142857145,0.08333333333333333,0.10714285714285714,0.35941043083900226,0.0375230918434216,0.24538659257409257,0.028146645187319352,4.175,0.09375476953601955,0.014404174713363605,2.1875,0.3464744745994746,0.037308292169956514,5.5,0.10454822954822955,0.21428571428571427,0.1484375,0.28787878787878785,0.37189484126984124,0.02191553513824893
0.15,38,8.52346420288086e-06,701,0,0,0,0.75,0.03571428571428571,0.10714285714285714,0.0,0.10714285714285714,0.7,0.1,0.0,0.0,0.2,0.7777777777777778,0.0,0.16666666666666666,0.0,0.05555555555555555,0.975,0.9,1.0,1.0,1.0,0.875,1.0,1.0,0.9739583333333333,0.9845238095238096,1.0,0.1736492324202408,0.030392292738050098,3.4642857142857144,0.08913632119514472,0.018633540372670808,2.3,0.22060084976751645,0.03692493294103859,4.111111111111111,0.07539682539682539,0.21428571428571427,0.14083333333333334,0.07142857142857142,0.2143424036281179,0.026849993310061594,0.23688659583880173,0.03887174144460413,4.675,0.1337865514795662,0.033314567674896045,3.6875,0.3056199587449588,0.04257652395774284,5.333333333333333,0.07722832722832723,0.30952380952380953,0.22864583333333333,0.1590909090909091,0.3427480158730158,0.03257800933239148
0.15,39,9.670853614807129e-06,1013,0,0,0,0.7142857142857143,0.0,0.25,0.0,0.03571428571428571,0.8,0.0,0.2,0.0,0.0,0.6666666666666666,0.0,0.2777777777777778,0.0,0.05555555555555555,0.975,0.9,1.0,1.0,0.95,0.825,1.0,1.0,0.9770833333333333,0.9976190476190476,1.0,0.20319161464119448,0.035093721286869606,3.8214285714285716,0.04626696832579186,0.01991993196623985,1.6,0.290371973705307,0.04352360424277503,5.055555555555555,0.029982363315696644,0.32142857142857145,0.10583333333333333,0.07142857142857142,0.32312925170068024,0.029539445910338785,0.24727107247327837,0.047873319229718644,5.25,0.12116635917187388,0.038377016033589124,3.75,0.3313408813408813,0.054204188027138334,6.25,0.05860805860805861,0.47619047619047616,0.18802083333333333,0.20454545454545456,0.39577380952380947,0.03834380133185321
0.15,40,9.781122207641602e-05,2000,1,1,0,0.6428571428571429,0.03571428571428571,0.2857142857142857,0.0,0.03571428571428571,0.8,0.0,0.2,0.0,0.0,0.5555555555555556,0.05555555555555555,0.3333333333333333,0.0,0.05555555555555555,1.0,0.975,1.0,1.0,1.0,0.925,1.0,1.0,0.921875,0.9880952380952381,1.0,0.25605214696601253,0.03526723616520107,4.642857142857143,0.18687746893629248,0.024595055413469735,4.2,0.2944825236491903,0.04119622547171847,4.888888888888889,0.1080246913580247,0.35714285714285715,0.13583333333333336,0.21428571428571427,0.36748866213151926,0.02918790466597793,0.26867498106468696,0.04433799308840442,5.525,0.21849255727932199,0.02464561096177601,4.75,0.30212993025493023,0.05746624783949003,6.041666666666667,0.14224664224664224,0.40476190476190477,0.1265625,0.38636363636363635,0.4632837301587302,0.03375155793518002
0.15,41,8.106231689453125e-06,736,0,0,0,0.5714285714285714,0.0,0.17857142857142858,0.07142857142857142,0.17857142857142858,0.8,0.0,0.1,0.0,0.1,0.4444444444444444,0.0,0.2222222222222222,0.1111111111111111,0.2222222222222222,0.95,0.825,1.0,1.0,0.95,0.85,1.0,1.0,0.9416666666666667,0.9385714285714286,0.9583333333333333,0.2759302205730777,0.0643385873660665,6.357142857142857,0.16944444444444445,0.03126404407917013,4.0,0.3350889850889851,0.0827133336365645,7.666666666666667,0.04783950617283951,0.35714285714285715,0.18083333333333332,0.14285714285714285,0.4172052154195011,0.05993197114002573,0.20035433316683315,0.046903654838559974,4.65,0.08871623168498169,0.017538683533614114,2.25,0.27477973415473417,0.06648030237519055,6.25,0.014804639804639804,0.30952380952380953,0.12604166666666666,0.303030303030303,0.3583531746031746,0.03970612493613949
0.15,42,0.0013949871063232422,2000,8,2,1,0.5,0.21428571428571427,0.25,0.0,0.03571428571428571,0.8,0.1,0.1,0.0,0.0,0.3333333333333333,0.2777777777777778,0.3333333333333333,0.0,0.05555555555555555,1.0,0.85,1.0,1.0,1.0,0.875,1.0,1.0,0.9078125,0.9607142857142856,1.0,0.32707768422054134,0.048346055825454086,5.964285714285714,0.11967032967032967,0.019981035892617915,2.9,0.4423039923039923,0.0641044002325853,7.666666666666667,0.21252204585537918,0.35714285714285715,0.1433333333333333,0.39285714285714285,0.4858701814058957,0.04019203568484821,0.3049063783438783,0.050164134848428354,5.95,0.12780353327228328,0.03744113134384189,3.8125,0.4229749417249417,0.058646137184819334,7.375,0.18498168498168496,0.38095238095238093,0.11197916666666666,0.303030303030303,0.48638888888888887,0.04054508863106023
0.15,43,8.910894393920898e-06,1584,0,0,0,0.6785714285714286,0.10714285714285714,0.21428571428571427,0.0,0.0,0.7,0.2,0.1,0.0,0.0,0.6666666666666666,0.05555555555555555,0.2777777777777778,0.0,0.0,1.0,0.875,1.0,1.0,1.0,0.95,1.0,1.0,0.93125,0.9752380952380952,1.0,0.2709021662277965,0.030463313505895727,4.428571428571429,0.1210910005027652,0.04531165629277399,4.2,0.35413059163059163,0.022214234179852247,4.555555555555555,0.015432098765432098,0.39285714285714285,0.16833333333333333,0.35714285714285715,0.405031179138322,0.02095047028080217,0.27787965710759827,0.03482979196992512,4.85,0.1296501292824822,0.03844040408271755,3.9375,0.37669934232434227,0.032422717228063495,5.458333333333333,0.01648351648351648,0.47619047619047616,0.20156249999999998,0.3939393939393939,0.4425992063492064,0.02315269621830975
0.15,44,8.434057235717773e-06,809,0,0,0,0.7142857142857143,0.03571428571428571,0.10714285714285714,0.0,0.14285714285714285,0.8,0.1,0.0,0.0,0.1,0.6666666666666666,0.0,0.16666666666666666,0.0,0.16666666666666666,1.0,0.925,1.0,1.0,1.0,0.925,1.0,1.0,0.9427083333333333,0.9297619047619048,1.0,0.2107885461877058,0.029975843508351915,3.75,0.12608094519859225,0.013938618925831203,2.6,0.2578483245149912,0.03888541272086342,4.388888888888889,0.04651675485008818,0.2857142857142857,0.0625,0.21428571428571427,0.3589710884353741,0.02522993158502807,0.23652252567693743,0.03391807651151159,4.425,0.1260132738993033,0.025299380621813944,3.3125,0.3101953601953602,0.039663873771310025,5.166666666666667,0.0989010989010989,0.38095238095238093,0.0546875,0.3181818181818182,0.4285119047619047,0.025978970637069037
0.15,45,9.357929229736328e-06,1813,0,0,0,0.6785714285714286,0.0,0.25,0.0,0.07142857142857142,0.6,0.0,0.3,0.0,0.1,0.7222222222222222,0.0,0.2222222222222222,0.0,0.05555555555555555,1.0,0.8,1.0,1.0,1.0,0.875,1.0,1.0,0.9213541666666667,0.9523809523809523,1.0,0.2323570278927422,0.03191163096484762,4.25,0.16315018315018315,0.028908145681954555,3.9,0.2708052749719416,0.03358023389978821,4.444444444444445,0.02645502645502645,0.5,0.16166666666666668,0.17857142857142858,0.3741496598639456,0.023495600186786952,0.25682026307026307,0.040643923776120715,5.1,0.20745955433455432,0.04381228294972013,5.3125,0.28972740222740223,0.03853168432705445,4.958333333333333,0.046550671550671545,0.5238095238095238,0.2,0.3409090909090909,0.45148809523809524,0.02836583919279888
0.15,46,9.745359420776367e-06,1300,0,0,0,0.6785714285714286,0.10714285714285714,0.10714285714285714,0.0,0.10714285714285714,0.7,0.2,0.0,0.0,0.1,0.6666666666666666,0.05555555555555555,0.16666666666666666,0.0,0.1111111111111111,1.0,0.75,1.0,1.0,1.0,0.9,1.0,1.0,0.9697916666666666,0.9457142857142857,1.0,0.17824050949050949,0.033960939182911765,3.6785714285714284,0.09273504273504272,0.02215494893609618,2.4,0.22574354657687992,0.04051982265336487,4.388888888888889,0.015873015873015872,0.42857142857142855,0.12333333333333334,0.17857142857142858,0.25722789115646255,0.028013554671652695,0.20957414113664113,0.03563654503686135,4.2,0.1069129655067155,0.027003687344503022,2.9375,0.2780149248899249,0.04139178349843359,5.041666666666667,0.02274114774114774,0.5476190476190477,0.12708333333333333,0.23484848484848483,0.3469940476190476,0.025712230565460337
0.15,47,9.834766387939453e-06,1431,0,0,0,0.75,0.03571428571428571,0.17857142857142858,0.0,0.03571428571428571,0.9,0.1,0.0,0.0,0.0,0.6666666666666666,0.0,0.2777777777777778,0.0,0.05555555555555555,1.0,0.95,1.0,1.0,1.0,0.95,1.0,1.0,0.921875,0.980952380952381,1.0,0.24151668243054794,0.03338977049521098,4.142857142857143,0.01858076563958917,0.0,0.3,0.3653699695366362,0.05193964299255042,6.277777777777778,0.037037037037037035,0.21428571428571427,0.09166666666666665,0.25,0.3530612244897959,0.029151355446689366,0.2348041296938356,0.028107744672341943,4.0,0.09161908353084824,0.02191537484559041,2.5,0.3302608271358271,0.032235991223509626,5.0,0.06608669108669109,0.2857142857142857,0.21875,0.11363636363636363,0.35291666666666666,0.023826408573347384
0.15,48,3.930926322937012e-05,2000,1,0,1,0.5714285714285714,0.17857142857142858,0.17857142857142858,0.03571428571428571,0.03571428571428571,0.9,0.0,0.0,0.0,0.1,0.3888888888888889,0.2777777777777778,0.2777777777777778,0.05555555555555555,0.0,0.975,0.85,1.0,1.0,0.975,0.85,0.875,1.0,0.9583333333333333,0.9761904761904762,1.0,0.26960109801496357,0.03879994145303671,4.642857142857143,0.022549019607843133,0.004134697357203751,0.6,0.406852252685586,0.05805841039516613,6.888888888888889,0.14814814814814814,0.17857142857142858,0.0625,0.39285714285714285,0.36806972789115644,0.03262264356983567,0.2221438039085098,0.035269392575885836,4.175,0.0768621390864038,0.024538119595664352,2.375,0.3189982471232471,0.04242357456270016,5.375,0.15323565323565325,0.2619047619047619,0.0859375,0.3106060606060606,0.32901785714285714,0.027209575088267934
0.15,49,0.007534801959991455,2000,10,3,1,0.6071428571428571,0.14285714285714285,0.17857142857142858,0.0,0.07142857142857142,0.7,0.1,0.1,0.0,0.1,0.5555555555555556,0.16666666666666666,0.2222222222222222,0.0,0.05555555555555555,1.0,0.875,1.0,1.0,1.0,0.95,1.0,1.0,0.9895833333333333,0.9880952380952381,1.0,0.17973088419516992,0.04143637011824158,4.142857142857143,0.12736263736263737,0.0181371237458194,2.8,0.20882435465768798,0.05438039588069836,4.888888888888889,0.02821869488536155,0.35714285714285715,0.08499999999999999,0.14285714285714285,0.31462585034013607,0.03537943152956011,0.1979291541791542,0.04268784571719897,4.525,0.13865422771672772,0.02415126606662732,3.3125,0.23744577182077184,0.055045565484246745,5.333333333333333,0.027472527472527472,0.42857142857142855,0.10260416666666666,0.3333333333333333,0.36812500000000004,0.033092864294577105
0.2,0,9.59634780883789e-06,1790,0,0,0,0.6428571428571429,0.0,0.21428571428571427,0.03571428571428571,0.10714285714285714,0.7,0.0,0.1,0.0,0.2,0.6111111111111112,0.0,0.2777777777777778,0.05555555555555555,0.05555555555555555,0.95,0.85,1.0,1.0,0.95,0.85,1.0,1.0,0.9088541666666667,0.944047619047619,1.0,0.2695941255289994,0.02876802154783491,4.428571428571429,0.10898692810457515,0.014911755636574703,2.6,0.35882034632034626,0.03646594705409059,5.444444444444445,0.09171075837742505,0.14285714285714285,0.20416666666666666,0.21428571428571427,0.3329081632653061,0.025479947613423794,0.32183021431183195,0.04770973585579702,6.2,0.19332203233857648,0.039352555892847425,5.0625,0.4075023356273357,0.05328118916443008,6.958333333333333,0.15094627594627594,0.27380952380952384,0.30052083333333335,0.32575757575757575,0.4520833333333334,0.03977620326564169
0.2,1,0.005305767059326172,2000,3,1,1,0.39285714285714285,0.10714285714285714,0.25,0.0,0.25,0.4,0.2,0.2,0.0,0.2,0.3888888888888889,0.05555555555555555,0.2777777777777778,0.0,0.2777777777777778,0.975,0.8,1.0,1.0,1.0,0.925,0.875,1.0,0.8895833333333334,0.9535714285714285,1.0,0.289791913268804,0.05471226037773053,5.964285714285714,0.18564174387703802,0.06811894352845385,6.3,0.3476531184864518,0.04726410307177314,5.777777777777778,0.11750440917107584,0.5714285714285714,0.18916666666666665,0.4642857142857143,0.43613945578231295,0.04376966700507345,0.29229836748219096,0.05634701891272705,6.325,0.22727456367162252,0.05605419904032202,6.375,0.33564757002257,0.056542232160997075,6.291666666666667,0.1758241758241758,0.47619047619047616,0.13385416666666666,0.6136363636363636,0.4904761904761905,0.04292506559539583
0.2,2,9.387731552124023e-06,1667,0,0,0,0.6785714285714286,0.03571428571428571,0.14285714285714285,0.0,0.14285714285714285,0.8,0.1,0.0,0.0,0.1,0.6111111111111112,0.0,0.2222222222222222,0.0,0.16666666666666666,1.0,0.725,0.875,0.875,1.0,0.75,0.75,0.75,0.9619791666666666,0.9738095238095238,1.0,0.24060400383929795,0.04257302705392153,4.678571428571429,0.061743158801982334,0.02446346699214803,2.2,0.33997113997114,0.05263389375490682,6.055555555555555,0.1078042328042328,0.35714285714285715,0.17666666666666667,0.14285714285714285,0.34920634920634924,0.03800683361455408,0.2740651117673177,0.049857115644456156,5.7,0.16242475355526825,0.04414924059088518,4.75,0.3484920172420172,0.05366236568017014,6.333333333333333,0.08257020757020757,0.5,0.22239583333333335,0.25,0.4597123015873016,0.04058200651174078
0.2,3,9.506940841674805e-06,1385,0,0,0,0.5,0.07142857142857142,0.35714285714285715,0.0,0.07142857142857142,0.7,0.0,0.2,0.0,0.1,0.3888888888888889,0.1111111111111111,0.4444444444444444,0.0,0.05555555555555555,0.975,0.7,1.0,1.0,1.0,0.825,1.0,1.0,0.8947916666666667,0.9380952380952381,1.0,0.36882703547619516,0.0497929794264876,6.392857142857143,0.12984773396538102,0.03504444367941441,3.8,0.5015933140933141,0.057986610397083825,7.833333333333333,0.05070546737213404,0.5,0.3083333333333333,0.10714285714285714,0.5193452380952381,0.04343945446050806,0.3547569301613419,0.057145985954924636,6.875,0.19160965668318608,0.06351350583017666,6.125,0.46352177914677917,0.05290097270475663,7.375,0.059065934065934064,0.5952380952380952,0.32291666666666663,0.3409090909090909,0.5382142857142858,0.0445595916423298
0.2,4,1.6033649444580078e-05,2000,7,3,1,0.5,0.21428571428571427,0.14285714285714285,0.0,0.14285714285714285,0.6,0.1,0.1,0.0,0.2,0.4444444444444444,0.2777777777777778,0.16666666666666666,0.0,0.1111111111111111,1.0,0.925,1.0,1.0,1.0,0.95,1.0,1.0,0.6427083333333333,0.9142857142857144,0.95,0.42934087970852675,0.05579887013799057,7.75,0.3568117503411621,0.07734575688953445,9.3,0.4696348404681738,0.04382837749824399,6.888888888888889,0.16556437389770723,0.5714285714285714,0.37166666666666665,0.42857142857142855,0.6100765306122449,0.042689391811684865,0.36608334680025856,0.04391517853465644,6.375,0.1956112974035768,0.04634134987607083,5.3125,0.47973137973137975,0.04229773097371351,7.083333333333333,0.10103785103785104,0.4523809523809524,0.2786458333333333,0.37878787878787873,0.5642559523809523,0.03389279453679074
0.2,5,9.506940841674805e-06,1068,0,0,0,0.42857142857142855,0.07142857142857142,0.39285714285714285,0.0,0.10714285714285714,0.6,0.2,0.2,0.0,0.0,0.3333333333333333,0.0,0.5,0.0,0.16666666666666666,1.0,0.9,1.0,1.0,1.0,0.825,1.0,1.0,0.8552083333333333,0.925,1.0,0.37349743510457795,0.0619297057378518,7.107142857142857,0.17478632478632478,0.05938034344172451,5.6,0.4838924963924964,0.0633460181245892,7.944444444444445,0.038800705467372125,0.5,0.2816666666666667,0.21428571428571427,0.5728174603174603,0.05422474167344308,0.3702240120990121,0.05458873385254115,7.025,0.2613018925518925,0.057057638272700384,6.8125,0.4428387584637585,0.052942797572434995,7.166666666666667,0.06562881562881562,0.5238095238095238,0.259375,0.303030303030303,0.6029662698412699,0.04421209638400293
0.2,6,9.894371032714844e-06,1762,0,0,0,0.42857142857142855,0.03571428571428571,0.5,0.0,0.03571428571428571,0.6,0.1,0.3,0.0,0.0,0.3333333333333333,0.0,0.6111111111111112,0.0,0.05555555555555555,1.0,0.8,0.875,1.0,0.975,0.75,1.0,1.0,0.8536458333333333,0.9595238095238094,1.0,0.35301213142599697,0.03838409967238981,5.785714285714286,0.14166989872872227,0.0433691389599318,4.5,0.4704244829244829,0.03561463340153315,6.5,0.08994708994708996,0.5357142857142857,0.36166666666666664,0.17857142857142858,0.5079365079365079,0.030682169100026975,0.37609107191827784,0.045197254718172764,6.625,0.20533531521582993,0.05286725831637003,5.9375,0.48992824305324306,0.04008391898604125,7.083333333333333,0.067002442002442,0.5714285714285714,0.39531249999999996,0.2727272727272727,0.5860615079365079,0.034291370088324905
0.2,7,9.47713851928711e-06,832,0,0,0,0.42857142857142855,0.03571428571428571,0.39285714285714285,0.0,0.14285714285714285,0.4,0.1,0.3,0.0,0.2,0.4444444444444444,0.0,0.4444444444444444,0.0,0.1111111111111111,1.0,0.9,1.0,1.0,1.0,0.9,1.0,1.0,0.7489583333333334,0.8833333333333333,1.0,0.42282382067045926,0.049880740257003855,7.214285714285714,0.2979867844573727,0.05636540963784646,7.7,0.49217772967772966,0.04627814615653574,6.944444444444445,0.07407407407407407,0.6607142857142857,0.30166666666666664,0.17857142857142858,0.6114087301587302,0.038765555408049136,0.3760031757458228,0.04558589778902268,6.65,0.24531530560942327,0.04243866459360375,6.0,0.4631284225034225,0.0476840532526353,7.083333333333333,0.07295482295482296,0.5357142857142857,0.2614583333333333,0.3409090909090909,0.5975396825396826,0.03422749503983341
0.2,8,8.463859558105469e-06,927,0,0,0,0.42857142857142855,0.32142857142857145,0.17857142857142858,0.0,0.07142857142857142,0.5,0.5,0.0,0.0,0.0,0.3888888888888889,0.2222222222222222,0.2777777777777778,0.0,0.1111111111111111,1.0,0.8,1.0,1.0,1.0,0.9,1.0,1.0,0.8645833333333333,0.878095238095238,1.0,0.3272132629275486,0.04304290238163807,5.821428571428571,0.17393162393162392,0.04120002783722185,4.8,0.4123697290363957,0.044066721572980444,6.388888888888889,0.07671957671957672,0.4642857142857143,0.24999999999999994,0.25,0.5133503401360545,0.03556368382965875,0.34990249333999335,0.052368675978920344,6.725,0.21251049297924296,0.04783609367660108,5.75,0.44149716024716024,0.05539039751379984,7.375,0.13324175824175824,0.5952380952380952,0.21354166666666663,0.4090909090909091,0.595,0.03894903721814854
0.2,9,8.881092071533203e-06,1408,0,0,0,0.4642857142857143,0.17857142857142858,0.25,0.0,0.10714285714285714,0.6,0.0,0.1,0.0,0.3,0.3888888888888889,0.2777777777777778,0.3333333333333333,0.0,0.0,0.975,0.725,1.0,1.0,1.0,0.9,1.0,1.0,0.8661458333333334,0.9364285714285714,0.95,0.44131122145828033,0.05605494824323325,7.535714285714286,0.20982726423902895,0.060280402319612826,6.4,0.5699134199134199,0.05370747375635573,8.166666666666666,0.37962962962962965,0.21428571428571427,0.3258333333333333,0.25,0.5022108843537415,0.04910219178316873,0.33514076405620524,0.049820042183670886,6.225,0.1555095996732026,0.04805013698089354,4.875,0.4548948736448737,0.050999978985522464,7.125,0.2664835164835165,0.35714285714285715,0.20833333333333331,0.3106060606060606,0.46672619047619046,0.03957344453523529
0.2,10,8.553266525268555e-06,853,0,0,0,0.5357142857142857,0.0,0.35714285714285715,0.0,0.10714285714285714,0.8,0.0,0.1,0.0,0.1,0.3888888888888889,0.0,0.5,0.0,0.1111111111111111,1.0,0.725,1.0,1.0,1.0,0.725,1.0,1.0,0.8817708333333334,0.9197619047619048,1.0,0.2837317094670036,0.03836169179617233,5.107142857142857,0.17404474610356963,0.032581939799331106,4.2,0.344668911335578,0.04157266512775079,5.611111111111111,0.03505291005291005,0.39285714285714285,0.19583333333333336,0.17857142857142858,0.39399092970521543,0.032627037075147844,0.2797997590644649,0.04298198840369708,5.475,0.17072851576528048,0.045765351709245575,4.9375,0.3525139212639213,0.04112641286666476,5.833333333333333,0.0441086691086691,0.42857142857142855,0.20416666666666666,0.25,0.42418650793650786,0.0340897429787288
0.2,11,9.834766387939453e-06,1024,0,0,0,0.4642857142857143,0.0,0.17857142857142858,0.0,0.35714285714285715,0.6,0.0,0.2,0.0,0.2,0.3888888888888889,0.0,0.16666666666666666,0.0,0.4444444444444444,1.0,0.95,1.0,1.0,1.0,0.925,1.0,1.0,0.8791666666666667,0.9595238095238094,1.0,0.32655185034386713,0.04686958267037267,5.821428571428571,0.1650125691302162,0.04820488645184111,5.0,0.41629589546256207,0.04612774723622354,6.277777777777778,0.07760141093474425,0.42857142857142855,0.125,0.17857142857142858,0.4613378684807257,0.03954595940958525,0.34239051185742364,0.05918286684675346,6.9,0.22143356541334483,0.0716244950000921,7.0,0.42302847615347616,0.05088844807786103,6.833333333333333,0.08028083028083029,0.5714285714285714,0.203125,0.3409090909090909,0.5191269841269841,0.04677675033324189
0.2,12,9.894371032714844e-06,856,0,0,0,0.42857142857142855,0.07142857142857142,0.39285714285714285,0.0,0.10714285714285714,0.5,0.2,0.2,0.0,0.1,0.3888888888888889,0.0,0.5,0.0,0.1111111111111111,0.975,0.925,0.875,0.875,1.0,0.825,1.0,1.0,0.85,0.9071428571428571,0.95,0.42193887461744606,0.0513799784095269,7.428571428571429,0.34509768009768005,0.055948017148936005,8.1,0.4646284271284271,0.04884217910985519,7.055555555555555,0.3434744268077601,0.32142857142857145,0.24333333333333335,0.21428571428571427,0.6044501133786848,0.04521143537516838,0.4056443556443556,0.054780595913823484,7.45,0.25940743284493284,0.05418513526790493,6.625,0.5031356375106375,0.05517756967776918,8.0,0.2664835164835165,0.40476190476190477,0.3333333333333333,0.3409090909090909,0.5887996031746031,0.04448120096260827
0.2,13,8.58306884765625e-06,1144,0,0,0,0.4642857142857143,0.0,0.32142857142857145,0.0,0.21428571428571427,0.5,0.0,0.5,0.0,0.0,0.4444444444444444,0.0,0.2222222222222222,0.0,0.3333333333333333,0.95,0.8,1.0,1.0,1.0,0.875,1.0,1.0,0.8505208333333334,0.9457142857142857,1.0,0.3909597930081124,0.06952158392276057,7.821428571428571,0.29265639589169,0.08513175218141053,8.6,0.4455727914061247,0.060849268223510604,7.388888888888889,0.35229276895943556,0.5357142857142857,0.22750000000000004,0.32142857142857145,0.5175736961451247,0.06177481092656264,0.37073857310989666,0.07118963854243401,7.875,0.29379528253609133,0.09082304628515464,8.9375,0.42203410015910015,0.05810070004728692,7.166666666666667,0.2503052503052503,0.5714285714285714,0.2677083333333333,0.38636363636363635,0.5504563492063491,0.06100070397042454
0.2,14,9.894371032714844e-06,1638,0,0,0,0.5,0.03571428571428571,0.17857142857142858,0.0,0.2857142857142857,0.9,0.0,0.1,0.0,0.0,0.2777777777777778,0.05555555555555555,0.2222222222222222,0.0,0.4444444444444444,1.0,0.725,0.75,0.75,1.0,0.775,0.875,0.875,0.9223958333333333,0.9452380952380952,1.0,0.2920311831026117,0.05158781767437621,5.535714285714286,0.05363247863247863,0.02428941974569661,2.0,0.4244749078082412,0.06675359430142043,7.5,0.14307760141093476,0.25,0.19166666666666665,0.32142857142857145,0.3482993197278912,0.04649831044525233,0.31104610667110666,0.051308206924105,6.1,0.14126793345543345,0.02922647024813626,3.625,0.4242315554815555,0.06602936470808417,7.75,0.11324786324786323,0.3333333333333333,0.19270833333333334,0.36363636363636365,0.45348214285714283,0.0423510842338088
0.2,15,1.1265277862548828e-05,2000,1,0,1,0.6071428571428571,0.07142857142857142,0.21428571428571427,0.0,0.10714285714285714,0.7,0.2,0.1,0.0,0.0,0.5555555555555556,0.0,0.2777777777777778,0.0,0.16666666666666666,1.0,0.725,0.75,0.875,1.0,0.825,0.75,0.875,0.8979166666666667,0.9583333333333333,1.0,0.2368848063701005,0.05371706040341301,5.535714285714286,0.16665768871651226,0.052863954946527104,5.2,0.27589987173320507,0.05419100787946074,5.722222222222222,0.08597883597883597,0.2857142857142857,0.21583333333333338,0.39285714285714285,0.3371456916099773,0.045739511102618584,0.2436288466435525,0.05365732023886349,5.65,0.14493486497162966,0.038231852941845626,4.1875,0.3094248344248344,0.06394096510354208,6.625,0.06379731379731379,0.3333333333333333,0.2567708333333333,0.37878787878787873,0.35695436507936507,0.04508142335509651
0.2,16,8.58306884765625e-06,1044,0,0,0,0.5714285714285714,0.07142857142857142,0.21428571428571427,0.0,0.14285714285714285,0.5,0.1,0.1,0.0,0.3,0.6111111111111112,0.05555555555555555,0.2777777777777778,0.0,0.05555555555555555,1.0,0.85,1.0,1.0,1.0,0.825,1.0,1.0,0.9098958333333333,0.9514285714285714,1.0,0.2759765911026415,0.0405129179729042,5.142857142857143,0.14508654743948862,0.0279447949392523,3.6,0.34869328202661537,0.047495208547155256,6.0,0.22178130511463842,0.23214285714285715,0.08166666666666667,0.32142857142857145,0.4048327664399093,0.03488431184671943,0.2896937009069362,0.041986580939575836,5.525,0.19564894868203692,0.04107563926356852,5.0,0.3523902023902024,0.04259387539024737,5.875,0.2074175824175824,0.36904761904761907,0.15572916666666667,0.29545454545454547,0.44638888888888884,0.03254934966522035
0.2,17,9.47713851928711e-06,1159,0,0,0,0.5357142857142857,0.03571428571428571,0.14285714285714285,0.0,0.2857142857142857,0.8,0.0,0.1,0.0,0.1,0.3888888888888889,0.05555555555555555,0.16666666666666666,0.0,0.3888888888888889,0.475,0.625,1.0,1.0,0.65,0.75,1.0,1.0,0.8317708333333333,0.8988095238095238,1.0,0.5012792762792763,0.06557446270246878,8.571428571428571,0.1656959706959707,0.023951054669359383,3.7,0.6877144460477794,0.08869857827641846,11.277777777777779,0.35185185185185186,0.25,0.32250000000000006,0.17857142857142858,0.577749433106576,0.06113714401532255,0.4280278749028749,0.04781203832003221,7.175,0.1979758089133089,0.02821152645840945,4.5,0.5813959188959189,0.06087904622778071,8.958333333333334,0.2963980463980464,0.3333333333333333,0.2890625,0.2121212121212121,0.5623710317460318,0.04060006253140101
0.2,18,9.59634780883789e-06,1420,0,0,0,0.5714285714285714,0.03571428571428571,0.10714285714285714,0.0,0.2857142857142857,0.8,0.1,0.1,0.0,0.0,0.4444444444444444,0.0,0.1111111111111111,0.0,0.4444444444444444,1.0,0.775,1.0,1.0,1.0,0.9,1.0,1.0,0.8682291666666666,0.965,0.9972222222222222,0.3480040092960261,0.04979010341934685,6.571428571428571,0.3032604323780795,0.05378625697770748,7.4,0.37286155202821863,0.0475700181091465,6.111111111111111,0.13470017636684303,0.2857142857142857,0.1975,0.35714285714285715,0.523625283446712,0.042694580498587355,0.3424860066404184,0.044722705531363496,6.35,0.2614471108956403,0.03985369900468548,6.0625,0.39651193713693716,0.04796870988248217,6.541666666666667,0.1301892551892552,0.2619047619047619,0.2145833333333333,0.5,0.5394543650793651,0.03487491903306637
0.2,19,8.821487426757812e-06,1089,0,0,0,0.42857142857142855,0.03571428571428571,0.10714285714285714,0.0,0.42857142857142855,0.6,0.0,0.1,0.0,0.3,0.3333333333333333,0.05555555555555555,0.1111111111111111,0.0,0.5,0.975,0.675,1.0,1.0,0.975,0.725,1.0,1.0,0.9458333333333333,0.9428571428571428,0.9750000000000001,0.3983149087140684,0.0642895125286673,7.607142857142857,0.20817496229260932,0.03359564561610597,4.7,0.5039482122815455,0.0813416608134236,9.222222222222221,0.25595238095238093,0.39285714285714285,0.25166666666666665,0.2857142857142857,0.5073412698412698,0.05818544932302732,0.39607710304401483,0.06742924882580022,8.0,0.26450247566975504,0.05047611624081071,6.5,0.4837935212935213,0.07873133721579322,9.0,0.239010989010989,0.5238095238095238,0.26145833333333335,0.29545454545454547,0.5578670634920635,0.05775332701557184
0.2,20,9.000301361083984e-06,676,0,0,0,0.6071428571428571,0.0,0.25,0.0,0.14285714285714285,0.8,0.0,0.1,0.0,0.1,0.5,0.0,0.3333333333333333,0.0,0.16666666666666666,1.0,0.825,1.0,1.0,1.0,0.85,1.0,1.0,0.9140625,0.9666666666666667,1.0,0.30554808753338164,0.04282525365724205,5.464285714285714,0.12317173023055376,0.02696504688832054,3.3,0.4068682860349527,0.05163647963997624,6.666666666666667,0.09259259259259257,0.42857142857142855,0.16416666666666668,0.21428571428571427,0.42515589569161,0.03596692585762172,0.3031544599191658,0.03792970662910725,5.4,0.1757384364002011,0.030863508446857,4.3125,0.3880984755984756,0.04264050541727409,6.125,0.09981684981684981,0.4523809523809524,0.19895833333333332,0.28787878787878785,0.48181547619047616,0.02858036809360409
0.2,21,8.940696716308594e-06,1012,0,0,0,0.4642857142857143,0.0,0.2857142857142857,0.07142857142857142,0.17857142857142858,0.6,0.0,0.0,0.0,0.4,0.3888888888888889,0.0,0.4444444444444444,0.1111111111111111,0.05555555555555555,0.925,0.925,0.875,0.875,0.95,0.9,1.0,1.0,0.8098958333333333,0.9345238095238095,0.9361111111111111,0.41639858157715304,0.06349022582454585,7.714285714285714,0.1987912087912088,0.045651651965133884,5.4,0.5372915664582332,0.07340054463533024,9.0,0.18099647266313934,0.25,0.23500000000000001,0.39285714285714285,0.5643990929705215,0.056178882047927994,0.3946109446109446,0.042813913885193,6.55,0.20598290598290597,0.03864397933086278,5.1875,0.5203629703629704,0.04559387025474648,7.458333333333333,0.1775030525030525,0.35714285714285715,0.24062499999999998,0.2803030303030303,0.5963293650793651,0.033830334721836816
0.2,22,8.940696716308594e-06,1064,0,0,0,0.2857142857142857,0.0,0.4642857142857143,0.0,0.25,0.3,0.0,0.0,0.0,0.7,0.2777777777777778,0.0,0.7222222222222222,0.0,0.0,1.0,0.6,1.0,1.0,1.0,0.6,1.0,1.0,0.7604166666666667,0.7514285714285714,1.0,0.5011776680369117,0.047383898221550584,8.178571428571429,0.44447712418300656,0.04124500830005381,8.9,0.5326779701779701,0.05079439262238214,7.777777777777778,0.12103174603174603,0.5178571428571429,0.6975,0.14285714285714285,0.60640589569161,0.03903220821247682,0.46884043040293044,0.04297936226967305,7.55,0.30003338675213675,0.03048855558109531,6.125,0.5813784595034596,0.05130656672872488,8.5,0.1156898656898657,0.4523809523809524,0.5890625,0.18181818181818182,0.5991865079365079,0.036100013430416786
0.2,23,9.924173355102539e-06,1060,0,0,0,0.39285714285714285,0.0,0.2857142857142857,0.0,0.32142857142857145,0.6,0.0,0.3,0.0,0.1,0.2777777777777778,0.0,0.2777777777777778,0.0,0.4444444444444444,1.0,0.825,0.75,0.75,1.0,0.875,0.875,0.875,0.921875,0.9904761904761905,1.0,0.31838049322293027,0.052867595605149365,6.178571428571429,0.1791241111829347,0.026780486107486474,4.1,0.39574514991181653,0.06736043421496209,7.333333333333333,0.15299823633156964,0.6071428571428571,0.12,0.39285714285714285,0.49057539682539686,0.04178217268120308,0.32105274219244806,0.06041126670517107,6.825,0.22935183688860158,0.046501970353358735,5.875,0.3821866790616791,0.06968413093971264,7.458333333333333,0.17261904761904762,0.5952380952380952,0.1375,0.4772727272727273,0.5353075396825396,0.04681323366436715
0.2,24,9.357929229736328e-06,972,0,0,0,0.42857142857142855,0.03571428571428571,0.39285714285714285,0.0,0.14285714285714285,0.6,0.1,0.3,0.0,0.0,0.3333333333333333,0.0,0.4444444444444444,0.0,0.2222222222222222,0.975,0.775,1.0,1.0,0.975,0.775,1.0,1.0,0.8390625,0.9380952380952381,0.9916666666666667,0.4069002717637171,0.06412976787173147,7.535714285714286,0.17046433958198665,0.05382047668565755,5.2,0.538253567420234,0.06985715186399477,8.833333333333334,0.13602292768959434,0.32142857142857145,0.39,0.32142857142857145,0.48098072562358274,0.05728285196514982,0.3808656131450249,0.062433457474319984,7.4,0.1896636859872154,0.06532052536733757,6.125,0.5083335645835646,0.0605087455456416,8.25,0.13995726495726496,0.30952380952380953,0.3828125,0.25,0.4574007936507936,0.05615921220481568
0.2,25,8.210539817810059e-06,1450,0,0,0,0.5,0.03571428571428571,0.32142857142857145,0.0,0.14285714285714285,0.7,0.0,0.2,0.0,0.1,0.3888888888888889,0.05555555555555555,0.3888888888888889,0.0,0.16666666666666666,1.0,0.65,1.0,1.0,1.0,0.75,1.0,1.0,0.9020833333333333,0.9095238095238095,1.0,0.3164933164407954,0.05111793331668784,5.928571428571429,0.11932342167636285,0.04088159835200002,3.9,0.4260321468654802,0.05680478607484775,7.055555555555555,0.048500881834215165,0.5,0.2625,0.21428571428571427,0.5130527210884354,0.041410405647414675,0.30641028293601824,0.057618583573847706,6.475,0.16571057108740933,0.05168871492594761,5.1875,0.4002100908350908,0.061571829339114446,7.333333333333333,0.015873015873015872,0.6428571428571429,0.296875,0.25,0.5175892857142858,0.04357915260521426
0.2,26,0.0026192963123321533,2000,6,1,0,0.5,0.14285714285714285,0.17857142857142858,0.07142857142857142,0.10714285714285714,0.8,0.0,0.0,0.2,0.0,0.3333333333333333,0.2222222222222222,0.2777777777777778,0.0,0.16666666666666666,0.825,0.8,0.875,1.0,0.9,0.85,1.0,1.0,0.9171875,0.9228571428571428,0.8694444444444445,0.39600340136054424,0.0640540467168343,8.142857142857142,0.5372222222222222,0.08982732038236202,12.5,0.31754850088183423,0.049735561347096696,5.722222222222222,0.21450617283950618,0.17857142857142858,0.4291666666666666,0.32142857142857145,0.45539965986394554,0.06114433820264802,0.34284070096570096,0.0621213034061888,7.4,0.3301262973137973,0.06357128877221564,8.3125,0.35131697006697005,0.06115464649550423,6.791666666666667,0.13125763125763124,0.35714285714285715,0.31614583333333335,0.3409090909090909,0.46205357142857145,0.055445897001321534
0.2,27,8.001923561096191e-06,1191,0,0,0,0.6785714285714286,0.03571428571428571,0.25,0.0,0.03571428571428571,0.8,0.1,0.1,0.0,0.0,0.6111111111111112,0.0,0.3333333333333333,0.0,0.05555555555555555,1.0,1.0,1.0,1.0,1.0,0.925,1.0,1.0,0.8958333333333333,0.9876190476190476,1.0,0.21896027058842185,0.034605628523931634,4.178571428571429,0.0946003016591252,0.034257381882518895,3.2,0.28804914221580885,0.03479909888027205,4.722222222222222,0.005291005291005291,0.5714285714285714,0.13916666666666666,0.32142857142857145,0.38582766439909294,0.0236714831803622,0.2546285067057126,0.03554793930460444,4.725,0.12244459482510953,0.02811248684256311,3.3125,0.34275111462611463,0.040504907612631987,5.666666666666667,0.015873015873015872,0.5714285714285714,0.17708333333333334,0.38636363636363635,0.443859126984127,0.02230026968102886
0.2,28,9.59634780883789e-06,1818,0,0,0,0.42857142857142855,0.0,0.39285714285714285,0.0,0.17857142857142858,0.5,0.0,0.3,0.0,0.2,0.3888888888888889,0.0,0.4444444444444444,0.0,0.16666666666666666,0.975,0.775,1.0,1.0,1.0,0.775,1.0,1.0,0.8619791666666667,0.8723809523809524,1.0,0.4208092036348338,0.06527233385265438,8.035714285714286,0.31399087840264306,0.07543977212318073,8.6,0.48015271765271766,0.0596237570356953,7.722222222222222,0.24713403880070547,0.6071428571428571,0.42666666666666664,0.2857142857142857,0.5048469387755101,0.055571408679342585,0.40037892662892655,0.05665909611802319,7.5,0.28039339133089136,0.06456869537112504,7.5,0.4803692834942835,0.05138602994928863,7.5,0.1688034188034188,0.5238095238095238,0.43437499999999996,0.3333333333333333,0.5388988095238094,0.04739275959103961
0.2,29,0.00016373395919799805,2000,34,11,10,0.39285714285714285,0.10714285714285714,0.39285714285714285,0.0,0.10714285714285714,0.6,0.0,0.4,0.0,0.0,0.2777777777777778,0.16666666666666666,0.3888888888888889,0.0,0.16666666666666666,1.0,0.525,1.0,1.0,1.0,0.65,1.0,1.0,0.7989583333333333,0.7923809523809524,1.0,0.5268437911295055,0.05231680317646486,8.357142857142858,0.2747008547008547,0.07269312407237144,7.9,0.6669232002565336,0.04099662490096121,8.61111111111111,0.29916225749559083,0.4642857142857143,0.5408333333333333,0.10714285714285714,0.6821286848072562,0.04754182610204875,0.4498331529581529,0.03916172420521726,7.025,0.255746336996337,0.04831064428279673,6.375,0.5792243635993636,0.033062444153497614,7.458333333333333,0.2054334554334554,0.4523809523809524,0.46979166666666666,0.20454545454545456,0.6210912698412698,0.030732174107072973
0.2,30,9.03010368347168e-06,998,0,0,0,0.42857142857142855,0.10714285714285714,0.17857142857142858,0.0,0.2857142857142857,0.4,0.0,0.2,0.0,0.4,0.4444444444444444,0.16666666666666666,0.16666666666666666,0.0,0.2222222222222222,0.925,0.775,1.0,1.0,0.975,0.725,1.0,1.0,0.8546875,0.9054761904761905,1.0,0.4061220000820841,0.05928532152618734,7.678571428571429,0.31734001292824826,0.050978179644447265,7.5,0.4554453262786596,0.06390040034937629,7.777777777777778,0.21781305114638447,0.375,0.29166666666666663,0.32142857142857145,0.6319160997732426,0.05039448247761939,0.36596711907373675,0.05405275448085545,7.075,0.3215710402750844,0.05591674281343505,7.6875,0.3955645049395049,0.05281009559246905,6.666666666666667,0.16758241758241757,0.35714285714285715,0.3296875,0.3409090909090909,0.5647222222222222,0.0442786434357471
0.2,31,9.119510650634766e-06,1548,0,0,0,0.4642857142857143,0.0,0.42857142857142855,0.0,0.10714285714285714,0.7,0.0,0.0,0.0,0.3,0.3333333333333333,0.0,0.6666666666666666,0.0,0.0,1.0,0.675,0.5,0.5,1.0,0.75,0.375,0.625,0.9197916666666667,0.8761904761904762,0.9944444444444445,0.30857683982683987,0.051720355243641776,6.0,0.16777777777777778,0.03164697231628723,4.0,0.3867985409652076,0.06287223464772765,7.111111111111111,0.04783950617283951,0.4642857142857143,0.21333333333333332,0.14285714285714285,0.42013888888888884,0.0464517207644815,0.2732087357087357,0.05061417213405508,5.625,0.0847470238095238,0.021804004094699857,2.4375,0.39884987697487695,0.06982095082695855,7.75,0.01862026862026862,0.5238095238095238,0.1640625,0.3409090909090909,0.43350198412698415,0.03981799052508446
0.2,32,9.745359420776367e-06,957,0,0,0,0.6071428571428571,0.07142857142857142,0.21428571428571427,0.0,0.10714285714285714,0.7,0.0,0.2,0.0,0.1,0.5555555555555556,0.1111111111111111,0.2222222222222222,0.0,0.1111111111111111,0.975,0.775,1.0,1.0,1.0,0.75,1.0,0.75,0.8291666666666666,0.9154761904761906,1.0,0.2961428102709615,0.05724813757803215,6.178571428571429,0.15539395245277599,0.05661754869171749,5.3,0.37433662016995356,0.05759846473709586,6.666666666666667,0.193342151675485,0.5,0.2391666666666667,0.2857142857142857,0.3948412698412698,0.049323756351292984,0.28916362436583026,0.0556134731605454,6.15,0.17215842266393735,0.04569806894329638,4.9375,0.3671670921670922,0.06222374263871142,6.958333333333333,0.20177045177045175,0.42857142857142855,0.2890625,0.4772727272727273,0.3706150793650793,0.044345806541054786
0.2,33,8.970499038696289e-06,1885,0,0,0,0.4642857142857143,0.07142857142857142,0.39285714285714285,0.03571428571428571,0.03571428571428571,0.6,0.0,0.3,0.1,0.0,0.3888888888888889,0.1111111111111111,0.4444444444444444,0.0,0.05555555555555555,1.0,0.85,1.0,1.0,1.0,0.925,1.0,1.0,0.8739583333333334,0.9773809523809525,1.0,0.3003022770879914,0.07093196433748829,6.75,0.10792429792429792,0.07619998281814683,5.3,0.40717893217893214,0.06800528740378908,7.555555555555555,0.10670194003527336,0.5,0.13416666666666668,0.5714285714285714,0.42310090702947845,0.059695286748939085,0.3114063714063714,0.06601233740176385,6.85,0.17071886446886447,0.07369209817012266,6.25,0.40519804269804266,0.06089249688952462,7.25,0.08379120879120878,0.35714285714285715,0.14895833333333333,0.45454545454545453,0.4658730158730158,0.055176922898004785
0.2,34,8.64267349243164e-06,1265,0,0,0,0.5357142857142857,0.0,0.21428571428571427,0.0,0.25,0.5,0.0,0.2,0.0,0.3,0.5555555555555556,0.0,0.2222222222222222,0.0,0.2222222222222222,1.0,0.75,0.5,1.0,1.0,0.95,0.5,1.0,0.8239583333333333,0.9066666666666667,1.0,0.3615780694562206,0.04740600626851068,6.464285714285714,0.25259175465057815,0.06498869027437346,7.2,0.4221260221260221,0.03763784848747581,6.055555555555555,0.06812169312169312,0.42857142857142855,0.31249999999999994,0.14285714285714285,0.5069869614512471,0.04163019087705673,0.3612452233224292,0.048423956318535764,6.65,0.24612629506930978,0.05659293011661364,6.6875,0.43799117549117544,0.042977973786483846,6.625,0.12301587301587301,0.3333333333333333,0.33229166666666665,0.26515151515151514,0.507718253968254,0.03975355451292082
0.2,35,9.953975677490234e-06,1557,0,0,0,0.4642857142857143,0.0,0.21428571428571427,0.03571428571428571,0.2857142857142857,0.8,0.0,0.1,0.1,0.0,0.2777777777777778,0.0,0.2777777777777778,0.0,0.4444444444444444,0.95,0.9,0.375,0.75,0.975,0.8,0.875,1.0,0.9666666666666667,0.9304761904761905,0.9472222222222222,0.35727156247114233,0.04564697404215617,6.321428571428571,0.2962730733318969,0.037186178819353835,6.4,0.39115961199294524,0.050347415832601904,6.277777777777778,0.11309523809523808,0.2857142857142857,0.2708333333333333,0.2857142857142857,0.44899376417233566,0.04031630422224212,0.36399261481982076,0.04882850839862987,6.675,0.2350857730912878,0.03641804547906119,5.5625,0.4499305093055093,0.057102150345008984,7.416666666666667,0.07539682539682539,0.35714285714285715,0.3203125,0.2727272727272727,0.5092063492063492,0.04165932474553015
0.2,36,9.655952453613281e-06,1420,0,0,0,0.35714285714285715,0.03571428571428571,0.10714285714285714,0.0,0.5,0.5,0.1,0.0,0.0,0.4,0.2777777777777778,0.0,0.16666666666666666,0.0,0.5555555555555556,0.925,0.725,1.0,1.0,0.975,0.675,1.0,1.0,0.9088541666666667,0.9459523809523809,1.0,0.36842978450121294,0.04005418231144266,5.821428571428571,0.09764957264957266,0.04033508301207055,3.4,0.5188632355299022,0.039898126366649384,7.166666666666667,0.052248677248677246,0.39285714285714285,0.38083333333333336,0.17857142857142858,0.45559807256235824,0.03472781940046644,0.3934482184482184,0.050862138255977386,6.825,0.1800480769230769,0.05802007016159485,5.5,0.5357149794649795,0.046090183652232414,7.708333333333333,0.05097680097680097,0.5,0.3651041666666667,0.19696969696969696,0.5410912698412698,0.04400475712506222
0.2,37,7.271766662597656e-06,758,0,0,0,0.4642857142857143,0.10714285714285714,0.21428571428571427,0.0,0.21428571428571427,0.4,0.3,0.2,0.0,0.1,0.5,0.0,0.2222222222222222,0.0,0.2777777777777778,1.0,0.7,1.0,1.0,1.0,0.825,1.0,1.0,0.9270833333333333,0.9495238095238094,1.0,0.33469615118774776,0.05046611986556336,6.357142857142857,0.23423436041083096,0.04654455676812815,5.8,0.3905082571749238,0.05264476603080513,6.666666666666667,0.07451499118165784,0.35714285714285715,0.22583333333333333,0.2857142857142857,0.5009637188208617,0.045347403420293864,0.31735420421082183,0.055074095342414545,6.525,0.24111087543991958,0.064417506017208,6.8125,0.36818309005809,0.048845154892552235,6.333333333333333,0.06868131868131867,0.47619047619047616,0.23750000000000002,0.4090909090909091,0.5282043650793651,0.04562994509421663
0.2,38,9.775161743164062e-06,1495,0,0,0,0.4642857142857143,0.07142857142857142,0.21428571428571427,0.0,0.25,0.5,0.2,0.0,0.0,0.3,0.4444444444444444,0.0,0.3333333333333333,0.0,0.2222222222222222,0.95,0.8,0.875,0.875,1.0,0.875,1.0,1.0,0.8859375,0.9261904761904762,0.8888888888888888,0.3948210519639091,0.07133557599661287,8.428571428571429,0.4651526251526252,0.11381514609686469,12.9,0.35574795574795576,0.047735814829806315,5.944444444444445,0.12169312169312169,0.6785714285714286,0.27416666666666667,0.39285714285714285,0.6052862811791383,0.06138550878181396,0.32248426206146796,0.04951949464750621,6.275,0.19715460703512172,0.043831825955138334,5.3125,0.4060373654123654,0.05331127377575146,6.916666666666667,0.02274114774114774,0.6904761904761905,0.184375,0.38636363636363635,0.586111111111111,0.03499098094412005
0.2,39,8.761882781982422e-06,1177,0,0,0,0.4642857142857143,0.10714285714285714,0.35714285714285715,0.0,0.07142857142857142,0.8,0.1,0.1,0.0,0.0,0.2777777777777778,0.1111111111111111,0.5,0.0,0.1111111111111111,1.0,0.725,0.75,1.0,1.0,0.825,1.0,1.0,0.76875,0.8852380952380952,1.0,0.3485197284041822,0.0717877686405283,7.678571428571429,0.24629174746821808,0.052481226604354114,6.5,0.4053130511463845,0.08251362532729173,8.333333333333334,0.21097883597883596,0.39285714285714285,0.13666666666666666,0.39285714285714285,0.5020549886621315,0.06116337691580476,0.29947715070876835,0.06290092635560132,6.7,0.19093344869999282,0.031904163421221335,4.5625,0.3718396187146187,0.08356543497852131,8.125,0.0989010989010989,0.40476190476190477,0.12187499999999998,0.45454545454545453,0.486140873015873,0.05116215009251378
0.2,40,7.092952728271484e-06,1042,0,0,0,0.42857142857142855,0.0,0.5,0.0,0.07142857142857142,0.3,0.0,0.5,0.0,0.2,0.5,0.0,0.5,0.0,0.0,1.0,0.7,1.0,0.875,0.975,0.7,1.0,0.875,0.8333333333333333,0.9407142857142856,0.9972222222222222,0.3701328958156688,0.06316757269637581,7.321428571428571,0.3163107807225454,0.09519703154869005,9.4,0.40003407086740417,0.04537342888953454,6.166666666666667,0.11728395061728396,0.48214285714285715,0.31500000000000006,0.2857142857142857,0.5434948979591837,0.05292501117298674,0.37011721122015234,0.07041573933343699,7.875,0.2673390029088558,0.09423267439936908,8.75,0.43863601676101677,0.054537782622815605,7.291666666666667,0.14529914529914528,0.6785714285714286,0.35260416666666666,0.25,0.5699404761904762,0.05742253366990184
0.2,41,9.775161743164062e-06,1152,0,0,0,0.25,0.42857142857142855,0.2857142857142857,0.0,0.03571428571428571,0.4,0.4,0.1,0.0,0.1,0.16666666666666666,0.4444444444444444,0.3888888888888889,0.0,0.0,1.0,0.85,1.0,1.0,1.0,0.85,0.875,0.875,0.9197916666666667,0.9214285714285715,1.0,0.3302393043464472,0.05265958557017815,6.321428571428571,0.1844932844932845,0.04906163134149981,5.3,0.41120931537598204,0.05465844903055502,6.888888888888889,0.06283068783068783,0.6071428571428571,0.18250000000000002,0.35714285714285715,0.5239654195011337,0.04215724513162918,0.33722191003441004,0.05305324669333229,6.575,0.20454346001221002,0.046742024359911184,5.5625,0.4256742100492101,0.05726072824894637,7.25,0.05525030525030526,0.6904761904761905,0.23385416666666664,0.37878787878787873,0.568531746031746,0.03948460101916145
0.2,42,9.59634780883789e-06,1213,0,0,0,0.6071428571428571,0.0,0.21428571428571427,0.07142857142857142,0.10714285714285714,0.8,0.0,0.0,0.0,0.2,0.5,0.0,0.3333333333333333,0.1111111111111111,0.05555555555555555,0.925,0.9,1.0,1.0,0.95,0.85,1.0,1.0,0.9015625,0.9714285714285714,0.9944444444444445,0.33998650159364446,0.03496240801559124,5.25,0.11641025641025642,0.024611282640146358,2.9,0.46419552669552666,0.04071303322417173,6.555555555555555,0.23721340388007056,0.14285714285714285,0.26166666666666666,0.25,0.40347222222222223,0.030626975657516358,0.35877004939504936,0.041162228203317164,6.0,0.13348405067155067,0.03570514556156911,3.75,0.5089607152107152,0.04480028329781586,7.5,0.19413919413919414,0.30952380952380953,0.3067708333333333,0.36363636363636365,0.47052579365079356,0.032696724818819536
0.2,43,9.59634780883789e-06,958,0,0,0,0.6785714285714286,0.0,0.17857142857142858,0.0,0.14285714285714285,0.9,0.0,0.1,0.0,0.0,0.5555555555555556,0.0,0.2222222222222222,0.0,0.2222222222222222,1.0,0.75,1.0,1.0,1.0,0.95,1.0,1.0,0.8802083333333333,0.9214285714285715,0.9805555555555556,0.30579195547682936,0.03871798515699652,5.5,0.2781871723048194,0.05324564608452076,6.9,0.32112794612794615,0.030647062419483062,4.722222222222222,0.05467372134038801,0.35714285714285715,0.19083333333333335,0.17857142857142858,0.4615221088435374,0.033322116633912116,0.28373375195066375,0.033023093085559264,4.95,0.15483748787976728,0.027326370765697584,3.8125,0.36966459466459467,0.036820907965467047,5.708333333333333,0.015873015873015872,0.38095238095238093,0.16927083333333331,0.38636363636363635,0.45824404761904763,0.022457352388566425
0.2,44,9.775161743164062e-06,1351,0,0,0,0.42857142857142855,0.07142857142857142,0.21428571428571427,0.0,0.2857142857142857,0.6,0.0,0.2,0.0,0.2,0.3333333333333333,0.1111111111111111,0.2222222222222222,0.0,0.3333333333333333,1.0,0.8,0.75,0.875,1.0,0.8,0.75,0.875,0.9260416666666667,0.970952380952381,1.0,0.3629921665635951,0.04771813024002194,6.285714285714286,0.17095238095238094,0.04974242989731294,5.1,0.46968093634760294,0.046593519319304715,6.944444444444445,0.3785273368606702,0.2857142857142857,0.2741666666666666,0.35714285714285715,0.4088718820861678,0.040334678954737906,0.39546564546564544,0.06295727094471996,7.65,0.24700091575091576,0.07120990943342398,7.3125,0.49444213194213193,0.05745551195225063,7.875,0.3368437118437118,0.42857142857142855,0.33281249999999996,0.4242424242424242,0.45597222222222217,0.05224022696979717
0.2,45,0.00016069412231445312,2000,1,0,1,0.25,0.10714285714285714,0.07142857142857142,0.0,0.5714285714285714,0.6,0.3,0.1,0.0,0.0,0.05555555555555555,0.0,0.05555555555555555,0.0,0.8888888888888888,1.0,0.75,0.625,1.0,1.0,0.75,0.625,1.0,0.8375,0.8911904761904762,1.0,0.5240465766726271,0.06749888638145105,9.178571428571429,0.28492781728075844,0.05464364839367754,7.2,0.6568903318903319,0.07464068526354745,10.277777777777779,0.2857142857142857,0.5535714285714286,0.385,0.5357142857142857,0.6982142857142856,0.05554447012147068,0.4876319085326438,0.06203483082261738,8.6,0.2458998262766645,0.04346794401155467,6.0,0.64878663003663,0.07441275536332585,10.333333333333334,0.31578144078144077,0.4880952380952381,0.3411458333333333,0.36363636363636365,0.6553869047619048,0.05141562844544363
0.2,46,7.4803829193115234e-06,878,0,0,0,0.25,0.03571428571428571,0.5,0.0,0.21428571428571427,0.5,0.1,0.3,0.0,0.1,0.1111111111111111,0.0,0.6111111111111112,0.0,0.2777777777777778,0.95,0.525,0.875,1.0,1.0,0.6,0.875,1.0,0.8932291666666667,0.854047619047619,0.85,0.4597589910089909,0.0845650133046721,9.642857142857142,0.4570329670329671,0.11226871700790186,12.6,0.46127344877344867,0.06917406680287777,8.0,0.12257495590828925,0.6428571428571429,0.4250000000000001,0.2857142857142857,0.6590986394557824,0.07559672685555362,0.36709229291949874,0.06623576312066162,7.55,0.24677304415355888,0.06540735483156473,7.0,0.4473051254301254,0.06678803531339288,7.916666666666667,0.02442002442002442,0.7380952380952381,0.2885416666666667,0.3333333333333333,0.6183630952380953,0.05256271114352505
0.2,47,8.821487426757812e-06,810,0,0,0,0.5,0.0,0.14285714285714285,0.0,0.35714285714285715,0.8,0.0,0.0,0.0,0.2,0.3333333333333333,0.0,0.2222222222222222,0.0,0.4444444444444444,0.975,0.775,1.0,1.0,0.975,0.8,1.0,1.0,0.9130208333333334,0.9904761904761905,1.0,0.36004937522794667,0.04213496182986581,6.107142857142857,0.19712454212454214,0.0374330387673464,5.0,0.4505631713965048,0.044747141309043253,6.722222222222222,0.23258377425044088,0.2857142857142857,0.18916666666666665,0.10714285714285714,0.42246315192743766,0.03830963598112052,0.3343623043623044,0.03522712803397098,5.6,0.1903712606837607,0.02823440538422727,4.375,0.43035633348133345,0.03988894313380013,6.416666666666667,0.21306471306471308,0.2619047619047619,0.22239583333333332,0.022727272727272728,0.41951388888888896,0.032261678750860945
0.2,48,9.47713851928711e-06,1198,0,0,0,0.2857142857142857,0.10714285714285714,0.35714285714285715,0.0,0.25,0.4,0.3,0.2,0.0,0.1,0.2222222222222222,0.0,0.4444444444444444,0.0,0.3333333333333333,0.975,0.575,0.75,0.875,1.0,0.675,0.75,0.75,0.9296875,0.905952380952381,0.95,0.4218982406482406,0.07060222814629384,8.25,0.3194139194139194,0.06449314088404878,7.9,0.478833974667308,0.07399616551420779,8.444444444444445,0.08509700176366843,0.5714285714285714,0.3458333333333333,0.2857142857142857,0.6378259637188208,0.06196955446014578,0.3956555597180597,0.06622705217943221,7.9,0.22844455891330892,0.046398507866108094,5.875,0.5071295602545604,0.07944608172164828,9.25,0.04075091575091575,0.6666666666666666,0.34010416666666665,0.38636363636363635,0.6370138888888889,0.053221849533750934
0.2,49,8.374452590942383e-06,1623,0,0,0,0.5714285714285714,0.03571428571428571,0.21428571428571427,0.0,0.17857142857142858,0.9,0.1,0.0,0.0,0.0,0.3888888888888889,0.0,0.3333333333333333,0.0,0.2777777777777778,0.975,0.675,1.0,1.0,1.0,0.75,1.0,1.0,0.9489583333333333,0.9330952380952381,1.0,0.3410034701526298,0.030556643762789475,5.321428571428571,0.19297349709114414,0.026456521554042524,4.2,0.42324234407567746,0.03283448943431556,5.944444444444445,0.06437389770723104,0.35714285714285715,0.2891666666666667,0.21428571428571427,0.5420068027210884,0.02580604615783052,0.3639684131228249,0.03534249182328871,5.925,0.18357775802628745,0.024812253590150213,4.125,0.48422884985384984,0.04236265064538105,7.125,0.030677655677655676,0.42857142857142855,0.346875,0.20454545454545456,0.5424404761904762,0.027641948786838934
0.25,0,8.314847946166992e-06,748,0,0,0,0.25,0.07142857142857142,0.39285714285714285,0.03571428571428571,0.25,0.6,0.2,0.1,0.0,0.1,0.05555555555555555,0.0,0.5555555555555556,0.05555555555555555,0.3333333333333333,0.8,0.6,0.625,0.625,0.85,0.625,0.875,0.875,0.8255208333333333,0.8347619047619048,0.95,0.4944958985925373,0.06869468037386879,8.821428571428571,0.2889391654097536,0.05893009898757767,7.3,0.6086940836940837,0.07411944781069718,9.666666666666666,0.21097883597883596,0.39285714285714285,0.5316666666666666,0.25,0.583843537414966,0.061299140270775175,0.4347103937728938,0.054818665195082564,7.675,0.21879674145299144,0.03934739259416141,5.375,0.5786528286528286,0.06513284692902999,9.208333333333334,0.1913919413919414,0.4523809523809524,0.4677083333333333,0.25,0.5938392857142857,0.04548749512213949
0.25,1,9.238719940185547e-06,1314,0,0,0,0.10714285714285714,0.0,0.10714285714285714,0.0,0.7857142857142857,0.0,0.0,0.2,0.0,0.8,0.16666666666666666,0.0,0.05555555555555555,0.0,0.7777777777777778,1.0,0.475,0.25,0.25,1.0,0.525,0.5,0.5,0.7182291666666667,0.7607142857142857,1.0,0.6060351529889346,0.08096894901801406,10.892857142857142,0.422266393736982,0.09312524449045256,11.2,0.708128908128908,0.07421545153332602,10.722222222222221,0.5473985890652557,0.375,0.5275000000000001,0.25,0.7391581632653061,0.07433151914224544,0.5813112153369506,0.08218309521177457,10.925,0.4271956138224521,0.1087500914094023,12.0,0.6840549496799498,0.06447176441335609,10.208333333333334,0.5692918192918193,0.4642857142857143,0.47552083333333334,0.2803030303030303,0.6847321428571428,0.0726379605090724
0.25,2,8.64267349243164e-06,1814,0,0,0,0.03571428571428571,0.14285714285714285,0.10714285714285714,0.0,0.7142857142857143,0.0,0.4,0.0,0.0,0.6,0.05555555555555555,0.0,0.16666666666666666,0.0,0.7777777777777778,0.925,0.45,1.0,1.0,1.0,0.55,1.0,1.0,0.7677083333333333,0.7907142857142857,0.7638888888888888,0.7242305546927396,0.07159882411592368,12.0,0.7588989441930619,0.09663124756057692,16.3,0.7049703383036717,0.05769192220222746,9.61111111111111,0.4995590828924162,0.4107142857142857,0.7991666666666666,0.17857142857142858,0.8006094104308391,0.06696202730881687,0.5864657727893021,0.05167270921731495,9.375,0.44892264598146947,0.046689203113110325,9.25,0.6781611906611906,0.05499504662011804,9.458333333333334,0.2396214896214896,0.5595238095238095,0.6635416666666667,0.17424242424242423,0.7573015873015873,0.04187493467983342
0.25,3,9.298324584960938e-06,1060,0,0,0,0.32142857142857145,0.0,0.4642857142857143,0.0,0.21428571428571427,0.6,0.0,0.1,0.0,0.3,0.16666666666666666,0.0,0.6666666666666666,0.0,0.16666666666666666,0.65,0.35,0.125,1.0,1.0,0.7,0.125,1.0,0.70625,0.7664285714285715,0.6,0.6311688311688312,0.08805284014577255,12.5,0.8644444444444443,0.12171385548455489,19.2,0.5015712682379349,0.06935227606867127,8.777777777777779,0.4411375661375661,0.2857142857142857,0.7000000000000001,0.25,0.6752409297052153,0.08404288781698246,0.43497787955508543,0.05929613457130258,7.925,0.21596374928176398,0.04709107000802171,5.75,0.5809872997372998,0.0674328442801565,9.375,0.22130647130647133,0.4523809523809524,0.3885416666666667,0.36363636363636365,0.5958531746031747,0.047839232544782215
0.25,4,9.179115295410156e-06,976,0,0,0,0.21428571428571427,0.17857142857142858,0.17857142857142858,0.0,0.42857142857142855,0.3,0.4,0.1,0.0,0.2,0.16666666666666666,0.05555555555555555,0.2222222222222222,0.0,0.5555555555555556,0.925,0.75,1.0,1.0,1.0,0.9,1.0,1.0,0.8390625,0.9052380952380952,0.9583333333333333,0.4869255744255744,0.0817752043090073,9.607142857142858,0.3359096459096459,0.05256005412198324,7.6,0.5708233124899791,0.09800584330179843,10.722222222222221,0.2943121693121693,0.2857142857142857,0.4325,0.32142857142857145,0.6286422902494332,0.07584003030306517,0.42963036963036966,0.06821185986882124,8.475,0.2945016788766789,0.0347814535513202,6.25,0.5197161634661634,0.0904987974138219,9.958333333333334,0.2979242979242979,0.30952380952380953,0.34270833333333334,0.3409090909090909,0.6084325396825397,0.059660271043915136
0.25,5,9.655952453613281e-06,1856,0,0,0,0.25,0.21428571428571427,0.0,0.03571428571428571,0.5,0.1,0.4,0.0,0.1,0.4,0.3333333333333333,0.1111111111111111,0.0,0.0,0.5555555555555556,1.0,0.725,0.875,1.0,0.975,0.55,1.0,1.0,0.8046875,0.9488095238095238,1.0,0.477781555512648,0.04016076260878197,7.357142857142857,0.37806974071679955,0.05418756774751458,8.7,0.5331770081770082,0.03236809308726387,6.611111111111111,0.14175485008818342,0.4642857142857143,0.3891666666666667,0.07142857142857142,0.6562216553287982,0.0316791824881886,0.5104495239237886,0.04409222074614797,8.3,0.4153123989980607,0.04810144735863463,8.9375,0.5738742738742738,0.0414194030044902,7.875,0.08791208791208792,0.5476190476190477,0.5604166666666666,0.13636363636363635,0.7123313492063492,0.03347843627489806
0.25,6,9.357929229736328e-06,1537,0,0,0,0.17857142857142858,0.10714285714285714,0.32142857142857145,0.03571428571428571,0.35714285714285715,0.3,0.3,0.2,0.0,0.2,0.1111111111111111,0.0,0.3888888888888889,0.05555555555555555,0.4444444444444444,0.975,0.575,1.0,1.0,0.975,0.575,1.0,1.0,0.79375,0.8014285714285714,1.0,0.527380276119772,0.05548779146857125,8.714285714285714,0.39581340228399053,0.05846272723847954,9.0,0.6004729838063171,0.053835049374177775,8.555555555555555,0.060185185185185175,0.5,0.6483333333333333,0.07142857142857142,0.6833333333333335,0.048443730477818504,0.5266942208118679,0.05112288822423672,8.775,0.4108639930331107,0.04853025888893948,8.875,0.6039143726643726,0.05285130778110154,8.708333333333334,0.08959096459096458,0.5476190476190477,0.6567708333333333,0.045454545454545456,0.6867261904761904,0.04281007356805325
0.25,7,0.04243418574333191,2000,56,20,14,0.21428571428571427,0.14285714285714285,0.17857142857142858,0.0,0.4642857142857143,0.2,0.3,0.1,0.0,0.4,0.2222222222222222,0.05555555555555555,0.2222222222222222,0.0,0.5,0.9,0.45,0.875,0.875,1.0,0.625,0.875,0.875,0.65,0.8042857142857143,0.7527777777777778,0.6498685837971552,0.08558804810813378,12.107142857142858,0.7788888888888889,0.11337398501704817,17.3,0.5781906365239698,0.07015141649207021,9.222222222222221,0.3245149911816579,0.5,0.6641666666666668,0.2857142857142857,0.7993339002267575,0.07948499189961367,0.5050633108721344,0.0613698497146523,9.2,0.4566320117790706,0.0662848762708314,10.4375,0.5373508436008436,0.058093165343866236,8.375,0.12652625152625152,0.5119047619047619,0.46458333333333335,0.2727272727272727,0.7583134920634921,0.052810428369182094
0.25,8,0.010547906160354614,2000,26,11,4,0.10714285714285714,0.10714285714285714,0.21428571428571427,0.03571428571428571,0.5357142857142857,0.2,0.3,0.2,0.1,0.2,0.05555555555555555,0.0,0.2222222222222222,0.0,0.7222222222222222,0.975,0.525,0.25,0.875,0.975,0.6,0.5,0.875,0.7177083333333334,0.8821428571428571,0.9833333333333334,0.4796220294644664,0.079492534454278,9.678571428571429,0.4070361990950226,0.0534353219548689,9.1,0.519947490780824,0.09396876362061635,10.0,0.13271604938271603,0.5357142857142857,0.4666666666666667,0.35714285714285715,0.6408730158730158,0.06976610706112427,0.48176796447017034,0.05976882958538425,8.75,0.3776338500143647,0.04602422490735424,8.1875,0.5511907074407074,0.06893189937073757,9.125,0.18833943833943834,0.4523809523809524,0.42291666666666666,0.3409090909090909,0.678045634920635,0.049621063201008384
0.25,9,8.58306884765625e-06,1479,0,0,0,0.14285714285714285,0.10714285714285714,0.5357142857142857,0.0,0.21428571428571427,0.3,0.3,0.2,0.0,0.2,0.05555555555555555,0.0,0.7222222222222222,0.0,0.2222222222222222,1.0,0.725,0.625,1.0,1.0,0.7,0.625,1.0,0.7541666666666667,0.8085714285714285,1.0,0.622069841922783,0.06908465937238442,10.392857142857142,0.40799324858148384,0.04789925078406799,8.8,0.7410012826679494,0.08085433081033798,11.277777777777779,0.7391975308641975,0.375,0.4033333333333333,0.25,0.712797619047619,0.0621201658476236,0.5782611934633993,0.07250513345318574,10.4,0.3962922749227896,0.05617572049722899,9.0,0.6995738058238059,0.08339140875715693,11.333333333333334,0.6385836385836386,0.40476190476190477,0.39218749999999997,0.37121212121212116,0.6801190476190476,0.06221547050511826
0.25,10,8.732080459594727e-06,828,0,0,0,0.10714285714285714,0.0,0.75,0.10714285714285714,0.03571428571428571,0.1,0.0,0.8,0.0,0.1,0.1111111111111111,0.0,0.7222222222222222,0.16666666666666666,0.0,0.725,0.35,1.0,1.0,0.875,0.45,1.0,1.0,0.5921875,0.5997619047619047,0.8111111111111111,0.7122773235168193,0.09111078141789745,12.571428571428571,0.5291528406234288,0.12225264175263788,14.4,0.8140131473464807,0.07380974789859722,11.555555555555555,0.35185185185185186,0.6785714285714286,0.7975,0.10714285714285714,0.9071712018140591,0.0802147507973964,0.5899234221660692,0.08215076457423624,10.875,0.3863314075630252,0.1057258973156259,11.25,0.7256514319014319,0.06643400941330982,10.625,0.19597069597069597,0.7857142857142857,0.7281249999999999,0.10606060606060605,0.8132638888888888,0.06906094916094736
0.25,11,8.821487426757812e-06,1306,0,0,0,0.17857142857142858,0.21428571428571427,0.39285714285714285,0.10714285714285714,0.10714285714285714,0.1,0.2,0.1,0.3,0.3,0.2222222222222222,0.2222222222222222,0.5555555555555556,0.0,0.0,0.7,0.6,0.375,1.0,0.925,0.8,0.5,1.0,0.6880208333333333,0.7842857142857143,0.8111111111111111,0.5431641770927486,0.10225432461396866,11.75,0.6318192918192918,0.12831768910510194,16.1,0.4939113355780022,0.08777467767445014,9.333333333333334,0.36948853615520283,0.35714285714285715,0.4541666666666666,0.35714285714285715,0.7182823129251702,0.09632558567697329,0.4320904442779442,0.0805928538415183,9.35,0.4118656517094017,0.08363439198172687,10.5625,0.4455736393236393,0.07856516174804594,8.541666666666666,0.3025030525030525,0.42857142857142855,0.309375,0.5075757575757576,0.6247916666666666,0.06928932205305913
0.25,12,8.463859558105469e-06,1107,0,0,0,0.14285714285714285,0.07142857142857142,0.14285714285714285,0.0,0.6428571428571429,0.3,0.2,0.4,0.0,0.1,0.05555555555555555,0.0,0.0,0.0,0.9444444444444444,0.875,0.375,0.875,1.0,1.0,0.5,0.875,1.0,0.7166666666666667,0.7345238095238096,0.75,0.6070605456634868,0.10140229261835147,12.428571428571429,0.7140372046254398,0.1300200453340092,17.3,0.5476290684624018,0.08550354110965272,9.722222222222221,0.23412698412698413,0.6071428571428571,0.5966666666666666,0.21428571428571427,0.7945861678004534,0.0934086511367874,0.48111267000972885,0.08253557323583545,9.875,0.38575928768943474,0.081008061789613,10.0,0.5446815915565916,0.08355391419998376,9.791666666666666,0.10134310134310134,0.6190476190476191,0.4119791666666667,0.34848484848484845,0.7076091269841269,0.07017508796663846
0.25,13,9.059906005859375e-06,1182,0,0,0,0.25,0.07142857142857142,0.25,0.0,0.42857142857142855,0.4,0.2,0.0,0.0,0.4,0.16666666666666666,0.0,0.3888888888888889,0.0,0.4444444444444444,1.0,0.75,0.875,0.625,1.0,0.825,1.0,0.5,0.9010416666666667,0.9797619047619048,1.0,0.47908513055571883,0.03240113465671641,6.607142857142857,0.20165481577246283,0.03236885839513347,4.7,0.6332130832130832,0.03241906591315138,7.666666666666667,0.48148148148148145,0.16071428571428573,0.20833333333333334,0.25,0.6326105442176871,0.026534284562632838,0.5066050820094938,0.04270095954755047,7.65,0.22927182090785034,0.04588472898499042,5.8125,0.6914939227439229,0.040578446589257154,8.875,0.47206959706959706,0.2261904761904762,0.303125,0.3333333333333333,0.725625,0.034193094895562506
0.25,14,7.748603820800781e-06,995,0,0,0,0.35714285714285715,0.07142857142857142,0.32142857142857145,0.0,0.25,0.5,0.2,0.3,0.0,0.0,0.2777777777777778,0.0,0.3333333333333333,0.0,0.3888888888888889,0.825,0.775,1.0,1.0,0.975,0.7,1.0,1.0,0.790625,0.9185714285714286,1.0,0.4413010892002488,0.053396142421295964,7.75,0.3186084177260648,0.05740116782498953,7.6,0.5094636844636844,0.05117112830813288,7.833333333333333,0.10934744268077601,0.5,0.5308333333333333,0.32142857142857145,0.5848781179138322,0.04473798856687491,0.4136464087383205,0.04754832019811529,7.325,0.3333822070494865,0.062034223179238256,8.1875,0.46715587653087653,0.03789105154403333,6.75,0.09859584859584859,0.5238095238095238,0.4359375,0.3181818181818182,0.6378869047619048,0.03716630495360419
0.25,15,0.0006568431854248047,2000,3,1,1,0.25,0.03571428571428571,0.42857142857142855,0.03571428571428571,0.25,0.5,0.0,0.2,0.1,0.2,0.1111111111111111,0.05555555555555555,0.5555555555555556,0.0,0.2777777777777778,1.0,0.55,0.625,0.625,1.0,0.675,0.875,0.875,0.78125,0.8726190476190476,1.0,0.48742598437976586,0.03982169869681692,7.178571428571429,0.2625777490483373,0.024723176824988875,5.3,0.6123416706750038,0.04820976640338806,8.222222222222221,0.33112874779541446,0.17857142857142858,0.29166666666666663,0.10714285714285714,0.6075680272108844,0.035667409693660376,0.48747767347032045,0.04092642653636325,7.6,0.3051958764274941,0.03851145114969776,6.6875,0.6089988714988714,0.04253641012747358,8.208333333333334,0.32722832722832723,0.23809523809523808,0.35416666666666663,0.14393939393939392,0.6369345238095239,0.03389429698414405
0.25,16,9.626150131225586e-06,973,0,0,0,0.21428571428571427,0.0,0.2857142857142857,0.0,0.5,0.3,0.0,0.6,0.0,0.1,0.16666666666666666,0.0,0.1111111111111111,0.0,0.7222222222222222,0.95,0.425,0.875,0.875,0.975,0.575,0.875,0.875,0.8375,0.8185714285714285,0.8555555555555556,0.6217855032455873,0.053926952305540225,9.857142857142858,0.6102887308769661,0.08553946235151003,13.5,0.6281725990059323,0.03636444672444589,7.833333333333333,0.30753968253968256,0.3392857142857143,0.5941666666666666,0.21428571428571427,0.7795493197278912,0.047705637783943274,0.5562492348337937,0.047595568510591754,8.925,0.44446941436831144,0.061611439775333746,10.0,0.6307691151441152,0.03825165433409709,8.208333333333334,0.30860805860805857,0.39285714285714285,0.4640625,0.22727272727272727,0.7279761904761906,0.03878470364734221
0.25,17,8.64267349243164e-06,1592,0,0,0,0.21428571428571427,0.14285714285714285,0.4642857142857143,0.0,0.17857142857142858,0.3,0.3,0.2,0.0,0.2,0.16666666666666666,0.05555555555555555,0.6111111111111112,0.0,0.16666666666666666,0.975,0.7,0.875,1.0,1.0,0.725,0.875,1.0,0.8385416666666667,0.9190476190476191,0.9722222222222222,0.5417168440802894,0.047929969474235515,8.321428571428571,0.3013923005099476,0.040654430334006515,6.7,0.675230479397146,0.051971935663251624,9.222222222222221,0.13778659611992944,0.5714285714285714,0.5733333333333333,0.42857142857142855,0.7050878684807256,0.036794526661312825,0.5260272570566688,0.04110840071334366,8.05,0.30451602115205056,0.04629291055887237,7.125,0.6737014143264144,0.0376520608163245,8.666666666666666,0.14026251526251526,0.6428571428571429,0.5338541666666666,0.37878787878787873,0.7100793650793651,0.028086757806842742
0.25,18,8.285045623779297e-06,1415,0,0,0,0.10714285714285714,0.14285714285714285,0.32142857142857145,0.25,0.17857142857142858,0.2,0.1,0.5,0.0,0.2,0.05555555555555555,0.16666666666666666,0.2222222222222222,0.3888888888888889,0.16666666666666666,0.775,0.525,1.0,1.0,0.75,0.6,1.0,1.0,0.7822916666666666,0.8011904761904762,0.9944444444444445,0.44969803189340996,0.09122065117178581,9.821428571428571,0.3653774330244918,0.11031603760838286,11.2,0.49654280904280906,0.08061210315145412,9.055555555555555,0.10295414462081129,0.6785714285714286,0.43000000000000005,0.39285714285714285,0.5979591836734693,0.07953508360806702,0.4139054776922424,0.09223814753880691,9.65,0.3256212741506859,0.09940129468762528,10.0,0.47276161338661343,0.08746271610626133,9.416666666666666,0.11065323565323563,0.5952380952380952,0.37916666666666665,0.38636363636363635,0.5538194444444444,0.08046905379362382
0.25,19,8.27014446258545e-06,1639,0,0,0,0.14285714285714285,0.0,0.17857142857142858,0.0,0.6785714285714286,0.2,0.0,0.5,0.0,0.3,0.1111111111111111,0.0,0.0,0.0,0.8888888888888888,0.975,0.5,1.0,1.0,1.0,0.65,1.0,1.0,0.8536458333333333,0.839047619047619,0.9916666666666667,0.45915217485595644,0.07125040191669421,8.892857142857142,0.43853013000071817,0.07320017650552715,10.3,0.47060886644219985,0.07016719381178702,8.11111111111111,0.3073192239858906,0.39285714285714285,0.39583333333333337,0.14285714285714285,0.6640164399092969,0.06502345796965917,0.4336148696075167,0.06324456186230856,8.45,0.3710612610428787,0.057350958431120265,8.6875,0.47531727531727536,0.0671736308164341,8.291666666666666,0.2611416361416361,0.5,0.36302083333333335,0.25,0.6513888888888889,0.052166840941636594
0.25,20,7.867813110351562e-06,1225,0,0,0,0.25,0.07142857142857142,0.35714285714285715,0.03571428571428571,0.2857142857142857,0.4,0.0,0.4,0.0,0.2,0.16666666666666666,0.1111111111111111,0.3333333333333333,0.05555555555555555,0.3333333333333333,0.725,0.575,1.0,1.0,0.95,0.725,1.0,1.0,0.6677083333333333,0.7142857142857143,0.8027777777777778,0.6149947449842408,0.09910972388047672,12.214285714285714,0.5374434389140271,0.10550739188438489,13.7,0.6580788039121371,0.09555546387830553,11.38888888888889,0.3044532627865961,0.5,0.6158333333333332,0.10714285714285714,0.7254393424036282,0.09319278851752148,0.4041916518938578,0.06991681858381982,8.2,0.2196095826150973,0.06425574995884642,6.6875,0.5272463647463647,0.07369086433380208,9.208333333333334,0.09981684981684981,0.42857142857142855,0.3979166666666667,0.18181818181818182,0.5609027777777779,0.0631044751132985
0.25,21,9.864568710327148e-06,1486,0,0,0,0.2857142857142857,0.10714285714285714,0.5357142857142857,0.0,0.07142857142857142,0.5,0.1,0.3,0.0,0.1,0.16666666666666666,0.1111111111111111,0.6666666666666666,0.0,0.05555555555555555,1.0,0.675,0.125,0.125,1.0,0.775,0.25,0.25,0.7260416666666667,0.7854761904761904,0.9916666666666667,0.5035970157293687,0.05680645897041114,8.607142857142858,0.35550815197874025,0.041801480088228274,7.8,0.58586860670194,0.06514255834940162,9.055555555555555,0.1388888888888889,0.5714285714285714,0.4066666666666666,0.17857142857142858,0.7000850340136054,0.04699468752884025,0.4374770919440037,0.05154520268919849,7.6,0.2578308486856281,0.03230387189298974,5.6875,0.5572412541162541,0.06437275655333764,8.875,0.13675213675213674,0.5,0.3036458333333333,0.18181818181818182,0.6441369047619048,0.042179574214512114
0.25,22,8.463859558105469e-06,1163,0,0,0,0.17857142857142858,0.10714285714285714,0.32142857142857145,0.10714285714285714,0.2857142857142857,0.3,0.0,0.4,0.0,0.3,0.1111111111111111,0.16666666666666666,0.2777777777777778,0.16666666666666666,0.2777777777777778,0.9,0.65,1.0,1.0,0.925,0.675,1.0,1.0,0.7838541666666667,0.8335714285714286,0.85,0.521056919271205,0.08248764973843013,10.321428571428571,0.48758852258852253,0.1174429998000766,13.4,0.5396504729838063,0.06306801081529324,8.61111111111111,0.13161375661375663,0.6071428571428571,0.5599999999999998,0.4642857142857143,0.7060232426303854,0.07271319146760924,0.4528232980255039,0.06654572172838757,8.525,0.2790036607591755,0.0839549095139728,8.4375,0.5687030562030563,0.054939596537997404,8.583333333333334,0.028998778998779,0.6904761904761905,0.475,0.4090909090909091,0.6986805555555555,0.053890446888791674
0.25,23,9.626150131225586e-06,1034,0,0,0,0.25,0.0,0.14285714285714285,0.0,0.6071428571428571,0.5,0.0,0.3,0.0,0.2,0.1111111111111111,0.0,0.05555555555555555,0.0,0.8333333333333334,0.95,0.625,0.625,0.625,1.0,0.825,0.625,0.625,0.76875,0.7719047619047619,0.9,0.4478397594469023,0.08027973659731481,9.357142857142858,0.39324786324786326,0.06372228487210724,9.3,0.47816859066859063,0.0894783208890968,9.38888888888889,0.15388007054673722,0.39285714285714285,0.41583333333333333,0.5,0.5746740362811791,0.07162294530770638,0.3814265024191495,0.05710707060316387,7.4,0.25979943259355026,0.03197812116912516,5.6875,0.46251121563621567,0.07385970355918968,8.541666666666666,0.08699633699633699,0.4880952380952381,0.3458333333333333,0.4772727272727273,0.553640873015873,0.044372081890285256
0.25,24,9.357929229736328e-06,1499,0,0,0,0.21428571428571427,0.14285714285714285,0.2857142857142857,0.0,0.35714285714285715,0.3,0.0,0.2,0.0,0.5,0.16666666666666666,0.2222222222222222,0.3333333333333333,0.0,0.2777777777777778,0.875,0.675,0.625,0.625,0.975,0.75,0.75,0.75,0.8427083333333334,0.9202380952380953,0.9361111111111111,0.4669364657284825,0.06615438173533846,8.678571428571429,0.4214228255404726,0.07318088487796741,9.9,0.49222182138848797,0.06225076887832234,8.0,0.40013227513227506,0.39285714285714285,0.24249999999999994,0.32142857142857145,0.6193027210884354,0.05939225100386318,0.4220216446135564,0.06173193605549672,8.1,0.3301312912985707,0.05759753869081255,7.9375,0.4832818801568801,0.06448820096528614,8.208333333333334,0.30036630036630035,0.40476190476190477,0.24635416666666665,0.4318181818181818,0.6218154761904762,0.051263244703284604
0.25,25,9.59634780883789e-06,1458,0,0,0,0.2857142857142857,0.03571428571428571,0.39285714285714285,0.0,0.2857142857142857,0.4,0.0,0.1,0.0,0.5,0.2222222222222222,0.05555555555555555,0.5555555555555556,0.0,0.16666666666666666,0.95,0.85,1.0,1.0,0.975,0.85,0.875,0.875,0.8177083333333333,0.8876190476190475,0.9638888888888889,0.45550801322860146,0.06305755045642959,8.214285714285714,0.2557146448322919,0.059519950270010516,7.0,0.566504329004329,0.06502288389332908,8.88888888888889,0.34325396825396826,0.2857142857142857,0.21999999999999997,0.32142857142857145,0.6313775510204083,0.05678717049320366,0.43681279096720277,0.047347303528425845,7.3,0.2137994460604755,0.03967679388787465,5.3125,0.5854883542383542,0.05246097662212663,8.625,0.3066239316239316,0.38095238095238093,0.2703125,0.3409090909090909,0.6267857142857143,0.03728437371096958
0.25,26,8.821487426757812e-06,1620,0,0,0,0.10714285714285714,0.2857142857142857,0.2857142857142857,0.0,0.32142857142857145,0.1,0.2,0.1,0.0,0.6,0.1111111111111111,0.3333333333333333,0.3888888888888889,0.0,0.16666666666666666,0.975,0.525,0.125,1.0,1.0,0.725,0.375,1.0,0.8203125,0.8230952380952381,0.95,0.40413160602236237,0.07842186441803627,8.821428571428571,0.4072322775263951,0.0982110833944337,11.3,0.40240901074234403,0.06742785387559326,7.444444444444445,0.11507936507936509,0.4642857142857143,0.30000000000000004,0.21428571428571427,0.6171910430839002,0.07047323383789467,0.36454685837038775,0.06453949384433547,7.625,0.29495629982762334,0.05905303632607245,7.5,0.4109405640655641,0.06819713218984412,7.708333333333333,0.11584249084249083,0.5476190476190477,0.22916666666666663,0.4090909090909091,0.5782738095238095,0.05267303896189716
0.25,27,0.00015860795974731445,2000,2,1,0,0.21428571428571427,0.07142857142857142,0.21428571428571427,0.0,0.5,0.3,0.2,0.1,0.0,0.4,0.16666666666666666,0.0,0.2777777777777778,0.0,0.5555555555555556,0.9,0.35,1.0,1.0,0.975,0.475,1.0,1.0,0.7125,0.6207142857142858,0.85,0.5369585713073108,0.1046107081799723,11.571428571428571,0.5447899159663866,0.13615180970274682,15.1,0.5326078242744908,0.08708787400065311,9.61111111111111,0.1569664902998236,0.5,0.5349999999999999,0.39285714285714285,0.6798044217687075,0.09648330815357586,0.45642831433272607,0.07938986026017719,9.4,0.3327402275012569,0.07458018345297986,8.9375,0.5388870388870389,0.08259631146497541,9.708333333333334,0.14133089133089136,0.6190476190476191,0.35,0.37121212121212116,0.6015575396825398,0.06617210047966675
0.25,28,9.5367431640625e-06,1117,0,0,0,0.32142857142857145,0.10714285714285714,0.2857142857142857,0.14285714285714285,0.14285714285714285,0.4,0.3,0.2,0.0,0.1,0.2777777777777778,0.0,0.3333333333333333,0.2222222222222222,0.16666666666666666,0.825,0.675,1.0,1.0,0.85,0.725,1.0,1.0,0.8697916666666667,0.9380952380952381,0.9388888888888889,0.48707323838626354,0.08436310805503318,10.0,0.47264705882352953,0.06350173781887337,10.4,0.49508778258778247,0.09595275818623306,9.777777777777779,0.34016754850088177,0.4642857142857143,0.5041666666666667,0.0,0.5705073696145124,0.07982402013098533,0.41905389341051097,0.07615326517798154,8.9,0.3306655915571357,0.048857655938629625,7.75,0.477979427979428,0.09435033800421616,9.666666666666666,0.27167277167277165,0.5714285714285714,0.45052083333333337,0.1212121212121212,0.5531051587301588,0.06694775055560528
0.25,29,9.59634780883789e-06,929,0,0,0,0.32142857142857145,0.03571428571428571,0.4642857142857143,0.0,0.17857142857142858,0.3,0.1,0.4,0.0,0.2,0.3333333333333333,0.0,0.5,0.0,0.16666666666666666,0.975,0.525,1.0,1.0,0.95,0.625,1.0,1.0,0.8296875,0.8380952380952381,1.0,0.39063300145232915,0.06611116149262132,7.714285714285714,0.2557853910795087,0.09723958271844994,8.7,0.4655483405483405,0.04881759414493875,7.166666666666667,0.06349206349206349,0.5,0.4225,0.07142857142857142,0.5109552154195011,0.060416874532875774,0.39254011511364456,0.06287017339136534,7.725,0.2747391905480141,0.08237380817444746,8.3125,0.47107406482406483,0.049867750202643946,7.333333333333333,0.0815018315018315,0.6190476190476191,0.35260416666666666,0.1590909090909091,0.570138888888889,0.05322046166547982
0.25,30,9.000301361083984e-06,759,0,0,0,0.2857142857142857,0.0,0.14285714285714285,0.21428571428571427,0.35714285714285715,0.3,0.0,0.0,0.4,0.3,0.2777777777777778,0.0,0.2222222222222222,0.1111111111111111,0.3888888888888889,0.75,0.475,1.0,1.0,0.925,0.6,1.0,1.0,0.7880208333333334,0.8547619047619048,0.8527777777777779,0.596140589102774,0.07805647669094619,11.071428571428571,0.6159685412626589,0.11444890487327072,15.3,0.5851250601250602,0.05783846103409921,8.722222222222221,0.3648589065255732,0.4642857142857143,0.6183333333333334,0.14285714285714285,0.689016439909297,0.07286073484283272,0.5613246638981932,0.07694609653440473,10.8,0.6451795141133376,0.11715677255033514,15.625,0.5054214304214304,0.05013897919045113,7.583333333333333,0.3666056166056166,0.42857142857142855,0.5125,0.2727272727272727,0.6590376984126984,0.06849193453668936
0.25,31,9.894371032714844e-06,1177,0,0,0,0.42857142857142855,0.0,0.5,0.0,0.07142857142857142,0.7,0.0,0.3,0.0,0.0,0.2777777777777778,0.0,0.6111111111111112,0.0,0.1111111111111111,0.95,0.6,0.75,0.75,1.0,0.75,0.75,0.75,0.7552083333333333,0.7766666666666666,0.9388888888888889,0.5037834830902057,0.06907226204028706,9.142857142857142,0.3991363211951447,0.07189436224215724,9.7,0.5619207952541285,0.06750442859480361,8.833333333333334,0.17614638447971784,0.5357142857142857,0.4466666666666666,0.5,0.6896967120181408,0.06016892053912319,0.4677332144979204,0.06729778209919142,8.875,0.3532147795015442,0.06727343580551128,8.8125,0.5440788378288378,0.06731401296164485,8.916666666666666,0.16086691086691088,0.4523809523809524,0.2911458333333333,0.5303030303030303,0.6894841269841269,0.05562682296865856
0.25,32,8.463859558105469e-06,995,0,0,0,0.39285714285714285,0.0,0.17857142857142858,0.07142857142857142,0.35714285714285715,0.6,0.0,0.1,0.2,0.1,0.2777777777777778,0.0,0.2222222222222222,0.0,0.5,0.95,0.65,0.625,1.0,0.975,0.75,0.75,1.0,0.7078125,0.9076190476190477,0.8777777777777778,0.4939487100201386,0.07528414236092533,9.892857142857142,0.6134676434676434,0.10781212719913269,14.8,0.4275493025493025,0.05721303967303236,7.166666666666667,0.20811287477954143,0.35714285714285715,0.36583333333333334,0.42857142857142855,0.6868622448979592,0.06831293837961984,0.4344216322892794,0.05616007380813035,8.25,0.4294346584787761,0.0635478750001744,9.875,0.43774628149628153,0.05123487301343432,7.166666666666667,0.1433150183150183,0.36904761904761907,0.3223958333333333,0.42424242424242425,0.6451488095238095,0.04767330450025748
0.25,33,9.119510650634766e-06,1157,0,0,0,0.21428571428571427,0.10714285714285714,0.07142857142857142,0.0,0.6071428571428571,0.2,0.3,0.0,0.0,0.5,0.2222222222222222,0.0,0.1111111111111111,0.0,0.6666666666666666,1.0,0.65,0.875,0.75,1.0,0.65,0.875,0.75,0.8208333333333333,0.8464285714285714,1.0,0.47712432875248006,0.05408924568634254,7.857142857142857,0.2562547583135818,0.05014521929173008,6.5,0.599829645662979,0.056280371461127236,8.61111111111111,0.19731040564373897,0.35714285714285715,0.35500000000000004,0.39285714285714285,0.6189484126984126,0.04582470834609514,0.45927885635606225,0.05194209579491686,7.875,0.2798316522121669,0.05241713282302888,7.0,0.5789103257853258,0.05162540444284219,8.458333333333334,0.21535409035409034,0.47619047619047616,0.3390625,0.28787878787878785,0.6027281746031746,0.04112861104926284
0.25,34,0.0020436644554138184,2000,9,3,1,0.42857142857142855,0.0,0.25,0.10714285714285714,0.21428571428571427,0.6,0.0,0.4,0.0,0.0,0.3333333333333333,0.0,0.16666666666666666,0.16666666666666666,0.3333333333333333,0.925,0.875,1.0,1.0,1.0,0.8,1.0,1.0,0.8260416666666667,0.9366666666666666,0.9777777777777779,0.32154249811812835,0.04449189291523981,5.821428571428571,0.19545607986784455,0.059633522347955756,6.1,0.39159050825717495,0.03607987656373096,5.666666666666667,0.2118606701940035,0.48214285714285715,0.205,0.03571428571428571,0.49917800453514743,0.03671806188810707,0.3620395903116491,0.04988370128168632,6.65,0.21048074678589385,0.06024397503166213,6.3125,0.46307881932881934,0.042976852115035775,6.875,0.2116910866910867,0.4642857142857143,0.28802083333333334,0.25,0.5537996031746031,0.0393121045693312
0.25,35,9.417533874511719e-06,883,0,0,0,0.35714285714285715,0.03571428571428571,0.14285714285714285,0.0,0.4642857142857143,0.5,0.0,0.1,0.0,0.4,0.2777777777777778,0.05555555555555555,0.16666666666666666,0.0,0.5,0.975,0.825,1.0,1.0,0.975,0.9,1.0,1.0,0.7822916666666666,0.9138095238095238,1.0,0.47827701010474116,0.05008267686000981,7.928571428571429,0.37033002944767646,0.0328144020149866,7.3,0.5382475549142216,0.059676162885022706,8.277777777777779,0.16005291005291003,0.32142857142857145,0.5283333333333333,0.21428571428571427,0.557015306122449,0.04478123700256563,0.4695074574118692,0.05762245127668288,8.525,0.40035126229979173,0.056413409218202336,9.0,0.5156115874865875,0.05842847931566992,8.208333333333334,0.15537240537240538,0.35714285714285715,0.49687499999999996,0.25,0.5894642857142858,0.0505715234894202
0.25,36,0.0024452507495880127,2000,2,1,0,0.25,0.03571428571428571,0.07142857142857142,0.0,0.6428571428571429,0.3,0.1,0.1,0.0,0.5,0.2222222222222222,0.0,0.05555555555555555,0.0,0.7222222222222222,0.95,0.725,1.0,1.0,0.925,0.675,1.0,1.0,0.8927083333333333,0.9297619047619048,0.9597222222222221,0.4302226543297971,0.08074474826302845,9.142857142857142,0.4163369963369963,0.10061855508587839,11.4,0.4379369087702421,0.06970374447255627,7.888888888888889,0.32936507936507936,0.17857142857142858,0.3125,0.03571428571428571,0.6201672335600907,0.08084182003166722,0.3782185522810523,0.0743248927394084,8.35,0.3080671932234432,0.08061747346682926,8.9375,0.4249861249861249,0.07012983892112783,7.958333333333333,0.3028083028083028,0.38095238095238093,0.27447916666666666,0.18181818181818182,0.5498313492063491,0.06772444502744876
0.25,37,8.970499038696289e-06,802,0,0,0,0.42857142857142855,0.07142857142857142,0.5,0.0,0.0,0.6,0.2,0.2,0.0,0.0,0.3333333333333333,0.0,0.6666666666666666,0.0,0.0,0.95,0.525,0.0,0.0,1.0,0.6,0.0,0.0,0.8901041666666667,0.8759523809523809,0.9,0.4804855392040266,0.05704477592811464,8.285714285714286,0.3857491201608848,0.06039365869453167,9.0,0.5331168831168831,0.05518428550232741,7.888888888888889,0.4808201058201058,0.32142857142857145,0.2925,0.07142857142857142,0.6017431972789116,0.05404339256317076,0.41668557341351464,0.045883922706447186,7.025,0.2515194058392588,0.035107621159009395,5.6875,0.5267963517963518,0.05306812373807237,7.916666666666667,0.3885836385836386,0.40476190476190477,0.22760416666666666,0.3409090909090909,0.609484126984127,0.035347455560661024
0.25,38,9.775161743164062e-06,1304,0,0,0,0.32142857142857145,0.10714285714285714,0.21428571428571427,0.0,0.35714285714285715,0.5,0.3,0.0,0.0,0.2,0.2222222222222222,0.0,0.3333333333333333,0.0,0.4444444444444444,0.975,0.8,0.875,0.875,0.975,0.9,1.0,1.0,0.8328125,0.8176190476190476,0.9972222222222222,0.4073012596647051,0.07503278582876304,8.285714285714286,0.20337642749407453,0.06343180750561093,6.2,0.5205928330928331,0.08147777378606974,9.444444444444445,0.07319223985890652,0.6071428571428571,0.4624999999999999,0.10714285714285714,0.4778486394557823,0.06786317716649799,0.37912461109152285,0.05939263054222205,7.225,0.16460549764777704,0.04203906980852542,4.5625,0.5221373533873533,0.07096167103135313,9.0,0.07722832722832723,0.5238095238095238,0.36406249999999996,0.303030303030303,0.5239880952380952,0.04967340456917872
0.25,39,0.0006741583347320557,2000,3,1,1,0.21428571428571427,0.03571428571428571,0.21428571428571427,0.10714285714285714,0.42857142857142855,0.4,0.0,0.3,0.0,0.3,0.1111111111111111,0.05555555555555555,0.16666666666666666,0.16666666666666666,0.5,0.8,0.45,1.0,1.0,0.9,0.725,1.0,1.0,0.7677083333333333,0.888095238095238,0.8833333333333333,0.5804439199922393,0.06516174055247066,10.071428571428571,0.5584500466853408,0.06649181411695113,11.8,0.5926627384960718,0.06442281079442597,9.11111111111111,0.18893298059964728,0.17857142857142858,0.5466666666666666,0.21428571428571427,0.7851190476190476,0.061616243039178675,0.5474593523306759,0.03935228969648664,8.375,0.378441192182001,0.020824813621100613,7.0625,0.6601381257631257,0.05170394041341065,9.25,0.239010989010989,0.40476190476190477,0.48645833333333327,0.13636363636363635,0.7952976190476191,0.03142042169234709
0.25,40,9.715557098388672e-06,1000,0,0,0,0.35714285714285715,0.0,0.10714285714285714,0.0,0.5357142857142857,0.4,0.0,0.1,0.0,0.5,0.3333333333333333,0.0,0.1111111111111111,0.0,0.5555555555555556,0.9,0.75,0.625,0.625,1.0,0.925,0.75,0.75,0.809375,0.9673809523809525,0.9416666666666667,0.4641549160456723,0.030133381549384098,6.892857142857143,0.5062066365007541,0.058725326065813786,10.6,0.4407928491261825,0.014248967929145385,4.833333333333333,0.2153880070546737,0.35714285714285715,0.3558333333333333,0.14285714285714285,0.6804988662131519,0.02382390762797146,0.43031345288698225,0.031017759625306996,6.5,0.2930618401206636,0.02956497679481669,6.125,0.521814528064528,0.031986281512300534,6.75,0.20894383394383395,0.2857142857142857,0.3578125,0.19696969696969696,0.6568253968253968,0.02452239018286958
0.25,41,8.463859558105469e-06,817,0,0,0,0.14285714285714285,0.03571428571428571,0.39285714285714285,0.0,0.42857142857142855,0.1,0.0,0.1,0.0,0.8,0.16666666666666666,0.05555555555555555,0.5555555555555556,0.0,0.2222222222222222,0.975,0.675,1.0,1.0,0.975,0.775,1.0,1.0,0.6734375,0.7833333333333334,1.0,0.5858708285178873,0.06828816231368647,9.928571428571429,0.3694426488544136,0.05762282144765685,8.7,0.7061087061087061,0.07421335168370291,10.61111111111111,0.19466490299823633,0.7142857142857143,0.5700000000000001,0.5,0.7919926303854874,0.0514777436293851,0.504704845807787,0.05350532037129694,8.475,0.330176686059039,0.05435599411881027,8.0,0.6210569523069523,0.05293820453962139,8.791666666666666,0.19291819291819293,0.7142857142857143,0.43385416666666665,0.2727272727272727,0.7213888888888889,0.038349111554651316
0.25,42,7.68899917602539e-06,1839,0,0,0,0.21428571428571427,0.0,0.42857142857142855,0.0,0.35714285714285715,0.3,0.0,0.2,0.0,0.5,0.16666666666666666,0.0,0.5555555555555556,0.0,0.2777777777777778,0.9,0.625,0.75,1.0,1.0,0.775,0.625,1.0,0.7348958333333333,0.9297619047619048,1.0,0.47832352055041133,0.07196243585832729,8.964285714285714,0.3200129282482224,0.06360800957399967,8.2,0.5662738496071829,0.07660378379406485,9.38888888888889,0.5667989417989419,0.32142857142857145,0.26499999999999996,0.35714285714285715,0.5748582766439909,0.06432939112988716,0.5052268972857208,0.07951213327988255,9.9,0.35069107771313657,0.06634908111380182,8.8125,0.608250777000777,0.08828750139060304,10.625,0.6224053724053724,0.40476190476190477,0.30104166666666665,0.40151515151515144,0.6150198412698412,0.06893830362508399
0.25,43,9.417533874511719e-06,1668,0,0,0,0.25,0.0,0.6428571428571429,0.03571428571428571,0.07142857142857142,0.4,0.0,0.4,0.0,0.2,0.16666666666666666,0.0,0.7777777777777778,0.05555555555555555,0.0,0.875,0.675,1.0,1.0,0.975,0.725,1.0,1.0,0.7177083333333334,0.8633333333333333,0.9444444444444444,0.5551349968891987,0.047194050398203034,8.571428571428571,0.36319112260288733,0.04051916344706245,8.0,0.6617704826038159,0.05090232092661447,8.88888888888889,0.13778659611992944,0.625,0.5533333333333333,0.2857142857142857,0.734934807256236,0.035205862277004854,0.5373689627366098,0.03781044036787569,8.025,0.32513826043237803,0.039206024454185,7.0625,0.6788560976060977,0.03688005097700281,8.666666666666666,0.09035409035409035,0.6547619047619048,0.5416666666666666,0.20454545454545456,0.7699404761904762,0.02532042560822042
0.25,44,9.357929229736328e-06,1446,0,0,0,0.14285714285714285,0.10714285714285714,0.35714285714285715,0.07142857142857142,0.32142857142857145,0.1,0.0,0.4,0.2,0.3,0.16666666666666666,0.16666666666666666,0.3333333333333333,0.0,0.3333333333333333,1.0,0.7,0.75,0.875,1.0,0.75,0.625,0.875,0.8463541666666667,0.8588095238095239,1.0,0.4497009759614801,0.05640835908100051,8.178571428571429,0.45054801407742584,0.06812490492532315,10.4,0.4492303992303992,0.049899166945265715,6.944444444444445,0.14043209876543208,0.5714285714285714,0.375,0.14285714285714285,0.6670068027210884,0.04692441315090042,0.4418606271179801,0.06393044847026708,8.65,0.40974231038569275,0.0646084511021017,9.6875,0.4632728382728382,0.06347844671571065,7.958333333333333,0.155982905982906,0.7380952380952381,0.34479166666666666,0.3409090909090909,0.6759821428571429,0.05007658686526478
0.25,45,7.927417755126953e-06,1866,0,0,0,0.32142857142857145,0.17857142857142858,0.32142857142857145,0.14285714285714285,0.03571428571428571,0.5,0.0,0.5,0.0,0.0,0.2222222222222222,0.2777777777777778,0.2222222222222222,0.2222222222222222,0.05555555555555555,0.875,0.6,1.0,1.0,0.875,0.7,1.0,0.875,0.79375,0.8076190476190477,0.8680555555555556,0.5177572719064315,0.07436000628015553,9.571428571428571,0.3646951088127558,0.07103485139875348,9.2,0.6027918069584736,0.07620731454760113,9.777777777777779,0.3785273368606702,0.21428571428571427,0.43500000000000005,0.17857142857142858,0.646343537414966,0.07153534090227678,0.45698529207720384,0.07216100750742607,8.8,0.2518612974035768,0.06643636697990232,7.25,0.5937346218596219,0.07597743452577523,9.833333333333334,0.34706959706959706,0.38095238095238093,0.3380208333333333,0.2803030303030303,0.6377678571428571,0.06422060443519483
0.25,46,9.506940841674805e-06,912,0,0,0,0.25,0.03571428571428571,0.4642857142857143,0.0,0.25,0.3,0.0,0.6,0.0,0.1,0.2222222222222222,0.05555555555555555,0.3888888888888889,0.0,0.3333333333333333,1.0,0.6,1.0,1.0,0.95,0.825,1.0,1.0,0.7385416666666667,0.8845238095238095,1.0,0.5115103384010947,0.04272428021301883,7.821428571428571,0.3448696401637578,0.07029424843302438,8.9,0.604088504088504,0.027407631201904616,7.222222222222222,0.07627865961199294,0.6428571428571429,0.4983333333333334,0.07142857142857142,0.7439058956916101,0.03465609782760317,0.5021438100298393,0.05555615502514135,8.625,0.37139765361272714,0.0828761995796682,9.9375,0.5893079143079142,0.03734279198879012,7.75,0.10775335775335776,0.6904761904761905,0.45729166666666665,0.1590909090909091,0.7623115079365078,0.04427604447208368
0.25,47,8.07642936706543e-06,1053,0,0,0,0.25,0.21428571428571427,0.4642857142857143,0.0,0.07142857142857142,0.3,0.6,0.1,0.0,0.0,0.2222222222222222,0.0,0.6666666666666666,0.0,0.1111111111111111,1.0,0.875,0.625,0.75,1.0,0.875,0.875,1.0,0.7520833333333333,0.8928571428571428,0.9,0.48497937053609314,0.05087837415725565,8.035714285714286,0.45707282913165265,0.07727727880449839,10.5,0.5004830046496712,0.03621231601989858,6.666666666666667,0.09700176366843033,0.7142857142857143,0.4458333333333334,0.17857142857142858,0.646811224489796,0.04129692323933543,0.44162935308155893,0.04826170732595272,7.5,0.3063579037384184,0.06668898704966937,8.0,0.5318103193103193,0.035976854176808286,7.166666666666667,0.04227716727716727,0.7142857142857143,0.40989583333333335,0.3181818181818182,0.6678571428571429,0.03526324682619696
0.25,48,9.506940841674805e-06,1656,0,0,0,0.2857142857142857,0.03571428571428571,0.4642857142857143,0.0,0.21428571428571427,0.3,0.1,0.2,0.0,0.4,0.2777777777777778,0.0,0.6111111111111112,0.0,0.1111111111111111,0.95,0.7,0.375,0.5,1.0,0.825,0.625,0.625,0.8380208333333333,0.9173809523809524,0.9,0.40531085394530775,0.07735926040152072,8.785714285714286,0.4010536522301228,0.07502353911037125,10.0,0.40767596600929934,0.07865688334104821,8.11111111111111,0.1097883597883598,0.5,0.2866666666666667,0.35714285714285715,0.591609977324263,0.06787268724990671,0.37336975116386883,0.06330260808442535,7.65,0.26795096243625655,0.041719480808049395,6.3125,0.44364894364894364,0.07769135960200932,8.541666666666666,0.0641025641025641,0.6190476190476191,0.2625,0.4848484848484848,0.6411805555555555,0.048273175804048496
0.25,49,8.910894393920898e-06,1089,0,0,0,0.21428571428571427,0.17857142857142858,0.25,0.14285714285714285,0.21428571428571427,0.1,0.5,0.4,0.0,0.0,0.2777777777777778,0.0,0.16666666666666666,0.2222222222222222,0.3333333333333333,0.6,0.5,1.0,1.0,0.7,0.525,1.0,1.0,0.746875,0.8,1.0,0.516749666066893,0.06279434752445681,9.142857142857142,0.4383961789844143,0.07013542113636176,10.4,0.5602793811127146,0.05871597329562074,8.444444444444445,0.35317460317460314,0.5714285714285714,0.4875,0.25,0.6819160997732426,0.05272964115351523,0.47220963064713056,0.05464251573263247,8.425,0.41252766330891333,0.06705750130319686,9.8125,0.5119976088726089,0.046365858685589546,7.5,0.2454212454212454,0.5476190476190477,0.5026041666666667,0.18181818181818182,0.6212896825396825,0.044856151233149996
0.3,0,8.672475814819336e-06,639,0,0,0,0.17857142857142858,0.0,0.39285714285714285,0.14285714285714285,0.2857142857142857,0.2,0.0,0.3,0.0,0.5,0.16666666666666666,0.0,0.4444444444444444,0.2222222222222222,0.16666666666666666,0.625,0.375,1.0,1.0,0.8,0.575,1.0,1.0,0.6046875,0.704047619047619,0.95,0.5506839390767962,0.09146113257292429,10.964285714285714,0.38813797313797316,0.0787661802072284,10.2,0.6409872534872535,0.09851388388719978,11.38888888888889,0.39594356261022934,0.6428571428571429,0.5541666666666665,0.17857142857142858,0.6895266439909298,0.08232520938063212,0.46519571319203673,0.07992497623290043,9.4,0.3094679778962867,0.0916847400429253,9.375,0.5690142033892034,0.07208513369288383,9.416666666666666,0.18986568986568989,0.6666666666666666,0.5005208333333333,0.37878787878787873,0.676438492063492,0.06549795513812154
0.3,1,9.238719940185547e-06,1258,0,0,0,0.07142857142857142,0.0,0.14285714285714285,0.0,0.7857142857142857,0.0,0.0,0.0,0.0,1.0,0.1111111111111111,0.0,0.2222222222222222,0.0,0.6666666666666666,0.825,0.425,0.5,1.0,0.875,0.7,0.375,0.875,0.7046875,0.7580952380952382,0.8277777777777777,0.6463705179041314,0.08260409165081979,11.857142857142858,0.7397292250233426,0.10825088307578065,16.6,0.5945045695045694,0.06835587419250816,9.222222222222221,0.3802910052910053,0.3392857142857143,0.6783333333333333,0.25,0.7454506802721089,0.07837280167499562,0.5576582261692555,0.06183411321089871,10.075,0.5969223025748761,0.07666596578857829,13.125,0.5314821752321751,0.05194621149244566,8.041666666666666,0.2976190476190476,0.4642857142857143,0.5041666666666667,0.22727272727272727,0.7815773809523809,0.053992416685654895
0.3,2,8.508563041687012e-06,745,0,0,0,0.03571428571428571,0.0,0.6071428571428571,0.07142857142857142,0.2857142857142857,0.0,0.0,0.0,0.2,0.8,0.05555555555555555,0.0,0.9444444444444444,0.0,0.0,0.925,0.35,1.0,1.0,1.0,0.4,1.0,1.0,0.6489583333333333,0.6754761904761905,0.8833333333333333,0.627274330478112,0.08780321257611311,11.75,0.6205203619909503,0.11994658610615669,15.4,0.631026535193202,0.0699457828372,9.722222222222221,0.24118165784832452,0.44642857142857145,0.6733333333333335,0.21428571428571427,0.7078231292517005,0.08203823650321465,0.6028957623259095,0.08681022862214773,11.6,0.5641978987107663,0.1160282746753437,14.375,0.628694338069338,0.06733153125335041,9.75,0.21077533577533578,0.5119047619047619,0.6447916666666667,0.1590909090909091,0.7155357142857144,0.08040889771471293
0.3,3,9.566545486450195e-06,1016,0,0,0,0.10714285714285714,0.0,0.0,0.0,0.8928571428571429,0.2,0.0,0.0,0.0,0.8,0.05555555555555555,0.0,0.0,0.0,0.9444444444444444,0.85,0.475,1.0,1.0,0.975,0.575,1.0,1.0,0.6557291666666667,0.8154761904761905,1.0,0.5822345838102141,0.056375172710218205,9.535714285714286,0.48881383322559796,0.03629624874926844,9.6,0.6341350008016674,0.06753013046630141,9.5,0.20656966490299825,0.44642857142857145,0.4733333333333333,0.2857142857142857,0.8464569160997734,0.04699849322133224,0.5504114390511449,0.050740844487288495,9.15,0.4693606128348775,0.028683003092541362,8.8125,0.6044453231953232,0.06544607208378658,9.375,0.19963369963369962,0.5,0.46875,0.36363636363636365,0.809156746031746,0.03898507778265174
0.3,4,9.834766387939453e-06,1122,0,0,0,0.2857142857142857,0.10714285714285714,0.17857142857142858,0.0,0.42857142857142855,0.4,0.3,0.0,0.0,0.3,0.2222222222222222,0.0,0.2777777777777778,0.0,0.5,1.0,0.65,1.0,1.0,1.0,0.775,0.875,0.875,0.7765625,0.8402380952380952,0.95,0.5806749273135827,0.04230993533070918,8.571428571428571,0.4508320764203117,0.07146042921544907,10.5,0.652809844476511,0.026115216505853692,7.5,0.1847442680776014,0.39285714285714285,0.5508333333333333,0.21428571428571427,0.7850481859410431,0.033617194299696576,0.49680423538879426,0.03569308271790654,7.425,0.3199444601558572,0.04350475070480765,7.1875,0.6147107522107523,0.030485304059972473,7.583333333333333,0.18315018315018314,0.5,0.41302083333333334,0.38636363636363635,0.7079563492063492,0.02370210856918099
0.3,5,9.715557098388672e-06,1455,0,0,0,0.2857142857142857,0.0,0.2857142857142857,0.0,0.42857142857142855,0.5,0.0,0.4,0.0,0.1,0.16666666666666666,0.0,0.2222222222222222,0.0,0.6111111111111112,0.95,0.675,0.25,1.0,1.0,0.8,0.5,1.0,0.7807291666666667,0.8607142857142858,0.8222222222222222,0.5672923598343766,0.06048195143834911,9.892857142857142,0.6583031674208144,0.07124020894204121,13.6,0.5167308000641334,0.05450514171407573,7.833333333333333,0.27579365079365076,0.32142857142857145,0.5808333333333333,0.14285714285714285,0.7229024943310657,0.05760613900083964,0.4871528328697446,0.038435148258839966,7.8,0.43677239325217265,0.020630393346052572,7.875,0.5207397926147926,0.05030498486736489,7.75,0.25427350427350426,0.5476190476190477,0.4848958333333333,0.20454545454545456,0.6645436507936509,0.029288483238618247
0.3,6,8.881092071533203e-06,813,0,0,0,0.17857142857142858,0.0,0.6071428571428571,0.0,0.21428571428571427,0.2,0.0,0.3,0.0,0.5,0.16666666666666666,0.0,0.7777777777777778,0.0,0.05555555555555555,0.625,0.3,0.0,1.0,0.95,0.7,0.0,1.0,0.590625,0.6142857142857143,0.55,0.7399020972025173,0.08872089418065922,13.428571428571429,0.9374509803921569,0.14293984019281944,21.4,0.6301527176527175,0.0585992575072369,9.0,0.4656084656084656,0.2857142857142857,0.6975,0.14285714285714285,0.8474489795918368,0.08671843254336835,0.5858649214347744,0.057550550100239226,9.775,0.4771711489082813,0.06572511329925124,10.625,0.6583274364524364,0.05210084130089789,9.208333333333334,0.3576007326007326,0.5238095238095238,0.40520833333333334,0.38636363636363635,0.7926190476190477,0.0447612447917833
0.3,7,9.298324584960938e-06,795,0,0,0,0.03571428571428571,0.17857142857142858,0.32142857142857145,0.0,0.4642857142857143,0.0,0.5,0.0,0.0,0.5,0.05555555555555555,0.0,0.5,0.0,0.4444444444444444,0.975,0.55,0.75,0.875,1.0,0.7,0.75,0.875,0.7005208333333333,0.8119047619047619,0.95,0.5295963140500956,0.06547355537619388,9.5,0.4883530848236731,0.048929729865332595,10.0,0.5525092191758859,0.0746645695488946,9.222222222222221,0.15321869488536152,0.5892857142857143,0.5083333333333333,0.17857142857142858,0.7117205215419501,0.056963444154773786,0.4809133003434474,0.05505047639434675,8.625,0.4202475781979459,0.03277562704438496,8.3125,0.5213571151071151,0.06990037596098793,8.833333333333334,0.13949938949938948,0.6547619047619048,0.40156250000000004,0.25,0.7222817460317461,0.04308212447415715
0.3,8,9.5367431640625e-06,1278,0,0,0,0.17857142857142858,0.0,0.39285714285714285,0.03571428571428571,0.39285714285714285,0.2,0.0,0.3,0.0,0.5,0.16666666666666666,0.0,0.4444444444444444,0.05555555555555555,0.3333333333333333,0.925,0.6,1.0,0.5,0.95,0.7,0.875,0.625,0.7046875,0.9047619047619048,0.9722222222222222,0.512552357772946,0.06464910281157529,8.75,0.2459222150398621,0.05637677241251585,6.6,0.6606802148468813,0.06924484192216389,9.944444444444445,0.27667548500881833,0.5,0.4508333333333333,0.39285714285714285,0.6483560090702947,0.054096886975971814,0.49378935606876784,0.0650386661613815,8.875,0.29292604862457805,0.06890263168260971,8.0,0.6276982276982277,0.06246268914722935,9.458333333333334,0.22710622710622713,0.5,0.40520833333333334,0.5151515151515151,0.6957638888888888,0.05138341814085443
0.3,9,9.894371032714844e-06,1611,0,0,0,0.10714285714285714,0.0,0.03571428571428571,0.0,0.8571428571428571,0.1,0.0,0.0,0.0,0.9,0.1111111111111111,0.0,0.05555555555555555,0.0,0.8333333333333334,1.0,0.625,0.75,0.625,1.0,0.625,0.75,0.5,0.728125,0.7523809523809524,1.0,0.49901759654910915,0.06254947552947487,9.035714285714286,0.5039700495582847,0.07008336103245112,11.4,0.49626623376623374,0.058363983583376945,7.722222222222222,0.2239858906525573,0.39285714285714285,0.3083333333333333,0.32142857142857145,0.7519416099773243,0.05341033891377196,0.5226056215026803,0.06672060603723516,9.775,0.5223206430007901,0.07464316261354752,11.875,0.5227956071706071,0.061438901653026935,8.375,0.27701465201465203,0.5,0.3296875,0.45454545454545453,0.7712996031746032,0.05322514167642904
0.3,10,9.08970832824707e-06,1090,0,0,0,0.07142857142857142,0.0,0.14285714285714285,0.14285714285714285,0.6428571428571429,0.1,0.0,0.0,0.0,0.9,0.05555555555555555,0.0,0.2222222222222222,0.2222222222222222,0.5,0.8,0.575,0.625,1.0,0.85,0.625,0.75,1.0,0.6109375,0.7264285714285714,0.9194444444444444,0.5966392909145011,0.109601294714902,12.392857142857142,0.5119428284134167,0.12562349462662742,14.1,0.6436928811928812,0.10070007254172124,11.444444444444445,0.4969135802469135,0.6428571428571429,0.5291666666666666,0.21428571428571427,0.7408163265306122,0.10005883398121541,0.5528276706953177,0.09817100845701429,11.525,0.4534712122028299,0.11167825391737851,12.5625,0.6190653096903097,0.0891661781501048,10.833333333333334,0.44078144078144077,0.6904761904761905,0.5036458333333333,0.29545454545454547,0.7405059523809523,0.08624711121700979
0.3,11,9.655952453613281e-06,1199,0,0,0,0.21428571428571427,0.0,0.35714285714285715,0.0,0.42857142857142855,0.3,0.0,0.2,0.0,0.5,0.16666666666666666,0.0,0.4444444444444444,0.0,0.3888888888888889,0.95,0.6,0.625,0.625,0.975,0.75,0.875,0.875,0.7364583333333333,0.8130952380952381,0.8416666666666666,0.5536630328121925,0.05283179607621547,8.714285714285714,0.3680955972132443,0.05972268506064633,8.6,0.6567560525893859,0.04900352441819834,8.777777777777779,0.5273368606701939,0.32142857142857145,0.3616666666666667,0.07142857142857142,0.7187925170068027,0.04849327704740133,0.5202127590546708,0.04947255966757773,8.3,0.29923232914960857,0.05494264302711051,7.25,0.6675330456580456,0.04582583742788921,9.0,0.4621489621489622,0.35714285714285715,0.3380208333333333,0.25,0.7320833333333333,0.04031401301948908
0.3,12,9.506940841674805e-06,1747,0,0,0,0.10714285714285714,0.0,0.17857142857142858,0.03571428571428571,0.6785714285714286,0.2,0.0,0.3,0.0,0.5,0.05555555555555555,0.0,0.1111111111111111,0.05555555555555555,0.7777777777777778,0.675,0.3,0.5,1.0,0.775,0.475,0.5,1.0,0.7822916666666666,0.7795238095238095,0.7458333333333333,0.7009884956313529,0.12044198024292972,14.5,0.8141025641025641,0.15069728442148939,19.9,0.6381473464806797,0.10363347792150769,11.5,0.6362433862433862,0.32142857142857145,0.6591666666666666,0.17857142857142858,0.7851473922902495,0.11920126535848827,0.5935834304584304,0.0992709405665737,12.25,0.5867158882783883,0.10195375275279114,14.125,0.5981617919117919,0.0974823991090954,11.0,0.5305250305250305,0.38095238095238093,0.5119791666666667,0.32575757575757575,0.7176785714285714,0.09272495334410165
0.3,13,9.655952453613281e-06,917,0,0,0,0.10714285714285714,0.10714285714285714,0.25,0.0,0.5357142857142857,0.2,0.0,0.1,0.0,0.7,0.05555555555555555,0.16666666666666666,0.3333333333333333,0.0,0.4444444444444444,0.9,0.65,1.0,1.0,0.975,0.8,1.0,1.0,0.7671875,0.7819047619047619,0.8944444444444444,0.5737111336376043,0.072659467803792,10.392857142857142,0.5561639014580191,0.09093368510856986,13.2,0.583459595959596,0.06250712485669321,8.833333333333334,0.2541887125220459,0.6964285714285714,0.5175000000000001,0.14285714285714285,0.7933248299319728,0.0633111289581464,0.48741236092339035,0.06126730230063706,8.975,0.4515601994002729,0.07865203853013489,11.0,0.511313801938802,0.04967747814763852,7.625,0.11904761904761904,0.5595238095238095,0.3927083333333333,0.3409090909090909,0.7149007936507937,0.04954919538257882
0.3,14,9.715557098388672e-06,1012,0,0,0,0.17857142857142858,0.14285714285714285,0.25,0.0,0.42857142857142855,0.1,0.4,0.0,0.0,0.5,0.2222222222222222,0.0,0.3888888888888889,0.0,0.3888888888888889,0.95,0.525,1.0,1.0,0.975,0.75,1.0,1.0,0.76875,0.8057142857142857,0.8222222222222222,0.6253635545127141,0.08098104903974328,11.678571428571429,0.7284313725490196,0.10910041742449486,16.6,0.5681036556036555,0.06535917771488126,8.944444444444445,0.2821869488536155,0.5,0.7216666666666667,0.2857142857142857,0.7185515873015874,0.0744625331311438,0.5198706359000477,0.0504668859207996,8.85,0.459846454607484,0.04510631907445252,9.5,0.5598867567617567,0.05404059715169766,8.416666666666666,0.10439560439560439,0.6904761904761905,0.575,0.2727272727272727,0.750813492063492,0.03757897555484661
0.3,15,6.771087646484375e-05,2000,16,5,4,0.07142857142857142,0.07142857142857142,0.0,0.14285714285714285,0.7142857142857143,0.1,0.2,0.0,0.0,0.7,0.05555555555555555,0.0,0.0,0.2222222222222222,0.7222222222222222,0.625,0.425,1.0,1.0,0.725,0.525,1.0,1.0,0.6697916666666667,0.7050000000000001,0.7,0.5647956152157834,0.124991752417592,13.428571428571429,0.7549486461251168,0.1527940184257009,19.0,0.45915504248837574,0.10954604907975377,10.333333333333334,0.3194444444444444,0.35714285714285715,0.5833333333333333,0.42857142857142855,0.671797052154195,0.12000643755571129,0.49945415287327055,0.09898300506318276,11.275,0.5210015576743517,0.09293633202587231,12.625,0.48508921633921637,0.10301412042138973,10.375,0.2695360195360195,0.47619047619047616,0.4130208333333333,0.2727272727272727,0.6461805555555555,0.09141903148290277
0.3,16,7.152557373046875e-06,690,0,0,0,0.10714285714285714,0.0,0.75,0.14285714285714285,0.0,0.2,0.0,0.4,0.4,0.0,0.05555555555555555,0.0,0.9444444444444444,0.0,0.0,1.0,0.5,1.0,1.0,1.0,0.425,1.0,1.0,0.5854166666666667,0.7976190476190477,1.0,0.7137802848412093,0.07694652687484309,12.071428571428571,0.6661064425770308,0.12261804264863989,16.3,0.7402657527657528,0.05157346255606708,9.722222222222221,0.2224426807760141,0.5357142857142857,0.7758333333333333,0.10714285714285714,0.8859835600907029,0.07022545884502876,0.7222702767004238,0.08491311488340389,12.9,0.6896672210550887,0.1344176799775984,17.1875,0.7440056471306472,0.05191007148727422,10.041666666666666,0.2661782661782661,0.5,0.7947916666666666,0.09090909090909091,0.8807539682539683,0.07904125962562708
0.3,17,9.47713851928711e-06,1172,0,0,0,0.10714285714285714,0.0,0.42857142857142855,0.42857142857142855,0.03571428571428571,0.1,0.0,0.0,0.9,0.0,0.1111111111111111,0.0,0.6666666666666666,0.16666666666666666,0.05555555555555555,0.625,0.25,0.625,1.0,0.475,0.225,0.75,1.0,0.6109375,0.6961904761904762,0.7611111111111111,0.7162847714843513,0.14761776370965715,16.25,0.9058823529411765,0.19430591233148778,23.4,0.6109527817861151,0.1216799033641957,12.277777777777779,0.9444444444444444,0.0,0.6333333333333334,0.17857142857142858,0.6966836734693878,0.149864836841517,0.7466576927973987,0.15082464414335653,17.075,0.9411764705882353,0.21322038451668293,24.9375,0.6169785076035076,0.10922748389447225,11.833333333333334,0.8717948717948718,0.0,0.7473958333333333,0.14393939393939392,0.7214285714285714,0.1535400570835143
0.3,18,9.000301361083984e-06,905,0,0,0,0.0,0.0,0.07142857142857142,0.10714285714285714,0.8214285714285714,0.0,0.0,0.2,0.2,0.6,0.0,0.0,0.0,0.05555555555555555,0.9444444444444444,0.85,0.45,1.0,1.0,0.975,0.525,1.0,1.0,0.6302083333333333,0.7326190476190476,0.6666666666666666,0.721705576169862,0.14034377361326786,16.071428571428573,0.961111111111111,0.20021328807620678,24.6,0.5887025012025011,0.1070829322449685,11.333333333333334,0.5158730158730159,0.35714285714285715,0.7416666666666665,0.17857142857142858,0.8196003401360545,0.1391076416420717,0.6009056650049297,0.10026258733604423,12.35,0.5495576676183294,0.1183995475547367,14.375,0.6351376632626633,0.08817128052358258,11.0,0.3166971916971917,0.5595238095238095,0.6640625,0.23484848484848483,0.7561309523809523,0.08982948300304548
0.3,19,8.881092071533203e-06,1116,0,0,0,0.14285714285714285,0.07142857142857142,0.0,0.35714285714285715,0.42857142857142855,0.4,0.2,0.0,0.0,0.4,0.0,0.0,0.0,0.5555555555555556,0.4444444444444444,0.575,0.275,1.0,1.0,0.725,0.65,1.0,1.0,0.6505208333333333,0.6726190476190477,0.6361111111111111,0.7870078334364049,0.10111759616383738,14.357142857142858,0.85,0.12431958770842,19.0,0.7520121853455186,0.08822760086129146,11.777777777777779,0.5928130511463844,0.10714285714285714,0.8308333333333333,0.07142857142857142,0.8323129251700678,0.10147950784888762,0.5959968809784987,0.060015451235994666,9.7,0.354891018907563,0.03791915281999087,7.3125,0.7567341223591223,0.07474631684666386,11.291666666666666,0.503968253968254,0.2857142857142857,0.49322916666666666,0.11363636363636363,0.7499702380952381,0.05529126483689299
0.3,20,8.240342140197754e-06,829,0,0,0,0.10714285714285714,0.0,0.17857142857142858,0.39285714285714285,0.32142857142857145,0.2,0.0,0.4,0.4,0.0,0.05555555555555555,0.0,0.05555555555555555,0.3888888888888889,0.5,0.725,0.275,1.0,1.0,0.775,0.35,1.0,1.0,0.6947916666666667,0.7180952380952381,0.7944444444444445,0.711241617859265,0.13482288521293453,15.464285714285714,0.8584967320261437,0.15161311845594996,20.5,0.6294332210998876,0.12549497785570374,12.666666666666666,0.6269841269841271,0.4107142857142857,0.7141666666666666,0.10714285714285714,0.7498299319727891,0.13147503097164545,0.6548477094800624,0.11690522387810562,14.175,0.7413834123392946,0.11447195138373432,17.125,0.5971572409072409,0.11852740554101983,12.208333333333334,0.5425824175824175,0.25,0.6869791666666667,0.26515151515151514,0.6964285714285714,0.11369401209474436
0.3,21,9.357929229736328e-06,1130,0,0,0,0.14285714285714285,0.14285714285714285,0.03571428571428571,0.0,0.6785714285714286,0.4,0.4,0.1,0.0,0.1,0.0,0.0,0.0,0.0,1.0,1.0,0.55,1.0,1.0,1.0,0.675,1.0,1.0,0.7557291666666667,0.8011904761904762,0.95,0.645679413956725,0.06187775657351169,10.107142857142858,0.39521116138763196,0.0711153844302967,9.5,0.7848284431617765,0.056745741097520015,10.444444444444445,0.7354497354497354,0.10714285714285714,0.48583333333333334,0.35714285714285715,0.7476615646258503,0.05791970422387249,0.5898482379548555,0.05637405377311753,9.425,0.3049024657940099,0.05583475163619138,7.5625,0.7798120860620861,0.056733588531068295,10.666666666666666,0.6616300366300367,0.21428571428571427,0.4447916666666667,0.34848484848484845,0.7271428571428571,0.04863887429383704
0.3,22,9.506940841674805e-06,1500,0,0,0,0.14285714285714285,0.17857142857142858,0.07142857142857142,0.0,0.6071428571428571,0.2,0.1,0.0,0.0,0.7,0.1111111111111111,0.2222222222222222,0.1111111111111111,0.0,0.5555555555555556,0.975,0.675,0.375,1.0,1.0,0.85,0.375,1.0,0.840625,0.8661904761904762,0.95,0.5173342530485388,0.05297481879132209,8.214285714285714,0.2544017094017094,0.039391089104822884,6.0,0.6634078884078884,0.06052133528382163,9.444444444444445,0.25308641975308643,0.2857142857142857,0.45999999999999996,0.14285714285714285,0.6290816326530612,0.04885586588136307,0.485682756785698,0.05044193999115505,7.95,0.23805595956331252,0.04256926811854749,5.875,0.6507672882672882,0.05569038790622677,9.333333333333334,0.2194749694749695,0.4166666666666667,0.4541666666666666,0.22727272727272727,0.6321428571428571,0.04242869908641513
0.3,23,9.655952453613281e-06,1357,0,0,0,0.07142857142857142,0.07142857142857142,0.03571428571428571,0.0,0.8214285714285714,0.2,0.0,0.1,0.0,0.7,0.0,0.1111111111111111,0.0,0.0,0.8888888888888888,0.8,0.375,1.0,1.0,0.925,0.7,1.0,1.0,0.6192708333333333,0.66,0.7,0.6207809056023341,0.10039077112638385,12.75,0.761025641025641,0.13746715941055138,18.5,0.542867163700497,0.07979277763517967,9.555555555555555,0.26631393298059963,0.4642857142857143,0.6674999999999999,0.2857142857142857,0.7993480725623582,0.0949746442364487,0.43049825991002455,0.077462004105662,9.25,0.38751649698340873,0.05961696003385343,9.125,0.45915276852776854,0.08935870015353438,9.333333333333334,0.08684371184371184,0.6309523809523809,0.33229166666666665,0.38636363636363635,0.6830257936507936,0.06429492012614363
0.3,24,0.0007731914520263672,2000,21,5,7,0.21428571428571427,0.10714285714285714,0.21428571428571427,0.03571428571428571,0.42857142857142855,0.4,0.2,0.1,0.0,0.3,0.1111111111111111,0.05555555555555555,0.2777777777777778,0.05555555555555555,0.5,0.75,0.575,1.0,1.0,0.875,0.7,1.0,1.0,0.84375,0.934047619047619,0.9527777777777777,0.4712336508029785,0.055730224666906865,8.321428571428571,0.38713459742871503,0.0522855118280145,8.8,0.5179553471220139,0.05764395402184708,8.055555555555555,0.13227513227513227,0.6607142857142857,0.35500000000000004,0.21428571428571427,0.6510204081632652,0.04598789632262938,0.4389164165083283,0.04732893616132022,7.525,0.3203823596746391,0.03720011520494486,6.8125,0.517939121064121,0.054081483465570464,8.0,0.1056166056166056,0.6428571428571429,0.3661458333333333,0.2727272727272727,0.6321130952380952,0.035356190550636726
0.3,25,8.851289749145508e-06,950,0,0,0,0.10714285714285714,0.07142857142857142,0.32142857142857145,0.0,0.5,0.1,0.0,0.4,0.0,0.5,0.1111111111111111,0.1111111111111111,0.2777777777777778,0.0,0.5,0.925,0.775,1.0,1.0,1.0,0.9,0.875,0.875,0.7494791666666667,0.9071428571428571,0.9,0.6076299517475988,0.044995052251789555,9.178571428571429,0.5110608345902464,0.0646363126478799,11.3,0.6612794612794614,0.03408324092062825,8.0,0.34656084656084657,0.44642857142857145,0.49333333333333335,0.25,0.7826672335600906,0.03547899263673091,0.5670434304257833,0.036773867723180906,8.325,0.39194621758959997,0.04532743360455262,8.5,0.6837749056499057,0.031071490468933097,8.208333333333334,0.2994505494505494,0.5833333333333334,0.4432291666666666,0.3409090909090909,0.7931845238095238,0.02298464132925546
0.3,26,9.119510650634766e-06,1161,0,0,0,0.14285714285714285,0.0,0.2857142857142857,0.0,0.5714285714285714,0.2,0.0,0.5,0.0,0.3,0.1111111111111111,0.0,0.16666666666666666,0.0,0.7222222222222222,1.0,0.5,0.625,0.625,1.0,0.65,0.375,0.875,0.7052083333333333,0.7566666666666666,1.0,0.5238425789896378,0.0946860065481273,10.428571428571429,0.28551102492278957,0.11367230843095082,10.1,0.6562489979156645,0.08413806105766977,10.61111111111111,0.02998236331569665,0.8214285714285714,0.5308333333333334,0.21428571428571427,0.7658021541950114,0.08217831033028254,0.4687807535601653,0.09013030323736106,9.775,0.2425654717015011,0.09715914708141138,8.5625,0.6195909414659414,0.08544440734132752,10.583333333333334,0.0347985347985348,0.6904761904761905,0.48020833333333324,0.2803030303030303,0.705922619047619,0.07829576691799797
0.3,27,8.463859558105469e-06,1678,0,0,0,0.17857142857142858,0.21428571428571427,0.39285714285714285,0.03571428571428571,0.17857142857142858,0.1,0.6,0.2,0.0,0.1,0.2222222222222222,0.0,0.5,0.05555555555555555,0.2222222222222222,1.0,0.475,1.0,1.0,0.975,0.5,1.0,1.0,0.7338541666666667,0.7785714285714286,1.0,0.5319450215983831,0.07854939139317707,10.178571428571429,0.46059685412626594,0.05322055656390501,9.9,0.5715828924162258,0.09262096629832821,10.333333333333334,0.1574074074074074,0.6607142857142857,0.5349999999999999,0.2857142857142857,0.6449829931972789,0.0682596200035018,0.5017184776008305,0.06798451899582666,9.475,0.42937562845651084,0.04774788371461158,9.125,0.5499470436970437,0.0814756091833034,9.708333333333334,0.1836080586080586,0.4880952380952381,0.4515625,0.2727272727272727,0.6543749999999999,0.05917332820673531
0.3,28,9.179115295410156e-06,1080,0,0,0,0.25,0.03571428571428571,0.17857142857142858,0.0,0.5357142857142857,0.4,0.1,0.4,0.0,0.1,0.16666666666666666,0.0,0.05555555555555555,0.0,0.7777777777777778,0.925,0.525,0.875,1.0,0.975,0.775,0.875,0.875,0.7234375,0.8495238095238096,0.8305555555555555,0.6013244691816121,0.07502981259269145,11.071428571428571,0.7166666666666667,0.12064178518486313,17.0,0.5372454705788039,0.04968982781926277,7.777777777777778,0.23743386243386239,0.4642857142857143,0.5758333333333333,0.39285714285714285,0.7926162131519273,0.06801642482578538,0.4596683157528746,0.06610030856511204,8.85,0.36126390460030167,0.07793442254152069,9.625,0.5252712565212565,0.058210899247506255,8.333333333333334,0.08913308913308914,0.5476190476190477,0.3651041666666667,0.4090909090909091,0.7370337301587302,0.05464981346275825
0.3,29,2.327561378479004e-05,2000,5,1,2,0.10714285714285714,0.07142857142857142,0.39285714285714285,0.0,0.42857142857142855,0.3,0.0,0.3,0.0,0.4,0.0,0.1111111111111111,0.4444444444444444,0.0,0.4444444444444444,0.95,0.475,0.875,0.875,1.0,0.55,0.875,0.875,0.6015625,0.7476190476190476,0.9388888888888889,0.48767251072923345,0.09186703528727344,10.357142857142858,0.4102413273001508,0.06169169339976793,9.5,0.5306898348565016,0.10863111411366538,10.833333333333334,0.3181216931216931,0.6071428571428571,0.36583333333333334,0.39285714285714285,0.6508786848072562,0.08041525597569632,0.47478858967829557,0.08681913684563577,10.175,0.3799184577677225,0.04665340550936094,8.375,0.5380353442853443,0.113596291069819,11.375,0.2854090354090354,0.6666666666666666,0.3348958333333333,0.5,0.6806646825396825,0.0711829669922634
0.3,30,9.447336196899414e-06,949,0,0,0,0.03571428571428571,0.25,0.0,0.0,0.7142857142857143,0.0,0.7,0.0,0.0,0.3,0.05555555555555555,0.0,0.0,0.0,0.9444444444444444,0.95,0.425,1.0,1.0,0.95,0.55,0.875,0.875,0.628125,0.6919047619047619,1.0,0.634540937587156,0.05736880356369634,9.928571428571429,0.46087768440709614,0.08072809518029085,11.2,0.7310205226871894,0.04439141933225494,9.222222222222221,0.08708112874779542,0.8035714285714286,0.7350000000000001,0.17857142857142858,0.8299319727891158,0.04373956309676352,0.5988809678883209,0.05562929008482268,9.5,0.3972766510450334,0.08083023673249275,10.125,0.7332838457838458,0.03882865898637596,9.083333333333334,0.09584859584859586,0.75,0.6953125,0.18181818181818182,0.7833333333333334,0.042640146755492506
0.3,31,8.359551429748535e-06,629,0,0,0,0.03571428571428571,0.0,0.07142857142857142,0.25,0.6428571428571429,0.0,0.0,0.0,0.4,0.6,0.05555555555555555,0.0,0.1111111111111111,0.16666666666666666,0.6666666666666666,0.7,0.2,0.75,1.0,0.7,0.225,0.875,1.0,0.6546875,0.6826190476190476,0.7097222222222221,0.7518887858173572,0.1740585545632464,18.214285714285715,1.0,0.24580131180060444,27.5,0.6140492223825558,0.1342014672091586,13.055555555555555,0.5925925925925926,0.17857142857142858,0.8583333333333334,0.25,0.7826388888888889,0.17505388033330774,0.7180529193029193,0.1612657877313496,17.425,0.9471153846153846,0.2334599359339196,26.1875,0.5653446090946092,0.11313635559630297,11.583333333333334,0.5256410256410257,0.16666666666666666,0.7708333333333333,0.11363636363636363,0.7854662698412699,0.16356483561880186
0.3,32,9.417533874511719e-06,1339,0,0,0,0.07142857142857142,0.10714285714285714,0.6785714285714286,0.0,0.14285714285714285,0.1,0.0,0.9,0.0,0.0,0.05555555555555555,0.16666666666666666,0.5555555555555556,0.0,0.2222222222222222,0.925,0.45,0.875,0.875,1.0,0.525,1.0,1.0,0.6182291666666666,0.7397619047619047,0.9444444444444444,0.6035546619580233,0.092086460981899,11.571428571428571,0.4401695036989155,0.09067750419031911,11.4,0.6943241943241942,0.09286921475499893,11.666666666666666,0.2768959435626102,0.5892857142857143,0.5591666666666667,0.2857142857142857,0.8231434240362813,0.08125540979839699,0.5514145454218984,0.08153428112529984,10.65,0.45759792699130936,0.09533706045838958,11.875,0.6139589577089578,0.07233242823657336,9.833333333333334,0.26404151404151405,0.7261904761904762,0.5401041666666666,0.29545454545454547,0.7604861111111111,0.06711614052537021
0.3,33,9.238719940185547e-06,1993,0,0,0,0.10714285714285714,0.03571428571428571,0.03571428571428571,0.0,0.8214285714285714,0.2,0.1,0.0,0.0,0.7,0.05555555555555555,0.0,0.05555555555555555,0.0,0.8888888888888888,0.925,0.475,0.5,1.0,0.825,0.55,0.625,1.0,0.7494791666666667,0.7528571428571429,0.8,0.6038700328616295,0.07356040517579986,10.821428571428571,0.7009803921568628,0.1010981583268759,15.5,0.5499198332531665,0.058261653425202065,8.222222222222221,0.24911816578483245,0.39285714285714285,0.4958333333333333,0.14285714285714285,0.7992630385487527,0.06914123526187306,0.5634575800016977,0.06716881587975365,10.3,0.5623496193349133,0.06980399392198351,12.3125,0.5641962204462204,0.06541203051826709,8.958333333333334,0.21336996336996336,0.4523809523809524,0.4307291666666666,0.3409090909090909,0.8272519841269841,0.05866746837264466
0.3,34,8.821487426757812e-06,1044,0,0,0,0.10714285714285714,0.0,0.07142857142857142,0.0,0.8214285714285714,0.2,0.0,0.1,0.0,0.7,0.05555555555555555,0.0,0.05555555555555555,0.0,0.8888888888888888,0.95,0.5,0.0,1.0,0.975,0.525,0.0,1.0,0.7177083333333334,0.7250000000000001,0.913888888888889,0.5013220556287783,0.10362586034390164,11.142857142857142,0.5411692882281118,0.12897066518915257,14.4,0.47918470418470416,0.0895454132076511,9.333333333333334,0.13425925925925927,0.6071428571428571,0.4958333333333333,0.32142857142857145,0.6742063492063491,0.09530863412194311,0.47743365294835877,0.09874338418503964,10.725,0.438650524312289,0.11461283175477549,12.375,0.503289072039072,0.0881637524718824,9.625,0.09493284493284493,0.6428571428571429,0.446875,0.4772727272727273,0.7059325396825397,0.0852572707204384
0.3,35,9.298324584960938e-06,944,0,0,0,0.10714285714285714,0.07142857142857142,0.2857142857142857,0.0,0.5357142857142857,0.1,0.2,0.0,0.0,0.7,0.1111111111111111,0.0,0.4444444444444444,0.0,0.4444444444444444,0.725,0.55,1.0,1.0,0.775,0.675,1.0,1.0,0.6885416666666666,0.8297619047619047,0.8805555555555555,0.667456895345551,0.061785316806834405,10.642857142857142,0.4826635782518135,0.03935040698126543,9.7,0.770119849286516,0.07424915559881716,11.166666666666666,0.35559964726631393,0.39285714285714285,0.6041666666666666,0.14285714285714285,0.8351757369614513,0.05493671717764662,0.627352981985335,0.04402607256058502,9.575,0.477996278639661,0.03231679468200857,9.1875,0.7269241175491176,0.051832257812969317,9.833333333333334,0.2933455433455433,0.4642857142857143,0.5999999999999999,0.11363636363636363,0.8256250000000002,0.03522810794934881
0.3,36,8.225440979003906e-06,1762,0,0,0,0.10714285714285714,0.03571428571428571,0.07142857142857142,0.10714285714285714,0.6785714285714286,0.3,0.0,0.2,0.0,0.5,0.0,0.05555555555555555,0.0,0.16666666666666666,0.7777777777777778,0.9,0.625,1.0,1.0,0.9,0.8,0.75,0.75,0.66875,0.8326190476190476,0.7986111111111112,0.6517563785420927,0.0705169046161884,11.25,0.6736263736263737,0.09121428174201437,14.9,0.6396063812730479,0.05901836176850729,9.222222222222221,0.25044091710758376,0.6785714285714286,0.5733333333333335,0.32142857142857145,0.8529620181405895,0.06065640056584807,0.5345139929514929,0.04850538175795842,8.775,0.3997376755189255,0.040670818636997244,8.4375,0.6243648712398713,0.053728423838599194,9.0,0.1497252747252747,0.6428571428571429,0.4552083333333333,0.25,0.7646726190476191,0.03763040674315504
0.3,37,9.119510650634766e-06,1156,0,0,0,0.10714285714285714,0.03571428571428571,0.35714285714285715,0.0,0.5,0.1,0.1,0.1,0.0,0.7,0.1111111111111111,0.0,0.5,0.0,0.3888888888888889,0.975,0.35,0.875,1.0,1.0,0.425,0.75,1.0,0.7734375,0.8071428571428572,0.9388888888888889,0.7268684688327546,0.07471390127265541,12.428571428571429,0.7996581196581196,0.11778282852314055,18.2,0.6864297739297739,0.05078671946683034,9.222222222222221,0.2865961199294533,0.5357142857142857,0.8225,0.17857142857142858,0.9010345804988662,0.0689880335689543,0.6581837606837606,0.0655483030796044,11.275,0.6147893772893773,0.08784987239487697,13.9375,0.6871133496133496,0.05068059020275604,9.5,0.23351648351648352,0.5952380952380952,0.7317708333333333,0.13636363636363635,0.8491765873015872,0.05806023189741162
0.3,38,8.434057235717773e-06,1462,0,0,0,0.03571428571428571,0.0,0.25,0.0,0.7142857142857143,0.1,0.0,0.7,0.0,0.2,0.0,0.0,0.0,0.0,1.0,0.575,0.125,1.0,1.0,0.725,0.35,1.0,1.0,0.5859375,0.6271428571428572,0.55,0.8093898165326738,0.13272275871834716,16.428571428571427,0.9444444444444444,0.18969643190657035,23.8,0.7343594676928009,0.10107071805822315,12.333333333333334,0.7328042328042328,0.25,0.8933333333333333,0.10714285714285714,0.7890022675736962,0.13319646187965123,0.5667509492141845,0.09575732375666436,11.625,0.473793026826115,0.09055857666930003,11.875,0.6287228974728974,0.09922315514824058,11.458333333333334,0.3559218559218559,0.6666666666666666,0.6614583333333333,0.13636363636363635,0.6720734126984127,0.08671846371296169
0.3,39,9.834766387939453e-06,886,0,0,0,0.10714285714285714,0.14285714285714285,0.14285714285714285,0.0,0.6071428571428571,0.1,0.4,0.2,0.0,0.3,0.1111111111111111,0.0,0.1111111111111111,0.0,0.7777777777777778,0.975,0.725,1.0,1.0,1.0,0.725,1.0,1.0,0.8817708333333334,0.91,0.9,0.48266518145719817,0.07398825390325438,9.178571428571429,0.44253393665158375,0.09103956413562367,10.9,0.5049603174603174,0.06451530377416034,8.222222222222221,0.18738977072310406,0.5357142857142857,0.41083333333333333,0.32142857142857145,0.6252834467120182,0.06615028383830387,0.46351532454473626,0.07365479643403963,9.225,0.36759790454643393,0.08486174997733385,9.9375,0.5274602712102713,0.0661834940718435,8.75,0.19352869352869354,0.6428571428571429,0.40885416666666663,0.45454545454545453,0.5999702380952381,0.06042561026453848
0.3,40,9.59634780883789e-06,1750,0,0,0,0.14285714285714285,0.07142857142857142,0.10714285714285714,0.0,0.6785714285714286,0.0,0.2,0.0,0.0,0.8,0.2222222222222222,0.0,0.16666666666666666,0.0,0.6111111111111112,0.65,0.375,0.875,1.0,0.725,0.5,0.875,1.0,0.6645833333333333,0.6516666666666666,0.7722222222222223,0.7407815398886829,0.10634576651139215,14.428571428571429,0.9333333333333332,0.1488627355873681,21.8,0.6338083213083213,0.08272522813584995,10.333333333333334,0.566137566137566,0.10714285714285714,0.7124999999999999,0.07142857142857142,0.828656462585034,0.10707906908604004,0.6496128177378176,0.09039246934474321,12.825,0.79502442002442,0.12154572104227729,18.3125,0.5526717495467496,0.0696236348797205,9.166666666666666,0.5,0.23809523809523808,0.6197916666666667,0.18939393939393936,0.7615178571428571,0.08730100365184057
0.3,41,9.775161743164062e-06,856,0,0,0,0.10714285714285714,0.0,0.32142857142857145,0.0,0.5714285714285714,0.1,0.0,0.2,0.0,0.7,0.1111111111111111,0.0,0.3888888888888889,0.0,0.5,1.0,0.6,0.25,0.25,1.0,0.6,0.625,0.75,0.825,0.8683333333333334,1.0,0.5157061076178724,0.04976228976936873,8.071428571428571,0.29083135818429934,0.04947290097993228,7.0,0.6406365239698574,0.04992306131905564,8.666666666666666,0.3844797178130512,0.48214285714285715,0.3708333333333333,0.32142857142857145,0.6739654195011336,0.038583419124232195,0.5142378720136073,0.049979460327632605,8.4,0.3319689654708037,0.054576897092538,8.0,0.6357504763754763,0.04691450248436235,8.666666666666666,0.33348595848595847,0.5357142857142857,0.4166666666666667,0.36363636363636365,0.7194543650793651,0.037112864992946346
0.3,42,8.982419967651367e-05,2000,2,1,0,0.21428571428571427,0.0,0.35714285714285715,0.03571428571428571,0.39285714285714285,0.4,0.0,0.3,0.0,0.3,0.1111111111111111,0.0,0.3888888888888889,0.05555555555555555,0.4444444444444444,0.975,0.425,0.75,0.5,0.975,0.625,0.75,0.875,0.6895833333333333,0.7892857142857143,0.9861111111111112,0.4622911985306944,0.0743049499787425,8.785714285714286,0.2717963082668965,0.10579763396143342,9.5,0.5681216931216931,0.05680901443280309,8.38888888888889,0.28880070546737213,0.42857142857142855,0.48749999999999993,0.32142857142857145,0.5642998866213152,0.06669539134662585,0.44677128019039786,0.06552399737149373,8.225,0.21552040688070098,0.07199904355554931,6.9375,0.6009385290635291,0.06120729991545667,9.083333333333334,0.4252136752136752,0.40476190476190477,0.32291666666666663,0.37121212121212116,0.5569841269841269,0.05548991271101853
0.3,43,8.404254913330078e-06,1417,0,0,0,0.10714285714285714,0.0,0.17857142857142858,0.0,0.7142857142857143,0.2,0.0,0.5,0.0,0.3,0.05555555555555555,0.0,0.0,0.0,0.9444444444444444,0.975,0.425,0.5,0.375,1.0,0.425,0.875,0.875,0.66875,0.8023809523809524,0.9,0.6199372348006802,0.08079462459782642,11.178571428571429,0.5535839977016448,0.0902009633284752,13.1,0.6568001443001443,0.07556888085857712,10.11111111111111,0.5235890652557319,0.39285714285714285,0.5249999999999999,0.07142857142857142,0.7417800453514739,0.07776653094798783,0.5801456733625852,0.07705839409005641,10.775,0.4992456838504633,0.06596731648344957,11.0,0.6340789997039997,0.0844524458277943,10.625,0.4624542124542124,0.5714285714285714,0.4822916666666666,0.20454545454545456,0.7428174603174603,0.06734270073676463
0.3,44,8.314847946166992e-06,890,0,0,0,0.14285714285714285,0.0,0.14285714285714285,0.0,0.7142857142857143,0.3,0.0,0.4,0.0,0.3,0.05555555555555555,0.0,0.0,0.0,0.9444444444444444,1.0,0.625,0.25,0.625,1.0,0.675,0.375,0.375,0.8078125,0.8669047619047618,0.9805555555555556,0.5012520800861138,0.04633335584656106,7.714285714285714,0.32348057171586586,0.06459707896536541,8.1,0.600014029180696,0.036186843002780855,7.5,0.07010582010582012,0.6428571428571429,0.4491666666666667,0.2857142857142857,0.6855867346938774,0.036686778996281366,0.4965117929456165,0.06006661992850826,8.575,0.31051632191338074,0.09318129216569572,9.4375,0.6205087736337737,0.037990171770383295,8.0,0.09462759462759462,0.6666666666666666,0.4005208333333333,0.4090909090909091,0.6565178571428572,0.04637705363565491
0.3,45,9.506940841674805e-06,595,0,0,0,0.07142857142857142,0.17857142857142858,0.10714285714285714,0.0,0.6428571428571429,0.1,0.5,0.3,0.0,0.1,0.05555555555555555,0.0,0.0,0.0,0.9444444444444444,1.0,0.475,0.25,0.25,1.0,0.625,0.5,0.5,0.7682291666666667,0.7919047619047619,1.0,0.5551957088196583,0.06454039486554618,9.357142857142858,0.3439671766142355,0.06942454901265992,8.9,0.6725448933782266,0.06182697589492744,9.61111111111111,0.037037037037037035,0.9107142857142857,0.595,0.2857142857142857,0.7919642857142858,0.049578092143695844,0.5001213798456445,0.05603140447067907,8.575,0.32984040571356743,0.0575781269420883,8.125,0.6136420292670293,0.05500025615640627,8.875,0.03632478632478632,0.8690476190476191,0.534375,0.3939393939393939,0.7376289682539683,0.038887846527242254
0.3,46,8.881092071533203e-06,1231,0,0,0,0.10714285714285714,0.32142857142857145,0.14285714285714285,0.0,0.42857142857142855,0.2,0.6,0.1,0.0,0.1,0.05555555555555555,0.16666666666666666,0.16666666666666666,0.0,0.6111111111111112,0.975,0.475,0.25,1.0,1.0,0.725,0.0,1.0,0.6640625,0.7247619047619047,0.9194444444444445,0.6004665152774395,0.0636441348668931,10.071428571428571,0.5255630970336853,0.0725076989594671,11.8,0.6420795254128587,0.05871993259324088,9.11111111111111,0.3037918871252205,0.3392857142857143,0.5774999999999999,0.25,0.766312358276644,0.0559178175551699,0.47280913734957847,0.0609201569537217,8.6,0.3314844928355958,0.03891219828944173,7.125,0.5670255670255671,0.07559212939657502,9.583333333333334,0.20146520146520144,0.2976190476190476,0.4072916666666666,0.36363636363636365,0.6890873015873016,0.051193324652633466
0.3,47,9.298324584960938e-06,1539,0,0,0,0.07142857142857142,0.25,0.39285714285714285,0.07142857142857142,0.21428571428571427,0.0,0.3,0.0,0.2,0.5,0.1111111111111111,0.2222222222222222,0.6111111111111112,0.0,0.05555555555555555,0.9,0.55,0.875,1.0,0.95,0.65,0.75,1.0,0.7697916666666667,0.7266666666666666,0.7527777777777778,0.7057050092764378,0.09554834940895274,13.214285714285714,0.7899999999999999,0.12136059225511879,17.9,0.6588744588744588,0.08120821449441606,10.61111111111111,0.7378747795414462,0.10714285714285714,0.6616666666666667,0.32142857142857145,0.7631944444444444,0.09271098837226657,0.6109876234876236,0.08308214590149507,11.55,0.5346897893772894,0.08139089259752147,12.4375,0.6618528462278462,0.08420964810414415,10.958333333333334,0.6401098901098902,0.30952380952380953,0.49114583333333334,0.28787878787878785,0.6941765873015873,0.0765462299458461
0.3,48,9.5367431640625e-06,1594,0,0,0,0.07142857142857142,0.0,0.35714285714285715,0.03571428571428571,0.5357142857142857,0.1,0.0,0.9,0.0,0.0,0.05555555555555555,0.0,0.05555555555555555,0.05555555555555555,0.8333333333333334,0.975,0.475,1.0,1.0,0.975,0.625,1.0,1.0,0.64375,0.674047619047619,0.85,0.5584117271617272,0.09776278624931516,11.5,0.5861538461538462,0.13208316987935148,15.5,0.5429994388327721,0.07869590645485054,9.277777777777779,0.17570546737213402,0.6071428571428571,0.5116666666666668,0.42857142857142855,0.7752551020408163,0.08823063753700684,0.4615045840597311,0.09203100213177583,10.2,0.39458747441284203,0.11454368864620494,11.8125,0.5061159904909904,0.07702254445548974,9.125,0.0989010989010989,0.7857142857142857,0.3828125,0.5454545454545454,0.7630654761904762,0.07510349571675375
0.3,49,9.953975677490234e-06,1349,0,0,0,0.17857142857142858,0.10714285714285714,0.5714285714285714,0.0,0.14285714285714285,0.2,0.0,0.8,0.0,0.0,0.16666666666666666,0.16666666666666666,0.4444444444444444,0.0,0.2222222222222222,0.9,0.4,0.75,1.0,1.0,0.575,0.625,1.0,0.7354166666666666,0.809047619047619,0.8833333333333333,0.6101489954956341,0.07765275718363995,11.035714285714286,0.6244092508798392,0.10247050414843231,14.6,0.602226631393298,0.06386511998097756,9.055555555555555,0.39175485008818345,0.375,0.5591666666666668,0.17857142857142858,0.7459325396825396,0.07107669071566539,0.5488459232760704,0.07159164599040231,10.0,0.41178642129928894,0.09318979320006662,11.125,0.6402189245939246,0.05719288118395944,9.25,0.311050061050061,0.6785714285714286,0.5625,0.20454545454545456,0.7355158730158731,0.05990748286230043
0.35,0,8.374452590942383e-06,709,0,0,0,0.07142857142857142,0.03571428571428571,0.07142857142857142,0.0,0.8214285714285714,0.1,0.1,0.2,0.0,0.6,0.05555555555555555,0.0,0.0,0.0,0.9444444444444444,0.85,0.35,0.0,1.0,1.0,0.425,0.0,1.0,0.6291666666666667,0.7285714285714286,0.85,0.5192078871175511,0.14681053406524006,14.071428571428571,0.6761161387631975,0.12765863595847504,16.8,0.43203663620330285,0.15745047745788726,12.555555555555555,0.222663139329806,0.42857142857142855,0.5441666666666667,0.35714285714285715,0.6504676870748299,0.14192110260325533,0.48697452669879143,0.11285831363860552,12.1,0.571415497288659,0.05131791487231055,11.5,0.4306805463055463,0.15388524614946886,12.5,0.17338217338217335,0.42857142857142855,0.484375,0.4090909090909091,0.6678869047619047,0.10459824215694177
0.35,1,9.924173355102539e-06,1186,0,0,0,0.07142857142857142,0.32142857142857145,0.42857142857142855,0.07142857142857142,0.10714285714285714,0.1,0.4,0.1,0.1,0.3,0.05555555555555555,0.2777777777777778,0.6111111111111112,0.05555555555555555,0.0,0.8,0.475,0.125,0.125,0.975,0.575,0.125,0.125,0.740625,0.7773809523809524,0.7208333333333333,0.6887512289298005,0.0963391152287683,13.178571428571429,0.7967032967032968,0.11661658495320135,17.9,0.6287778579445247,0.08507385427074995,10.555555555555555,0.47001763668430335,0.35714285714285715,0.6499999999999999,0.2857142857142857,0.8066468253968254,0.09260586626488498,0.571172846761082,0.07301862493250652,10.65,0.5526544431875314,0.07267547036515454,12.125,0.5835184491434491,0.07324739464407452,9.666666666666666,0.2844932844932845,0.5,0.5234375,0.37121212121212116,0.7429265873015873,0.06389126418857413
0.35,2,9.47713851928711e-06,1781,0,0,0,0.07142857142857142,0.0,0.21428571428571427,0.0,0.7142857142857143,0.1,0.0,0.3,0.0,0.6,0.05555555555555555,0.0,0.16666666666666666,0.0,0.7777777777777778,0.475,0.55,1.0,1.0,0.775,0.65,1.0,1.0,0.5692708333333334,0.5233333333333333,0.8694444444444445,0.6677917787161485,0.09690908971258336,12.392857142857142,0.5467722473604827,0.09842091203520474,13.0,0.7350248516915183,0.09606918842223815,12.055555555555555,0.6003086419753086,0.42857142857142855,0.605,0.25,0.7621315192743764,0.08942236592371908,0.534264377370995,0.08030433459282774,10.3,0.3805530305070746,0.08485974436739757,10.0625,0.6367386086136086,0.07726739474311449,10.458333333333334,0.30586080586080583,0.6190476190476191,0.5354166666666667,0.22727272727272727,0.6546329365079365,0.06927907493042802
0.35,3,9.357929229736328e-06,1113,0,0,0,0.0,0.10714285714285714,0.0,0.07142857142857142,0.8214285714285714,0.0,0.3,0.0,0.0,0.7,0.0,0.0,0.0,0.1111111111111111,0.8888888888888888,0.7,0.6,1.0,1.0,0.9,0.625,1.0,1.0,0.7020833333333334,0.8183333333333334,0.9111111111111111,0.6981601731601732,0.0711059415696053,11.5,0.5369047619047619,0.09490452379628289,13.2,0.7877465127465129,0.057884506999228855,10.555555555555555,0.7676366843033509,0.2857142857142857,0.7058333333333333,0.35714285714285715,0.7480442176870747,0.06445769087825773,0.6416109992948228,0.06776800499590184,10.7,0.4200229611075199,0.09678656043111758,11.25,0.789336358086358,0.04842230137242468,10.333333333333334,0.652014652014652,0.42857142857142855,0.6119791666666666,0.4090909090909091,0.7116468253968253,0.056055077494578165
0.35,4,9.5367431640625e-06,1279,0,0,0,0.03571428571428571,0.03571428571428571,0.03571428571428571,0.0,0.8928571428571429,0.1,0.1,0.1,0.0,0.7,0.0,0.0,0.0,0.0,1.0,0.975,0.525,1.0,1.0,1.0,0.6,1.0,1.0,0.7859375,0.861904761904762,0.925,0.6792164709706726,0.03310445949878887,9.142857142857142,0.5504316598434246,0.06384490749263486,11.4,0.7507635882635884,0.01602643283554111,7.888888888888889,0.3141534391534392,0.42857142857142855,0.645,0.03571428571428571,0.8346088435374149,0.028721795813486915,0.63240710882255,0.030972598265581526,8.825,0.45315344887955183,0.04793821393390488,9.5,0.7519095487845489,0.01966218782003262,8.375,0.266025641025641,0.5714285714285714,0.5781249999999999,0.11363636363636363,0.7916666666666666,0.02129932136323289
0.35,5,8.702278137207031e-06,1041,0,0,0,0.0,0.03571428571428571,0.0,0.0,0.9642857142857143,0.0,0.1,0.0,0.0,0.9,0.0,0.0,0.0,0.0,1.0,0.7,0.2,0.75,1.0,0.95,0.375,0.75,1.0,0.5171875,0.585,0.4986111111111111,0.8252048546691404,0.0661373820794757,13.285714285714286,1.0,0.10354386812719822,20.6,0.7280964405964406,0.04535600094185209,9.222222222222221,0.37037037037037035,0.35714285714285715,0.9291666666666666,0.0,0.9328939909297053,0.06466910352862017,0.6908101294130706,0.0630800612245116,11.4,0.6352915364863894,0.09029793364812658,14.3125,0.7278225246975247,0.04493481294210159,9.458333333333334,0.24175824175824176,0.42857142857142855,0.7609374999999999,0.10606060606060605,0.815734126984127,0.05796876121819626
0.35,6,1.3113021850585938e-05,2000,3,0,2,0.07142857142857142,0.0,0.39285714285714285,0.0,0.5357142857142857,0.1,0.0,0.1,0.0,0.8,0.05555555555555555,0.0,0.5555555555555556,0.0,0.3888888888888889,0.9,0.5,0.0,0.0,1.0,0.625,0.0,0.0,0.659375,0.6845238095238095,0.8,0.6102952486355848,0.07784930152263522,11.071428571428571,0.6059046182575594,0.10298762288662708,14.4,0.6127344877344878,0.06388356743152862,9.222222222222221,0.2056878306878307,0.5535714285714286,0.6875,0.14285714285714285,0.7648809523809524,0.0706895739942511,0.5332071666079019,0.06859834798204675,9.625,0.37400193250377073,0.0707991081537219,9.375,0.6393439893439893,0.06713117453426333,9.791666666666666,0.13217338217338215,0.6309523809523809,0.49895833333333334,0.32575757575757575,0.7913690476190476,0.05534606432683149
0.35,7,9.417533874511719e-06,1102,0,0,0,0.07142857142857142,0.25,0.14285714285714285,0.0,0.5357142857142857,0.1,0.7,0.1,0.0,0.1,0.05555555555555555,0.0,0.16666666666666666,0.0,0.7777777777777778,0.9,0.525,0.0,0.0,0.975,0.625,0.0,0.0,0.7083333333333333,0.7902380952380952,0.8305555555555555,0.6060762183661342,0.06161514809725953,10.357142857142858,0.7078431372549019,0.08534885708357207,15.0,0.549539041205708,0.04842975421597481,7.777777777777778,0.3388447971781305,0.39285714285714285,0.6166666666666666,0.25,0.7319160997732427,0.05593756575080716,0.588677747905689,0.05905110700377736,10.05,0.5697046927745457,0.07202197464412365,12.375,0.6013264513264513,0.050403861910213156,8.5,0.3894993894993895,0.47619047619047616,0.5442708333333333,0.25757575757575757,0.7222222222222221,0.05044483977526319
0.35,8,9.715557098388672e-06,1751,0,0,0,0.07142857142857142,0.03571428571428571,0.5357142857142857,0.0,0.35714285714285715,0.1,0.0,0.8,0.0,0.1,0.05555555555555555,0.05555555555555555,0.3888888888888889,0.0,0.5,1.0,0.925,0.625,0.625,1.0,0.825,0.75,0.75,0.6421875,0.894047619047619,1.0,0.6165942950606816,0.035672921962096725,8.928571428571429,0.5863269410328235,0.05586003509779347,12.0,0.633409491742825,0.024457859108931865,7.222222222222222,0.17239858906525574,0.5892857142857143,0.6000000000000001,0.14285714285714285,0.8264597505668935,0.026770071756964837,0.6259900352915059,0.03328769557989274,9.2,0.5855572838109603,0.05454501080123218,11.9375,0.652945202945203,0.019116152098999768,7.375,0.19383394383394384,0.6071428571428571,0.6197916666666666,0.09090909090909091,0.844156746031746,0.02382493518945804
0.35,9,0.036595046520233154,2000,3,2,0,0.14285714285714285,0.0,0.25,0.25,0.35714285714285715,0.1,0.0,0.4,0.0,0.5,0.16666666666666666,0.0,0.16666666666666666,0.3888888888888889,0.2777777777777778,0.7,0.45,0.875,1.0,0.725,0.475,0.875,1.0,0.6770833333333333,0.815,0.8083333333333333,0.531901624286078,0.10485668072877082,11.75,0.5807422969187674,0.11265981308911524,14.5,0.5047679172679174,0.10052160719524612,10.222222222222221,0.20414462081128748,0.35714285714285715,0.4633333333333334,0.14285714285714285,0.6851757369614513,0.10121686383924548,0.4864071304512481,0.07993917160705875,10.05,0.4414037249515191,0.06051594906357192,10.0,0.5164094007844008,0.09288798663604997,10.083333333333334,0.14652014652014653,0.6666666666666666,0.43125,0.20454545454545456,0.719265873015873,0.06842737674917576
0.35,10,9.268522262573242e-06,1411,0,0,0,0.03571428571428571,0.0,0.17857142857142858,0.0,0.7857142857142857,0.1,0.0,0.5,0.0,0.4,0.0,0.0,0.0,0.0,1.0,0.65,0.425,0.0,1.0,0.95,0.475,0.125,1.0,0.6442708333333333,0.6880952380952381,0.65,0.7818610777644391,0.1048941171795534,14.571428571428571,0.8807189542483659,0.14091180259195404,20.4,0.7269400352733686,0.08488429195044193,11.333333333333334,0.8068783068783069,0.26785714285714285,0.7541666666666667,0.2857142857142857,0.7991780045351474,0.10128017950341739,0.6735673231996762,0.08601234385443475,12.325,0.5676769105077928,0.09034295872070454,13.375,0.7441609316609318,0.08312526727692156,11.625,0.6419413919413919,0.39285714285714285,0.6208333333333333,0.40151515151515144,0.7607638888888889,0.07644313985788055
0.35,11,9.685754776000977e-06,884,0,0,0,0.07142857142857142,0.25,0.25,0.03571428571428571,0.39285714285714285,0.1,0.3,0.1,0.1,0.4,0.05555555555555555,0.2222222222222222,0.3333333333333333,0.0,0.3888888888888889,0.925,0.65,0.0,1.0,0.975,0.725,0.0,1.0,0.8119791666666667,0.8966666666666667,0.8875,0.5937112374087165,0.06977727038784275,10.535714285714286,0.59157616892911,0.06683426328618688,12.6,0.5948973865640533,0.07141227433320711,9.38888888888889,0.42239858906525574,0.4642857142857143,0.42833333333333334,0.2857142857142857,0.7612103174603174,0.06269802153323838,0.534416859692595,0.057223523076252156,9.375,0.487064737754076,0.0418332952844199,9.75,0.565984940984941,0.06748367493747366,9.125,0.3154761904761904,0.47619047619047616,0.3661458333333333,0.3181818181818182,0.7331448412698413,0.04721071828165764
0.35,12,9.238719940185547e-06,1440,0,0,0,0.03571428571428571,0.0,0.32142857142857145,0.35714285714285715,0.2857142857142857,0.0,0.0,0.0,1.0,0.0,0.05555555555555555,0.0,0.5,0.0,0.4444444444444444,0.775,0.35,0.625,1.0,0.6,0.3,0.5,1.0,0.6026041666666667,0.6228571428571429,0.7055555555555555,0.8358779117707689,0.05891407533083017,13.035714285714286,1.0,0.08486032696719191,19.7,0.7446989738656407,0.04449949108840699,9.333333333333334,0.5370370370370371,0.14285714285714285,0.8916666666666668,0.07142857142857142,0.9070436507936508,0.05840187137782617,0.8511168692418692,0.05095726151420993,13.225,1.0,0.06469139606938626,18.75,0.7518614487364488,0.04180117181075902,9.541666666666666,0.6025641025641025,0.11904761904761904,0.9140625,0.09090909090909091,0.9047222222222224,0.05040043009274945
0.35,13,9.685754776000977e-06,858,0,0,0,0.0,0.07142857142857142,0.03571428571428571,0.0,0.8928571428571429,0.0,0.0,0.0,0.0,1.0,0.0,0.1111111111111111,0.05555555555555555,0.0,0.8333333333333334,0.45,0.3,1.0,1.0,0.625,0.475,1.0,1.0,0.596875,0.525,0.6333333333333333,0.74637703566275,0.10026869745557183,14.071428571428571,0.8666666666666668,0.1200918501606862,19.2,0.6795494628827963,0.0892558348416194,11.222222222222221,0.4761904761904762,0.25,0.8149999999999998,0.10714285714285714,0.8184240362811791,0.09921307379746125,0.6322661448029094,0.06805010459860461,10.975,0.5594124829418947,0.07238674408869077,12.1875,0.6808352527102528,0.06515901160521383,10.166666666666666,0.3644688644688645,0.5833333333333334,0.6130208333333333,0.1590909090909091,0.7734325396825398,0.059378628974778955
0.35,14,9.626150131225586e-06,1357,0,0,0,0.03571428571428571,0.0,0.03571428571428571,0.0,0.9285714285714286,0.1,0.0,0.1,0.0,0.8,0.0,0.0,0.0,0.0,1.0,0.75,0.425,0.875,0.875,0.825,0.45,1.0,0.875,0.615625,0.5700000000000001,0.8805555555555555,0.6808921412387798,0.05831101904998374,10.75,0.6194092508798392,0.09932214830000882,14.4,0.7150493025493025,0.03552705835552537,8.722222222222221,0.3835978835978836,0.375,0.7874999999999999,0.10714285714285714,0.7598072562358277,0.05305478860860611,0.6039702474812769,0.04426571249509477,9.225,0.440220150560224,0.05637183048253101,9.625,0.7131369787619787,0.03619496717013726,8.958333333333334,0.34676434676434675,0.40476190476190477,0.6994791666666667,0.11363636363636363,0.7460615079365078,0.03793484325431974
0.35,15,8.881092071533203e-06,1553,0,0,0,0.07142857142857142,0.0,0.17857142857142858,0.17857142857142858,0.5714285714285714,0.1,0.0,0.1,0.5,0.3,0.05555555555555555,0.0,0.2222222222222222,0.0,0.7222222222222222,0.7,0.6,0.625,0.625,0.8,0.525,0.625,0.5,0.7098958333333334,0.8035714285714286,0.788888888888889,0.6604564086706943,0.07165132558717105,11.785714285714286,0.8361538461538462,0.12210784269589144,19.0,0.5628467211800544,0.043619927193437526,7.777777777777778,0.32451499118165783,0.42857142857142855,0.6341666666666667,0.14285714285714285,0.8480017006802721,0.06804050869045049,0.6320000832500833,0.06927246337056704,11.45,0.731043956043956,0.10020407568848361,16.375,0.5659708347208348,0.048651388491956,8.166666666666666,0.268009768009768,0.40476190476190477,0.615625,0.16666666666666666,0.8176785714285714,0.0644119858597113
0.35,16,9.626150131225586e-06,1518,0,0,0,0.0,0.03571428571428571,0.0,0.0,0.9642857142857143,0.0,0.1,0.0,0.0,0.9,0.0,0.0,0.0,0.0,1.0,0.825,0.475,0.0,0.0,1.0,0.5,0.125,0.125,0.7286458333333333,0.7619047619047619,0.8,0.7290579460222316,0.07359513568067999,12.178571428571429,0.6580830280830281,0.0808587263269358,14.5,0.7684884559884559,0.06955980754387121,10.88888888888889,0.8507495590828924,0.14285714285714285,0.5725,0.25,0.7828089569160998,0.07070835077585619,0.6535339395082043,0.06302228174299508,10.775,0.4657378416110034,0.051319830051674835,10.0,0.7787313381063381,0.07082391620387524,11.291666666666666,0.7240537240537241,0.30952380952380953,0.459375,0.36363636363636365,0.7847222222222222,0.05294708873574201
0.35,17,7.9423189163208e-06,1092,0,0,0,0.03571428571428571,0.0,0.03571428571428571,0.0,0.9285714285714286,0.1,0.0,0.1,0.0,0.8,0.0,0.0,0.0,0.0,1.0,0.55,0.35,0.75,1.0,0.625,0.525,0.75,1.0,0.5828125,0.7242857142857143,0.788888888888889,0.6828003170965357,0.10709026714722232,13.607142857142858,0.7723856209150327,0.12994827909104295,18.3,0.6330307038640373,0.09439137162287752,11.0,0.7065696649029982,0.35714285714285715,0.6583333333333334,0.10714285714285714,0.7750850340136054,0.10295191597929224,0.5888867260190789,0.08964585142943297,11.5,0.48900055214393445,0.08067062283534349,11.5,0.6554775086025085,0.09562933715882597,11.5,0.4716117216117216,0.5238095238095238,0.525,0.29545454545454547,0.7828869047619047,0.07723943024165689
0.35,18,9.775161743164062e-06,915,0,0,0,0.07142857142857142,0.2857142857142857,0.07142857142857142,0.0,0.5714285714285714,0.1,0.8,0.1,0.0,0.0,0.05555555555555555,0.0,0.05555555555555555,0.0,0.8888888888888888,0.75,0.375,1.0,1.0,1.0,0.525,1.0,1.0,0.7125,0.7092857142857143,0.9,0.6256010271241363,0.06876295440606008,10.928571428571429,0.6800847518494577,0.07560549983887385,14.2,0.5953322911656245,0.06496154027671909,9.11111111111111,0.2222222222222222,0.5,0.8008333333333333,0.10714285714285714,0.7250992063492064,0.06215929107704047,0.6391668686705452,0.06146958944545862,10.975,0.6529862345579258,0.055021873369001766,12.875,0.629953958078958,0.06576806682976317,9.708333333333334,0.25213675213675213,0.5952380952380952,0.7572916666666667,0.22727272727272727,0.7722718253968253,0.05039655287675081
0.35,19,0.010056555271148682,2000,11,3,2,0.0,0.0,0.0,0.0,1.0,0.0,0.0,0.0,0.0,1.0,0.0,0.0,0.0,0.0,1.0,0.75,0.325,0.5,1.0,0.825,0.4,1.0,1.0,0.6609375,0.7723809523809524,0.8263888888888888,0.6248697964034099,0.09746159351010518,12.464285714285714,0.7138562091503268,0.11116029336376973,16.4,0.5754329004329004,0.08985120470251373,10.277777777777779,0.30864197530864196,0.42857142857142855,0.5391666666666667,0.17857142857142858,0.8032312925170068,0.09342336251032478,0.6030370487355781,0.0838725072442839,11.675,0.6372678077641313,0.07585439536324742,13.5,0.5802165427165428,0.0892179151649749,10.458333333333334,0.27594627594627597,0.4523809523809524,0.5005208333333333,0.3181818181818182,0.8090873015873015,0.07451927611061661
0.35,20,8.553266525268555e-06,739,0,0,0,0.0,0.0,0.0,0.0,1.0,0.0,0.0,0.0,0.0,1.0,0.0,0.0,0.0,0.0,1.0,0.725,0.275,0.0,1.0,0.975,0.4,0.0,1.0,0.5140625,0.6614285714285715,0.7611111111111111,0.774110261820346,0.05646013514888696,11.857142857142858,0.7739517345399698,0.07044891449784212,15.4,0.7741983325316658,0.04868859106613409,9.88888888888889,0.48633156966490304,0.375,0.9199999999999999,0.03571428571428571,0.8300028344671201,0.05246284253584642,0.7107017961613551,0.058268916002571336,11.4,0.611641651853049,0.049239568830627675,12.125,0.7767418923668924,0.06428848078386712,10.916666666666666,0.42216117216117216,0.5595238095238095,0.8578125000000001,0.045454545454545456,0.7524305555555555,0.0512467714393088
0.35,21,8.881092071533203e-06,923,0,0,0,0.07142857142857142,0.14285714285714285,0.5714285714285714,0.03571428571428571,0.17857142857142858,0.1,0.4,0.0,0.1,0.4,0.05555555555555555,0.0,0.8888888888888888,0.0,0.05555555555555555,0.65,0.475,0.0,0.125,0.925,0.65,0.125,0.375,0.6208333333333333,0.6466666666666667,0.5944444444444444,0.7309562461348177,0.10786344373642831,14.321428571428571,0.9111111111111111,0.14393105856873456,21.0,0.6308702100368767,0.08782587994070262,10.61111111111111,0.5941358024691359,0.17857142857142858,0.7374999999999999,0.14285714285714285,0.806079931972789,0.1072279599740789,0.6089583170097876,0.07283345645828358,11.1,0.5612002172663937,0.057129774964671705,11.75,0.6407970501720502,0.08330257745402485,10.666666666666666,0.41773504273504275,0.47619047619047616,0.5718749999999999,0.3106060606060606,0.8014285714285714,0.06162726122581245
0.35,22,9.179115295410156e-06,1027,0,0,0,0.07142857142857142,0.0,0.4642857142857143,0.0,0.4642857142857143,0.1,0.0,0.3,0.0,0.6,0.05555555555555555,0.0,0.5555555555555556,0.0,0.3888888888888889,1.0,0.55,0.875,0.875,1.0,0.575,0.625,0.625,0.7713541666666667,0.7885714285714286,0.95,0.7780952649124918,0.02416462563109645,9.714285714285714,0.5879199885082238,0.0493320780955946,11.5,0.8837481962481963,0.010182707595264143,8.722222222222221,0.6152998236331569,0.26785714285714285,0.7191666666666666,0.10714285714285714,0.8414824263038548,0.019759306707045624,0.7308595550691139,0.027753934651081363,9.625,0.48104794000933704,0.05088810092189583,10.1875,0.8974006317756317,0.012331157137205048,9.25,0.5305250305250305,0.32142857142857145,0.6640625,0.13636363636363635,0.8823412698412699,0.021429598570677715
0.35,23,9.238719940185547e-06,1840,0,0,0,0.0,0.17857142857142858,0.2857142857142857,0.21428571428571427,0.32142857142857145,0.0,0.0,0.0,0.4,0.6,0.0,0.2777777777777778,0.4444444444444444,0.1111111111111111,0.16666666666666666,0.675,0.2,0.625,1.0,0.725,0.225,1.0,1.0,0.559375,0.5611904761904762,0.6236111111111111,0.836172954030097,0.14815157966444495,17.607142857142858,1.0,0.19645369486298753,25.1,0.745157928491262,0.12131707122081019,13.444444444444445,0.6481481481481481,0.10714285714285714,0.9291666666666666,0.0,0.8701814058956916,0.15183313085322617,0.8169271822948293,0.14941343295411041,17.725,0.9476809954751131,0.1953238234870907,24.25,0.7297579735079736,0.11880650593212357,13.375,0.6694139194139195,0.11904761904761904,0.9166666666666666,0.0606060606060606,0.8169543650793651,0.15221893261590075
0.35,24,9.238719940185547e-06,886,0,0,0,0.03571428571428571,0.0,0.10714285714285714,0.0,0.8571428571428571,0.1,0.0,0.3,0.0,0.6,0.0,0.0,0.0,0.0,1.0,0.775,0.45,1.0,1.0,0.975,0.625,1.0,1.0,0.5822916666666667,0.64,0.8,0.7399717346145918,0.08179069339143662,12.857142857142858,0.7510622710622711,0.09246401470998988,16.2,0.7338103254769922,0.07586107043668482,11.0,0.6432980599647266,0.25,0.625,0.10714285714285714,0.8546910430839002,0.08004381877578916,0.6512258309500957,0.05345167418670336,10.35,0.5369050424657043,0.056305688036084,11.25,0.7274396899396899,0.05154899828711629,9.75,0.4983211233211233,0.2857142857142857,0.590625,0.2803030303030303,0.8301289682539682,0.04639368028805344
0.35,25,9.506940841674805e-06,1554,0,0,0,0.03571428571428571,0.17857142857142858,0.07142857142857142,0.0,0.7142857142857143,0.1,0.5,0.2,0.0,0.2,0.0,0.0,0.0,0.0,1.0,0.925,0.575,1.0,1.0,1.0,0.6,1.0,1.0,0.5880208333333333,0.7666666666666666,0.85,0.6886439424254551,0.04033658485724178,9.714285714285714,0.6118394024276377,0.05468355562533844,11.8,0.7313131313131314,0.03236604554163253,8.555555555555555,0.2502204585537919,0.48214285714285715,0.7166666666666666,0.07142857142857142,0.838109410430839,0.0322780742948817,0.6266004848909261,0.03248755978888849,8.75,0.4193660557171587,0.037403380088248214,8.4375,0.764756771006771,0.02921034625598201,8.958333333333334,0.13247863247863245,0.5833333333333334,0.6375,0.06818181818181818,0.8415873015873017,0.022294049349872582
0.35,26,9.655952453613281e-06,738,0,0,0,0.0,0.0,0.0,0.0,1.0,0.0,0.0,0.0,0.0,1.0,0.0,0.0,0.0,0.0,1.0,0.975,0.375,0.875,0.875,1.0,0.425,0.75,0.875,0.5614583333333334,0.5745238095238094,0.9388888888888889,0.7044244854118805,0.06038832811547821,11.357142857142858,0.6896757164404222,0.03925204608278948,12.7,0.7126182459515792,0.0721307070225275,10.61111111111111,0.443342151675485,0.44642857142857145,0.6950000000000001,0.25,0.8690901360544218,0.050529212957405326,0.6407752602789367,0.05939484118962339,10.725,0.5699905843747756,0.051866035574017554,11.4375,0.6879650442150442,0.06441404493336061,10.25,0.39987789987789985,0.4880952380952381,0.6354166666666667,0.29545454545454547,0.8361904761904763,0.0486183751611728
0.35,27,9.000301361083984e-06,833,0,0,0,0.07142857142857142,0.0,0.75,0.10714285714285714,0.07142857142857142,0.1,0.0,0.4,0.3,0.2,0.05555555555555555,0.0,0.9444444444444444,0.0,0.0,0.675,0.475,0.0,0.0,0.925,0.6,0.0,0.0,0.5026041666666667,0.6690476190476191,0.6375,0.8019785944680903,0.07135890805914298,12.892857142857142,0.8470588235294118,0.10354386812719822,17.9,0.7769340227673562,0.05347837468800118,10.11111111111111,0.9417989417989419,0.03571428571428571,0.6308333333333331,0.21428571428571427,0.8596371882086168,0.06926289500238263,0.696441209933857,0.07017372647894075,11.625,0.5747299881491057,0.09669557815476579,13.625,0.7775820244570245,0.05249249202839076,10.291666666666666,0.8315018315018315,0.23809523809523808,0.4625,0.4393939393939394,0.759156746031746,0.060221637135593344
0.35,28,9.566545486450195e-06,868,0,0,0,0.03571428571428571,0.0,0.2857142857142857,0.0,0.6785714285714286,0.0,0.0,0.0,0.0,1.0,0.05555555555555555,0.0,0.4444444444444444,0.0,0.5,0.85,0.7,1.0,0.75,0.9,0.6,1.0,0.875,0.6776041666666667,0.7633333333333334,0.9444444444444444,0.6887325792787976,0.0642365098225173,11.035714285714286,0.523747037276449,0.04576848227371786,10.5,0.780391213724547,0.07449652512740589,11.333333333333334,0.5886243386243386,0.4107142857142857,0.69,0.17857142857142858,0.8324263038548753,0.056461471454300735,0.6833483448740802,0.06645816615923535,11.375,0.5145162792681175,0.04921825312349376,10.5,0.7959030552780554,0.0779514415163964,11.958333333333334,0.6208791208791209,0.44047619047619047,0.653125,0.18181818181818182,0.8420238095238094,0.05759137492798714
0.35,29,9.715557098388672e-06,744,0,0,0,0.07142857142857142,0.0,0.07142857142857142,0.0,0.8571428571428571,0.2,0.0,0.2,0.0,0.6,0.0,0.0,0.0,0.0,1.0,0.425,0.575,1.0,0.125,0.45,0.6,1.0,0.125,0.7380208333333333,0.7245238095238096,0.9444444444444444,0.7489395408513057,0.181858439230806,17.571428571428573,0.3801475975005387,0.06331013925530363,9.0,0.9538239538239538,0.24771860588386285,22.333333333333332,0.7438271604938271,0.2857142857142857,0.6016666666666667,0.10714285714285714,0.8409438775510204,0.17957596816635288,0.7312456212088565,0.17032285272891926,17.05,0.39047877163685984,0.05503139224895822,8.75,0.958423520923521,0.2471838263822266,22.583333333333332,0.7293956043956044,0.21428571428571427,0.5911458333333333,0.18181818181818182,0.8560714285714285,0.1674334765037499
0.35,30,9.000301361083984e-06,1908,0,0,0,0.14285714285714285,0.0,0.6071428571428571,0.21428571428571427,0.03571428571428571,0.2,0.0,0.1,0.6,0.1,0.1111111111111111,0.0,0.8888888888888888,0.0,0.0,0.7,0.45,0.125,0.5,0.7,0.5,0.125,0.625,0.6635416666666667,0.6502380952380953,0.6819444444444445,0.6842401937464964,0.08670208971818337,12.535714285714286,0.8151835093011564,0.13377623825449914,18.9,0.6114939073272407,0.06054978497578572,9.0,0.29894179894179895,0.35714285714285715,0.6541666666666666,0.07142857142857142,0.848922902494331,0.08536840898587562,0.7030940097484215,0.08575122710356924,13.05,0.8372140522875817,0.11938135141180219,18.5625,0.613680648055648,0.06333114423141394,9.375,0.34798534798534797,0.2857142857142857,0.6953125,0.18181818181818182,0.8379067460317462,0.08319656587220445
0.35,31,9.059906005859375e-06,733,0,0,0,0.0,0.0,0.0,0.0,1.0,0.0,0.0,0.0,0.0,1.0,0.0,0.0,0.0,0.0,1.0,0.85,0.425,0.5,0.0,0.95,0.5,0.625,0.0,0.6369791666666667,0.6276190476190476,0.8277777777777777,0.722707276383747,0.13605968267934979,15.214285714285714,0.5633494936436113,0.09407851434888337,13.3,0.8112393779060445,0.15938255397405332,16.27777777777778,0.61331569664903,0.17857142857142858,0.6224999999999999,0.39285714285714285,0.7819302721088436,0.13104816667123062,0.6598681690041984,0.12174765449041547,14.025,0.5374347415248151,0.09176602727211286,12.75,0.7414904539904539,0.14173540596928388,14.875,0.5189255189255189,0.23809523809523808,0.6229166666666666,0.36363636363636365,0.747202380952381,0.11529197389310149
0.35,32,8.58306884765625e-06,665,0,0,0,0.03571428571428571,0.0,0.03571428571428571,0.0,0.9285714285714286,0.1,0.0,0.1,0.0,0.8,0.0,0.0,0.0,0.0,1.0,0.9,0.4,0.0,0.0,1.0,0.4,0.125,0.125,0.6895833333333333,0.5766666666666667,0.8,0.7757414212771356,0.0913843995981706,13.642857142857142,0.7054273504273504,0.07861698462918933,14.8,0.8148047939714607,0.09847740791427133,13.0,0.8366402116402116,0.21428571428571427,0.8699999999999999,0.14285714285714285,0.7714143990929705,0.09039074625394126,0.6947507619014972,0.07584599113602168,11.95,0.5041740173633555,0.04151109084938323,9.9375,0.821801924926925,0.09873592466044734,13.291666666666666,0.6770451770451771,0.35714285714285715,0.78125,0.09090909090909091,0.7520436507936508,0.0714104273659085
0.35,33,0.0067598819732666016,2000,5,2,0,0.07142857142857142,0.17857142857142858,0.07142857142857142,0.5,0.17857142857142858,0.1,0.5,0.1,0.3,0.0,0.05555555555555555,0.0,0.05555555555555555,0.6111111111111112,0.2777777777777778,0.4,0.3,1.0,1.0,0.475,0.475,1.0,1.0,0.6276041666666667,0.6633333333333333,0.7083333333333333,0.7481434240362813,0.1257789581986762,15.392857142857142,0.888888888888889,0.15159635393330465,21.0,0.6699514991181656,0.11143596056832711,12.277777777777779,0.566137566137566,0.10714285714285714,0.8166666666666667,0.25,0.8001984126984126,0.12579196061155717,0.6592564502490973,0.0983269602999535,12.975,0.6522654734970912,0.080835887800114,13.9375,0.6639171014171015,0.1099876752998465,12.333333333333334,0.48916361416361415,0.23809523809523808,0.6286458333333333,0.29545454545454547,0.7863888888888889,0.09257095101481233
0.35,34,9.28342342376709e-06,1283,0,0,0,0.0,0.0,0.0,0.0,1.0,0.0,0.0,0.0,0.0,1.0,0.0,0.0,0.0,0.0,1.0,0.675,0.525,0.25,0.25,0.95,0.6,0.5,0.5,0.5916666666666667,0.6402380952380953,0.6833333333333333,0.8178674500103071,0.023864424993349623,10.714285714285714,0.8583333333333332,0.05228711246827059,16.0,0.795386403719737,0.008074043062837974,7.777777777777778,0.3070987654320988,0.39285714285714285,0.8683333333333334,0.07142857142857142,0.9889455782312925,0.019591320020196364,0.6559736260471555,0.027938638413839745,8.95,0.48002383645765995,0.052688381047822246,10.3125,0.7732734857734859,0.011438809991184748,8.041666666666666,0.12103174603174602,0.6190476190476191,0.625,0.17424242424242423,0.9547619047619047,0.01823801782588964
0.35,35,8.779764175415039e-05,2000,11,3,5,0.07142857142857142,0.0,0.2857142857142857,0.0,0.6428571428571429,0.0,0.0,0.0,0.0,1.0,0.1111111111111111,0.0,0.4444444444444444,0.0,0.4444444444444444,0.6,0.325,0.0,1.0,0.775,0.45,0.0,1.0,0.5494791666666667,0.6045238095238095,0.6236111111111111,0.7331220366934653,0.12167552754822794,15.25,1.0,0.18633270915994665,24.6,0.5848565015231683,0.08575487109727314,10.055555555555555,0.7777777777777778,0.07142857142857142,0.6125,0.25,0.7798044217687075,0.12271905769846725,0.6928558879845644,0.09599886172567551,13.425,0.7874642565359478,0.11894004452542421,18.0,0.6297836422836424,0.08070473985917638,10.375,0.7336691086691086,0.07142857142857142,0.5671875,0.3106060606060606,0.7656249999999999,0.0933013642623157
0.35,36,4.100799560546875e-05,2000,5,2,0,0.0,0.0,0.0,0.03571428571428571,0.9642857142857143,0.0,0.0,0.0,0.0,1.0,0.0,0.0,0.0,0.05555555555555555,0.9444444444444444,0.625,0.225,1.0,1.0,0.975,0.475,0.75,1.0,0.55,0.5826190476190476,0.75,0.7156767252355489,0.09919563357517927,13.535714285714286,0.8242483660130719,0.12294991865671054,18.6,0.6553591470258137,0.0859988085298841,10.722222222222221,0.44488536155202824,0.25,0.8108333333333333,0.14285714285714285,0.7747590702947845,0.09442685463421072,0.6309443620105385,0.07741230316295163,11.525,0.6395924235078646,0.08898839985008448,14.375,0.6251789876789876,0.06969490537152971,9.625,0.3339438339438339,0.5714285714285714,0.7286458333333333,0.18181818181818182,0.7911904761904762,0.06698774158313507
0.35,37,8.910894393920898e-06,1620,0,0,0,0.0,0.10714285714285714,0.0,0.0,0.8928571428571429,0.0,0.3,0.0,0.0,0.7,0.0,0.0,0.0,0.0,1.0,0.4,0.425,1.0,0.75,0.425,0.525,1.0,0.875,0.7182291666666667,0.7666666666666666,0.9388888888888889,0.6981934906829866,0.06703033177996257,11.5,0.6635240249946134,0.05974722914142531,13.3,0.717454304954305,0.07107649991248327,10.5,0.5264550264550265,0.17857142857142858,0.5866666666666666,0.2857142857142857,0.8119472789115646,0.06389490322829763,0.6519254826056298,0.05885470395635463,10.85,0.6283157253285929,0.04504715733425655,12.0,0.6676653207903209,0.06805973503775335,10.083333333333334,0.546092796092796,0.2857142857142857,0.5015624999999999,0.17424242424242423,0.7813690476190477,0.05390088956747504
0.35,38,8.165836334228516e-06,1379,0,0,0,0.07142857142857142,0.42857142857142855,0.10714285714285714,0.0,0.39285714285714285,0.0,0.8,0.0,0.0,0.2,0.1111111111111111,0.2222222222222222,0.16666666666666666,0.0,0.5,0.975,0.725,0.75,0.25,1.0,0.725,0.875,0.75,0.671875,0.809047619047619,0.95,0.5866290921963191,0.05327316522623044,9.428571428571429,0.498225238813474,0.060371627509610545,11.0,0.6357423440756773,0.049329575068797066,8.555555555555555,0.5319664902998236,0.44642857142857145,0.4491666666666666,0.35714285714285715,0.7776643990929706,0.042894334451690566,0.56504463469537,0.05418316092934409,9.35,0.43606695081878905,0.055543511372029064,9.625,0.6510297572797573,0.05327626063422077,9.166666666666666,0.5396825396825397,0.44047619047619047,0.39479166666666665,0.5,0.7867757936507938,0.04110032257802477
0.35,39,9.864568710327148e-06,1292,0,0,0,0.03571428571428571,0.0,0.25,0.0,0.7142857142857143,0.1,0.0,0.7,0.0,0.2,0.0,0.0,0.0,0.0,1.0,0.85,0.4,0.25,0.75,1.0,0.4,0.125,1.0,0.6072916666666667,0.7050000000000001,0.85,0.6987152903119289,0.07230651341181038,11.714285714285714,0.619317675788264,0.08717149212207477,14.1,0.7428250761584096,0.06404819190610794,10.38888888888889,0.6801146384479719,0.25,0.6599999999999999,0.2857142857142857,0.770280612244898,0.06695362742462187,0.6581334066260537,0.06270220272518481,10.775,0.4938481963298139,0.08352517477317548,11.875,0.76765688015688,0.048820221359857696,10.041666666666666,0.45115995115995117,0.38095238095238093,0.6463541666666666,0.18181818181818182,0.8202083333333334,0.0553310289335005
0.35,40,8.761882781982422e-06,1134,0,0,0,0.03571428571428571,0.0,0.0,0.0,0.9642857142857143,0.1,0.0,0.0,0.0,0.9,0.0,0.0,0.0,0.0,1.0,0.825,0.2,1.0,1.0,0.925,0.4,1.0,1.0,0.60625,0.621904761904762,0.6763888888888889,0.8420106679035252,0.11480804567306403,15.928571428571429,1.0,0.18220504958547853,24.4,0.7542388167388167,0.07736526572172261,11.222222222222221,0.7407407407407407,0.03571428571428571,0.9250000000000002,0.10714285714285714,0.8393707482993197,0.11692972942002185,0.7167954961704962,0.07263395700846917,12.25,0.6444558913308913,0.09086818026150188,14.625,0.7650218993968995,0.060477808173114024,10.666666666666666,0.5238095238095237,0.30952380952380953,0.7296875,0.3181818181818182,0.8695535714285715,0.06575045381427688
0.35,41,8.434057235717773e-06,1925,0,0,0,0.03571428571428571,0.0,0.0,0.0,0.9642857142857143,0.1,0.0,0.0,0.0,0.9,0.0,0.0,0.0,0.0,1.0,0.875,0.45,0.25,0.25,0.875,0.5,0.0,0.0,0.6322916666666667,0.6135714285714287,0.7194444444444444,0.7443643657929374,0.06360637673767057,11.857142857142858,0.7583760683760683,0.07795159108260112,15.5,0.7365800865800867,0.05563681321270914,9.833333333333334,0.25992063492063494,0.5714285714285714,0.8033333333333333,0.21428571428571427,0.9060515873015874,0.05653043866593112,0.6765447746697747,0.04895900867006386,10.6,0.6108287545787545,0.0534751463783763,12.375,0.7203554547304547,0.04594825019785556,9.416666666666666,0.23778998778998778,0.38095238095238093,0.7541666666666667,0.13636363636363635,0.8053174603174604,0.04478269126460469
0.35,42,7.927417755126953e-06,1073,0,0,0,0.07142857142857142,0.0,0.6785714285714286,0.03571428571428571,0.21428571428571427,0.1,0.0,0.8,0.1,0.0,0.05555555555555555,0.0,0.6111111111111112,0.0,0.3333333333333333,0.8,0.45,0.5,0.5,0.925,0.475,0.25,0.25,0.6135416666666667,0.679047619047619,0.7166666666666667,0.6320926097711812,0.11621859359366574,13.571428571428571,0.706031746031746,0.1439632097057139,18.3,0.5910153118486451,0.1008049179758612,10.944444444444445,0.3624338624338624,0.39285714285714285,0.6933333333333334,0.03571428571428571,0.7238520408163265,0.11486074339757123,0.5525976331674861,0.09824795846087521,11.575,0.478962586637219,0.0938753187801129,12.0625,0.6016876641876642,0.10116305158138339,11.25,0.1394993894993895,0.8452380952380952,0.6744791666666667,0.17424242424242423,0.7405357142857143,0.08393918702729633
0.35,43,9.059906005859375e-06,1397,0,0,0,0.03571428571428571,0.0,0.32142857142857145,0.0,0.6428571428571429,0.1,0.0,0.2,0.0,0.7,0.0,0.0,0.3888888888888889,0.0,0.6111111111111112,1.0,0.275,0.75,0.75,1.0,0.325,0.75,0.75,0.7442708333333333,0.7147619047619047,1.0,0.8246417506396498,0.0781715108944897,13.428571428571429,0.8405228758169934,0.1274213743848069,19.0,0.8158189033189034,0.050810475622091254,10.333333333333334,0.845679012345679,0.0,0.7708333333333333,0.17857142857142858,0.8401360544217688,0.078826307386223,0.8664989340724635,0.08062594940139835,14.475,0.9003267973856208,0.13158070386323603,20.25,0.8439470251970252,0.04665611309350654,10.625,0.8162393162393162,0.07142857142857142,0.8541666666666666,0.2424242424242424,0.8870535714285716,0.07998861767514384
0.35,44,9.655952453613281e-06,1751,0,0,0,0.0,0.0,0.0,0.0,1.0,0.0,0.0,0.0,0.0,1.0,0.0,0.0,0.0,0.0,1.0,0.7,0.275,1.0,1.0,0.825,0.3,1.0,1.0,0.5755208333333333,0.5983333333333334,0.8166666666666667,0.7013772350432014,0.08851647705892275,12.642857142857142,0.6980517848164907,0.08636560016449475,15.1,0.703224707391374,0.08971140866693833,11.277777777777779,0.45458553791887124,0.44642857142857145,0.6958333333333334,0.32142857142857145,0.8321428571428571,0.07917592331420369,0.6520927969089734,0.06950702498886474,11.375,0.63709127881922,0.07353445354605942,13.5625,0.662093808968809,0.06682207261740161,9.916666666666666,0.43559218559218554,0.4880952380952381,0.55625,0.20454545454545456,0.8123809523809523,0.05949956391729546
0.35,45,7.808208465576172e-06,1471,0,0,0,0.03571428571428571,0.17857142857142858,0.32142857142857145,0.10714285714285714,0.35714285714285715,0.0,0.5,0.0,0.3,0.2,0.05555555555555555,0.0,0.5,0.0,0.4444444444444444,0.875,0.45,0.5,1.0,0.9,0.6,0.625,1.0,0.6541666666666667,0.7726190476190476,0.8083333333333333,0.7636763038548754,0.08614504506652351,13.428571428571429,0.8377777777777778,0.10516347955249843,18.0,0.7225088183421515,0.07557924812987078,10.88888888888889,0.919973544973545,0.07142857142857142,0.5916666666666667,0.42857142857142855,0.8172902494331066,0.08318156571434213,0.6959401097268744,0.07569250882322265,11.975,0.6036050958845076,0.09610764563510596,14.125,0.7574967856217856,0.06208241761530043,10.541666666666666,0.8012820512820513,0.2857142857142857,0.4375,0.5151515151515151,0.8226686507936509,0.06543642256889809
0.35,46,0.0001958906650543213,2000,4,2,1,0.03571428571428571,0.25,0.03571428571428571,0.0,0.6785714285714286,0.1,0.7,0.1,0.0,0.1,0.0,0.0,0.0,0.0,1.0,0.775,0.3,0.625,0.625,0.925,0.5,0.75,0.75,0.634375,0.5988095238095238,0.5541666666666667,0.8414154298082871,0.07384193450964095,13.607142857142858,0.9277777777777778,0.10694529826447052,19.5,0.7934363476030143,0.05545117686806897,10.333333333333334,0.9675925925925926,0.0,0.7291666666666666,0.14285714285714285,0.8513605442176871,0.07500193769479514,0.7027848519944108,0.058903536990835594,11.275,0.5977184223048193,0.0673362006467356,12.75,0.7728291384541385,0.05328176122023559,10.291666666666666,0.76007326007326,0.2261904761904762,0.6302083333333333,0.356060606060606,0.7792559523809525,0.052119042662840454
0.35,47,9.59634780883789e-06,1035,0,0,0,0.07142857142857142,0.0,0.10714285714285714,0.03571428571428571,0.7857142857142857,0.0,0.0,0.0,0.1,0.9,0.1111111111111111,0.0,0.16666666666666666,0.0,0.7222222222222222,0.725,0.5,1.0,1.0,0.825,0.5,1.0,1.0,0.7739583333333333,0.7652380952380953,0.8486111111111111,0.6780746506061631,0.05895873875406623,10.642857142857142,0.6133961789844142,0.0743509704173422,13.1,0.7140071348404682,0.05040749894113514,9.277777777777779,0.4111552028218695,0.5,0.6150000000000001,0.2857142857142857,0.7961026077097506,0.049854979127372974,0.6537404935750525,0.07271298048084646,11.45,0.5565687733426704,0.07381258184445058,12.375,0.7185216403966402,0.07197991290511037,10.833333333333334,0.48717948717948717,0.35714285714285715,0.6234375,0.20454545454545456,0.7730158730158732,0.06604967221507607
0.35,48,9.655952453613281e-06,755,0,0,0,0.07142857142857142,0.17857142857142858,0.07142857142857142,0.17857142857142858,0.5,0.2,0.5,0.2,0.0,0.1,0.0,0.0,0.0,0.2777777777777778,0.7222222222222222,0.525,0.375,1.0,1.0,0.575,0.8,1.0,1.0,0.634375,0.7285714285714286,0.7,0.79283948427856,0.08187710618947394,13.178571428571429,0.7751633986928104,0.09391868561272086,16.2,0.8026595318261985,0.07518733984322563,11.5,0.804673721340388,0.25,0.7308333333333332,0.25,0.833985260770975,0.07682396709018326,0.644092621022768,0.0648755682766445,10.575,0.43371102447389215,0.06028485144769499,9.75,0.7843470187220186,0.06793604616261083,11.125,0.6103479853479853,0.5595238095238095,0.5333333333333332,0.4090909090909091,0.8197718253968255,0.050943488319415475
0.35,49,8.732080459594727e-06,956,0,0,0,0.0,0.0,0.0,0.0,1.0,0.0,0.0,0.0,0.0,1.0,0.0,0.0,0.0,0.0,1.0,0.925,0.175,1.0,1.0,0.95,0.225,1.0,1.0,0.5682291666666667,0.5733333333333333,0.8833333333333333,0.8527893733250876,0.10564260055585015,15.607142857142858,1.0,0.15706704376762443,23.2,0.7710056918390253,0.07707346543819776,11.38888888888889,0.9259259259259259,0.0,0.8916666666666666,0.14285714285714285,0.8567176870748299,0.10809488171111944,0.867934496059496,0.10963765859005722,16.3,1.0,0.16299027712558017,23.5,0.7798908267658268,0.07406924623304194,11.5,0.9615384615384616,0.0,0.8697916666666667,0.10606060606060606,0.8602281746031746,0.11251254941696107
0.4,0,8.970499038696289e-06,1099,0,0,0,0.0,0.0,0.0,0.0,1.0,0.0,0.0,0.0,0.0,1.0,0.0,0.0,0.0,0.0,1.0,0.8,0.2,1.0,1.0,0.85,0.2,1.0,1.0,0.534375,0.6497619047619048,0.7472222222222222,0.860316171923315,0.08591052100818085,14.714285714285714,1.0,0.10354386812719822,20.6,0.7827140452140452,0.07611421705317119,11.444444444444445,0.7777777777777778,0.07142857142857142,0.7708333333333334,0.35714285714285715,0.9336309523809525,0.08380703089130792,0.8273173354423353,0.08217036842205086,14.525,1.0,0.10356729276870502,20.625,0.7121955590705591,0.06790575219094809,10.458333333333334,0.7435897435897436,0.09523809523809523,0.7291666666666667,0.2727272727272727,0.8933531746031745,0.08066491048545965
0.4,1,4.0531158447265625e-05,2000,3,1,0,0.0,0.0,0.0,0.0,1.0,0.0,0.0,0.0,0.0,1.0,0.0,0.0,0.0,0.0,1.0,0.85,0.225,0.75,1.0,0.95,0.35,0.75,0.875,0.61875,0.720952380952381,0.8027777777777778,0.8107062930067134,0.09090829567155645,14.25,0.9160346189757954,0.1366804106685014,20.9,0.7521905563572231,0.06547934289547593,10.555555555555555,0.677469135802469,0.2857142857142857,0.7874999999999999,0.0,0.9048469387755101,0.09058734481184068,0.7688877339980281,0.0701892357513367,12.975,0.8175842131724484,0.10231031503898791,17.75,0.7364234145484145,0.04877518289290255,9.791666666666666,0.6514041514041514,0.3333333333333333,0.7458333333333333,0.0606060606060606,0.8873710317460318,0.06736997472433318
0.4,2,9.059906005859375e-06,732,0,0,0,0.03571428571428571,0.17857142857142858,0.0,0.0,0.7857142857142857,0.0,0.5,0.0,0.0,0.5,0.05555555555555555,0.0,0.0,0.0,0.9444444444444444,0.425,0.25,1.0,1.0,0.425,0.6,1.0,1.0,0.5125,0.5107142857142857,0.5097222222222222,0.7779259431045146,0.13088436959249009,16.178571428571427,1.0,0.1863789626289568,24.6,0.654551467051467,0.10005404012778636,11.5,0.7407407407407407,0.25,0.7541666666666667,0.25,0.8419926303854874,0.13022234064821267,0.6516118256743256,0.09173699286600538,12.6,0.6468015491452992,0.09577020357082561,14.8125,0.6548186766936768,0.08904818572945856,11.125,0.6114163614163614,0.35714285714285715,0.4822916666666667,0.34848484848484845,0.8177281746031746,0.08437008693475848
0.4,3,9.417533874511719e-06,933,0,0,0,0.0,0.0,0.0,0.0,1.0,0.0,0.0,0.0,0.0,1.0,0.0,0.0,0.0,0.0,1.0,0.6,0.3,0.0,1.0,0.6,0.3,0.0,1.0,0.5598958333333333,0.5583333333333333,0.6388888888888888,0.8725391671820245,0.07597925405552787,14.25,1.0,0.10354386812719822,20.6,0.80172759339426,0.06066557957126658,10.722222222222221,1.0,0.0,0.7750000000000001,0.25,0.8685232426303855,0.07578384405161476,0.8291051309801309,0.07433895368971463,14.175,1.0,0.10356729276870502,20.625,0.7151752183002182,0.054853394303721055,9.875,0.9487179487179487,0.0,0.7421875,0.25,0.8328869047619047,0.0741378998513823
0.4,4,9.685754776000977e-06,1221,0,0,0,0.0,0.0,0.0,0.0,1.0,0.0,0.0,0.0,0.0,1.0,0.0,0.0,0.0,0.0,1.0,0.65,0.2,0.125,1.0,0.825,0.2,0.125,1.0,0.4953125,0.5488095238095239,0.6069444444444444,0.7848433312719028,0.0956660381507698,14.5,1.0,0.13653195663805978,22.2,0.6653118486451821,0.07296275010227533,10.222222222222221,0.37037037037037035,0.35714285714285715,0.9291666666666666,0.0,0.8905895691609976,0.09512797000905929,0.8116851204351203,0.10293311230555083,15.475,1.0,0.14499420987618702,22.625,0.6861418673918674,0.07489238059179336,10.708333333333334,0.41025641025641024,0.3333333333333333,0.9453125,0.0606060606060606,0.9040873015873017,0.1022181470316161
0.4,5,9.834766387939453e-06,1020,0,0,0,0.0,0.0,0.0,0.0,1.0,0.0,0.0,0.0,0.0,1.0,0.0,0.0,0.0,0.0,1.0,0.4,0.4,1.0,1.0,0.4,0.4,1.0,1.0,0.5505208333333333,0.5635714285714286,0.8,0.7331550802139039,0.05636879195968957,11.464285714285714,0.7748039215686274,0.06814186287907321,15.4,0.7100168350168351,0.049828197004476465,9.277777777777779,0.26785714285714285,0.44642857142857145,0.7749999999999999,0.14285714285714285,0.9223497732426303,0.048461904522622605,0.6614309383427031,0.05365700552207773,10.7,0.6169369029663148,0.05404593470758402,12.375,0.6910936285936287,0.05339771939840685,9.583333333333334,0.14590964590964592,0.7976190476190477,0.7749999999999999,0.19696969696969696,0.9064186507936508,0.03862401102578472
0.4,6,9.685754776000977e-06,1038,0,0,0,0.0,0.0,0.0,0.0,1.0,0.0,0.0,0.0,0.0,1.0,0.0,0.0,0.0,0.0,1.0,0.925,0.4,0.125,0.125,0.95,0.4,0.125,0.375,0.8057291666666666,0.8442857142857143,0.925,0.7323556695405434,0.04614656890456451,10.535714285714286,0.637875816993464,0.07851450729014299,13.7,0.7848444765111432,0.02816438091257649,8.777777777777779,0.5705467372134039,0.42857142857142855,0.6758333333333333,0.17857142857142858,0.8081916099773243,0.040773953391114504,0.7523404597853128,0.045413137036789106,11.1,0.6626030780902105,0.07113648248739474,13.8125,0.8121653809153809,0.02826424006971869,9.291666666666666,0.539072039072039,0.4523809523809524,0.7453125,0.12878787878787878,0.8947519841269841,0.0385363009146633
0.4,7,8.702278137207031e-06,494,0,0,0,0.03571428571428571,0.0,0.03571428571428571,0.0,0.9285714285714286,0.1,0.0,0.1,0.0,0.8,0.0,0.0,0.0,0.0,1.0,0.85,0.5,1.0,0.25,0.975,0.575,1.0,0.375,0.5432291666666667,0.5883333333333334,0.8444444444444444,0.7088088965189806,0.06753039075587461,11.392857142857142,0.5750689506571859,0.05343204279505868,11.5,0.7831088664421998,0.07536280628966122,11.333333333333334,0.3187830687830687,0.42857142857142855,0.7933333333333333,0.0,0.8412840136054421,0.06324956891776408,0.6561198503294092,0.04811036489761299,10.175,0.5549375920239892,0.05200481158894213,11.3125,0.7235746891996891,0.04551406710339356,9.416666666666666,0.1422466422466422,0.7142857142857143,0.784375,0.10606060606060606,0.8697519841269841,0.03684310468142733
0.4,8,9.179115295410156e-06,615,0,0,0,0.03571428571428571,0.0,0.10714285714285714,0.03571428571428571,0.8214285714285714,0.0,0.0,0.0,0.1,0.9,0.05555555555555555,0.0,0.16666666666666666,0.0,0.7777777777777778,0.825,0.3,0.5,1.0,0.95,0.525,0.375,1.0,0.6067708333333333,0.7257142857142858,0.8652777777777778,0.7939638734281592,0.08696444834919646,13.642857142857142,0.8944444444444445,0.14175714552525628,20.6,0.7381413339746673,0.056524061029163235,9.777777777777779,0.8531746031746031,0.07142857142857142,0.7341666666666666,0.21428571428571427,0.7781179138321995,0.0873836011493949,0.7312445520166108,0.08410512844032092,13.075,0.7722805788982259,0.12341880214335788,17.875,0.7038872007622009,0.05789601263829628,9.875,0.7481684981684982,0.15476190476190477,0.6515625,0.3181818181818182,0.7895932539682541,0.07929526348536313
0.4,9,9.47713851928711e-06,1024,0,0,0,0.0,0.0,0.0,0.0,1.0,0.0,0.0,0.0,0.0,1.0,0.0,0.0,0.0,0.0,1.0,0.65,0.3,0.125,1.0,0.925,0.65,0.375,1.0,0.5520833333333333,0.6857142857142857,0.65,0.8185168006596578,0.0790648988430612,13.714285714285714,0.9111111111111111,0.09164394610046395,18.5,0.767075517075517,0.07207653925561523,11.055555555555555,0.6159611992945325,0.10714285714285714,0.7283333333333334,0.25,0.9264739229024944,0.07658782460523188,0.7246031929671635,0.05049004506229719,11.3,0.6788312841162106,0.022008557372283574,11.75,0.7551177988677988,0.06947770352230628,11.0,0.5741758241758241,0.25,0.53125,0.2727272727272727,0.8671924603174602,0.04288295875169571
0.4,10,9.08970832824707e-06,692,0,0,0,0.0,0.14285714285714285,0.2857142857142857,0.0,0.5714285714285714,0.0,0.0,0.0,0.0,1.0,0.0,0.2222222222222222,0.4444444444444444,0.0,0.3333333333333333,0.95,0.425,0.25,1.0,0.95,0.425,0.25,1.0,0.675,0.7711904761904762,0.8444444444444444,0.6890490345322278,0.07316780455085081,11.714285714285714,0.657382029734971,0.07397983139744194,13.8,0.7066418149751483,0.07271667852496687,10.555555555555555,0.49933862433862436,0.25,0.6316666666666666,0.17857142857142858,0.8203798185941044,0.0694201806801931,0.6725614234621587,0.07234262268692179,11.675,0.6058929581447963,0.07563757589156064,13.125,0.7170070670070668,0.07014598721716259,10.708333333333334,0.4621489621489622,0.5,0.6479166666666667,0.28787878787878785,0.8406349206349205,0.061625700219470406
0.4,11,9.447336196899414e-06,1334,0,0,0,0.0,0.10714285714285714,0.0,0.0,0.8928571428571429,0.0,0.3,0.0,0.0,0.7,0.0,0.0,0.0,0.0,1.0,1.0,0.425,0.875,0.25,0.975,0.575,1.0,0.25,0.6151041666666667,0.6092857142857143,0.95,0.7285492635282551,0.03557108860963363,10.535714285714286,0.8317489046900812,0.03421569794928574,14.7,0.671216129549463,0.03632408342093801,8.222222222222221,0.27336860670194,0.4107142857142857,0.8708333333333333,0.0,0.8212585034013605,0.031037483689407203,0.7276752312230254,0.04078987472984071,11.025,0.7705384637829491,0.04360954350252162,14.25,0.699099742849743,0.03891009554805344,8.875,0.311050061050061,0.4642857142857143,0.8213541666666666,0.13636363636363635,0.8511309523809523,0.034136458715339386
0.4,12,9.834766387939453e-06,1823,0,0,0,0.03571428571428571,0.0,0.10714285714285714,0.0,0.8571428571428571,0.0,0.0,0.0,0.0,1.0,0.05555555555555555,0.0,0.16666666666666666,0.0,0.7777777777777778,0.6,0.275,0.0,1.0,0.625,0.225,0.0,1.0,0.6875,0.6688095238095237,0.7958333333333334,0.7999484642341785,0.06264747703601484,12.928571428571429,1.0,0.09143823973765126,20.0,0.6888087221420555,0.046652608868439055,9.0,0.5185185185185185,0.2857142857142857,0.925,0.07142857142857142,0.8561933106575965,0.06100295748501795,0.8142121767121766,0.06070336531869985,13.35,1.0,0.08645960344573324,19.8125,0.6903536278536279,0.043532539900677604,9.041666666666666,0.5641025641025641,0.23809523809523808,0.8697916666666666,0.045454545454545456,0.8684424603174602,0.0598064430811029
0.4,13,9.179115295410156e-06,558,0,0,0,0.0,0.0,0.0,0.07142857142857142,0.9285714285714286,0.0,0.0,0.0,0.0,1.0,0.0,0.0,0.0,0.1111111111111111,0.8888888888888888,0.4,0.275,1.0,1.0,0.4,0.35,1.0,1.0,0.5901041666666667,0.63,0.6138888888888889,0.7907171959692969,0.11431225817049477,15.357142857142858,0.9150326797385621,0.13338526763441444,20.6,0.721653038319705,0.10371614180165051,12.444444444444445,0.6203703703703703,0.125,0.8958333333333336,0.14285714285714285,0.8069302721088435,0.11414871190227839,0.7670509882274589,0.09408530229313324,14.225,0.8302287581699346,0.09559539439664003,17.5,0.7249324749324749,0.09307857422412869,12.041666666666666,0.5808913308913309,0.25,0.8546875,0.09090909090909091,0.8139285714285714,0.09184211751361102
0.4,14,0.02209991216659546,2000,45,14,4,0.03571428571428571,0.0,0.14285714285714285,0.25,0.5714285714285714,0.0,0.0,0.0,0.0,1.0,0.05555555555555555,0.0,0.2222222222222222,0.3888888888888889,0.3333333333333333,0.425,0.45,1.0,1.0,0.475,0.525,1.0,1.0,0.6,0.8142857142857143,0.7638888888888888,0.8380350625098526,0.049837017426981316,12.0,0.8084967320261438,0.07226261887377879,15.7,0.8544452461119127,0.03737834995653827,9.944444444444445,0.7645502645502645,0.14285714285714285,0.8083333333333332,0.17857142857142858,0.8887046485260771,0.045678468589512536,0.7693729065052595,0.05304098309114982,11.65,0.6697449813258636,0.08114371090000079,14.3125,0.8357915232915234,0.034305831218582515,9.875,0.6804029304029304,0.23809523809523808,0.7145833333333332,0.22727272727272727,0.8397123015873017,0.04565371952370415
0.4,15,8.791685104370117e-06,804,0,0,0,0.0,0.0,0.0,0.0,1.0,0.0,0.0,0.0,0.0,1.0,0.0,0.0,0.0,0.0,1.0,0.6,0.375,0.0,1.0,0.6,0.4,0.0,1.0,0.6541666666666667,0.8392857142857143,0.7097222222222223,0.7794282106782108,0.08499917174303799,13.821428571428571,1.0,0.1344843290763968,22.1,0.6568883277216611,0.05750741766894977,9.222222222222221,0.37037037037037035,0.35714285714285715,0.9416666666666668,0.14285714285714285,0.8349206349206348,0.0829947026084502,0.8058153651903652,0.09613887327152378,15.025,1.0,0.14499420987618702,22.625,0.676358941983942,0.06356864886841494,9.958333333333334,0.41025641025641024,0.3333333333333333,0.9453125,0.13636363636363635,0.8669444444444444,0.09479722634302498
0.4,16,9.775161743164062e-06,1441,0,0,0,0.0,0.0,0.0,0.0,1.0,0.0,0.0,0.0,0.0,1.0,0.0,0.0,0.0,0.0,1.0,0.6,0.375,0.0,0.125,0.6,0.4,0.0,0.0,0.534375,0.5426190476190476,0.5847222222222221,0.8361304370232941,0.07021695597959048,13.607142857142858,1.0,0.1057177811706765,20.7,0.7450917909251242,0.050494275317876015,9.666666666666666,0.6481481481481481,0.10714285714285714,0.8,0.25,0.9148526077097506,0.06861539150686304,0.8529020285270285,0.07112232767446776,14.2,1.0,0.10356729276870502,20.625,0.7548367142117142,0.04949235094497626,9.916666666666666,0.6794871794871795,0.11904761904761904,0.8098958333333334,0.25,0.927063492063492,0.06947234201439617
0.4,17,8.58306884765625e-06,604,0,0,0,0.0,0.0,0.0,0.0,1.0,0.0,0.0,0.0,0.0,1.0,0.0,0.0,0.0,0.0,1.0,0.9,0.2,1.0,1.0,0.95,0.425,1.0,1.0,0.6328125,0.6083333333333334,0.6333333333333333,0.8200036075036076,0.0681424480797126,13.285714285714286,1.0,0.13255732330646625,22.0,0.7200056116722784,0.032356406287071704,8.444444444444445,0.37037037037037035,0.35714285714285715,0.9416666666666667,0.03571428571428571,0.9123582766439909,0.06653425433043503,0.7523468137254902,0.042579149504689676,11.35,0.8053595556812468,0.06173674465605641,15.5625,0.7170049857549857,0.029807419403778523,8.541666666666666,0.3334859584859585,0.38095238095238093,0.8270833333333333,0.08333333333333333,0.8791269841269841,0.038094215825297796
0.4,18,0.00706365704536438,2000,36,14,7,0.0,0.25,0.0,0.07142857142857142,0.6785714285714286,0.0,0.7,0.0,0.0,0.3,0.0,0.0,0.0,0.1111111111111111,0.8888888888888888,0.4,0.3,1.0,1.0,0.4,0.4,1.0,1.0,0.6244791666666667,0.6466666666666667,0.75,0.7274377932991379,0.10194156414973767,13.607142857142858,0.7070494864612511,0.09362191491554282,15.3,0.7387646304312969,0.10656359150206814,12.666666666666666,0.71494708994709,0.17857142857142858,0.6824999999999999,0.42857142857142855,0.7799319727891156,0.09673088423465921,0.6330782983356513,0.08126535599835442,11.575,0.49241172430510666,0.05425873931103076,10.375,0.7268560143560143,0.09926976712323687,12.375,0.5636446886446886,0.5714285714285714,0.5848958333333334,0.3560606060606061,0.7611904761904762,0.06895983724794257
0.4,19,0.00011467933654785156,2000,1,1,0,0.03571428571428571,0.10714285714285714,0.21428571428571427,0.0,0.6428571428571429,0.0,0.0,0.0,0.0,1.0,0.05555555555555555,0.16666666666666666,0.3333333333333333,0.0,0.4444444444444444,0.95,0.55,0.625,1.0,0.975,0.6,0.625,1.0,0.5375,0.655,0.8944444444444444,0.6734060757170003,0.0459091246618165,9.892857142857142,0.563285929756518,0.0555232679850564,11.5,0.7345839345839346,0.04056793392668322,9.0,0.43628747795414463,0.4107142857142857,0.6033333333333333,0.03571428571428571,0.8197420634920636,0.04047898193350714,0.6519495210671681,0.05302211203646719,10.3,0.5357876804567981,0.05938555176393478,11.375,0.729390748140748,0.04877981888482211,9.583333333333334,0.43620268620268615,0.4642857142857143,0.5916666666666667,0.11363636363636363,0.8315376984126985,0.044684422857476994
0.4,20,9.357929229736328e-06,862,0,0,0,0.03571428571428571,0.0,0.17857142857142858,0.0,0.7857142857142857,0.1,0.0,0.5,0.0,0.4,0.0,0.0,0.0,0.0,1.0,0.875,0.3,1.0,1.0,0.925,0.35,1.0,1.0,0.6979166666666667,0.6669047619047619,0.8111111111111111,0.6858468387354942,0.10369943440437303,13.642857142857142,0.8838235294117647,0.14880836530157499,20.9,0.5758597883597883,0.0786389172392608,9.61111111111111,0.41071428571428575,0.17857142857142858,0.7391666666666665,0.17857142857142858,0.7734268707482993,0.10278601158736822,0.6743872079717669,0.0832254254933013,12.625,0.787719566993464,0.10312968047729304,17.25,0.598832301957302,0.06995592217064016,9.541666666666666,0.45604395604395603,0.23809523809523808,0.6489583333333333,0.2196969696969697,0.7942261904761905,0.0794810071412992
0.4,21,9.775161743164062e-06,990,0,0,0,0.03571428571428571,0.0,0.03571428571428571,0.0,0.9285714285714286,0.1,0.0,0.1,0.0,0.8,0.0,0.0,0.0,0.0,1.0,0.75,0.475,0.0,0.0,0.9,0.475,0.0,0.0,0.6984375,0.7197619047619048,0.726388888888889,0.7623001473316598,0.06331085147565857,12.178571428571429,0.8393790849673202,0.08665528247874969,17.4,0.7194785153118487,0.050341723140607954,9.277777777777779,0.6466049382716049,0.32142857142857145,0.6625,0.03571428571428571,0.8857851473922903,0.05961568985115951,0.7084164773135362,0.057515074232032726,11.4,0.6904448798750269,0.06815098779763097,14.125,0.7203975422725423,0.05042446518830055,9.583333333333334,0.5451770451770451,0.4523809523809524,0.6651041666666666,0.17424242424242423,0.8813591269841268,0.049013266329318725
0.4,22,8.821487426757812e-06,1940,0,0,0,0.03571428571428571,0.0,0.32142857142857145,0.0,0.6428571428571429,0.0,0.0,0.0,0.0,1.0,0.05555555555555555,0.0,0.5,0.0,0.4444444444444444,0.625,0.1,1.0,1.0,0.7,0.25,1.0,1.0,0.4953125,0.5147619047619048,0.6430555555555555,0.8292264283335712,0.06472015102380567,13.214285714285714,0.9458058608058607,0.06642789349426528,18.0,0.764460076960077,0.06377140520688368,10.555555555555555,0.5306437389770723,0.23214285714285715,0.9291666666666666,0.03571428571428571,0.9001700680272109,0.06235623062380947,0.8173033563658564,0.0687825394595064,13.725,0.9511113018925519,0.07220630952783164,18.375,0.7280980593480594,0.0665000260806229,10.625,0.47954822954822957,0.32142857142857145,0.9635416666666666,0.0,0.8806845238095239,0.06671369885629488
0.4,23,9.238719940185547e-06,1346,0,0,0,0.03571428571428571,0.35714285714285715,0.03571428571428571,0.0,0.5714285714285714,0.0,1.0,0.0,0.0,0.0,0.05555555555555555,0.0,0.05555555555555555,0.0,0.8888888888888888,1.0,0.4,0.25,0.75,1.0,0.4,0.625,0.375,0.5682291666666667,0.5938095238095238,1.0,0.6524756464357306,0.07009423970675994,10.857142857142858,0.5531763987646341,0.12569488821644076,14.8,0.7076418951418951,0.03920499053471503,8.666666666666666,0.18452380952380953,0.8571428571428571,0.75,0.32142857142857145,0.8103174603174602,0.053333142897965695,0.6401856456452044,0.06988168901759959,11.0,0.5386982757846728,0.1195963123294575,14.25,0.7078438922188921,0.03673860680969431,8.833333333333334,0.21062271062271065,0.7857142857142857,0.7411458333333334,0.2727272727272727,0.8029960317460318,0.0546189206547321
0.4,24,9.834766387939453e-06,1201,0,0,0,0.0,0.0,0.0,0.0,1.0,0.0,0.0,0.0,0.0,1.0,0.0,0.0,0.0,0.0,1.0,0.75,0.2,1.0,1.0,0.4,0.275,1.0,1.0,0.6697916666666667,0.641904761904762,0.6847222222222222,0.8673508039579468,0.10157649705085704,15.5,1.0,0.13882360908499175,22.3,0.7936568061568061,0.08088365703189332,11.722222222222221,0.6481481481481481,0.10714285714285714,0.9291666666666668,0.14285714285714285,0.9153344671201814,0.10240103455388262,0.860398976023976,0.09463237855642025,15.55,1.0,0.125530751322446,21.6875,0.7673316267066267,0.07403346337906974,11.458333333333334,0.717948717948718,0.07142857142857142,0.9140625,0.13636363636363635,0.8913293650793651,0.09572124224574188
0.4,25,0.0033742189407348633,2000,3,2,0,0.0,0.0,0.0,0.07142857142857142,0.9285714285714286,0.0,0.0,0.0,0.2,0.8,0.0,0.0,0.0,0.0,1.0,0.675,0.275,0.125,0.875,0.875,0.4,0.0,1.0,0.5375,0.5983333333333334,0.6666666666666667,0.8292310863739436,0.03294423768672352,11.392857142857142,0.8872222222222221,0.056239350703634484,16.7,0.7970137886804554,0.020002508232884107,8.444444444444445,0.6772486772486772,0.32142857142857145,0.7549999999999999,0.07142857142857142,0.9467970521541951,0.029941600827034908,0.757517864080364,0.03520521721152362,10.6,0.6818423763736263,0.05625689936100392,13.1875,0.8079681892181892,0.021170762445203425,8.875,0.5802808302808302,0.47619047619047616,0.6640625,0.21969696969696972,0.8916865079365079,0.025818265605606027
0.4,26,8.106231689453125e-06,525,0,0,0,0.0,0.0,0.0,0.0,1.0,0.0,0.0,0.0,0.0,1.0,0.0,0.0,0.0,0.0,1.0,0.4,0.2,1.0,1.0,0.4,0.4,1.0,1.0,0.5109375,0.5045238095238096,0.55,0.7872629354772211,0.11593731671527653,15.464285714285714,0.9722222222222221,0.1569745368296041,22.7,0.6845077761744427,0.09313886109620566,11.444444444444445,0.6216931216931216,0.17857142857142858,0.8208333333333332,0.25,0.8498866213151927,0.11498649842387389,0.6555249652308476,0.08082059115112958,12.075,0.6182021205918264,0.06456877811342995,12.875,0.6804068616568616,0.09165513317626266,11.541666666666666,0.3687423687423687,0.5714285714285714,0.7994791666666666,0.40151515151515144,0.8141765873015874,0.06788231241353272
0.4,27,9.417533874511719e-06,1459,0,0,0,0.0,0.0,0.0,0.0,1.0,0.0,0.0,0.0,0.0,1.0,0.0,0.0,0.0,0.0,1.0,0.675,0.2,0.5,1.0,0.725,0.2,0.75,1.0,0.659375,0.6885714285714286,0.726388888888889,0.8135564831993404,0.08110765316636691,14.0,1.0,0.12170864488967863,21.5,0.7099767516434183,0.058551546653415935,9.833333333333334,0.5555555555555556,0.21428571428571427,0.8833333333333334,0.0,0.8865646258503402,0.08137452051350039,0.810514208014208,0.07433464376811197,14.025,1.0,0.09795656907981296,20.375,0.6841903466903467,0.0585866935603113,9.791666666666666,0.5256410256410257,0.23809523809523808,0.8776041666666666,0.045454545454545456,0.8760714285714286,0.07371671651825136
0.4,28,9.59634780883789e-06,886,0,0,0,0.0,0.0,0.0,0.0,1.0,0.0,0.0,0.0,0.0,1.0,0.0,0.0,0.0,0.0,1.0,0.6,0.475,0.0,0.0,0.6,0.375,0.0,0.0,0.6421875,0.654047619047619,0.7041666666666666,0.7921369305297877,0.09845946050024013,14.642857142857142,1.0,0.14496141537807752,22.6,0.6766574474907808,0.07262504112366379,10.222222222222221,0.6296296296296297,0.25,0.8708333333333333,0.0,0.8480017006802721,0.09938448332893655,0.8288956182706183,0.1050854936043597,15.725,1.0,0.14499420987618702,22.625,0.7148260304510305,0.07847968275647484,11.125,0.6923076923076923,0.21428571428571427,0.8984375,0.1212121212121212,0.8732738095238094,0.10486030863688889
0.4,29,9.417533874511719e-06,875,0,0,0,0.0,0.0,0.0,0.0,1.0,0.0,0.0,0.0,0.0,1.0,0.0,0.0,0.0,0.0,1.0,0.825,0.35,0.625,0.625,0.95,0.375,1.0,1.0,0.5130208333333334,0.638095238095238,0.6597222222222222,0.9422464440321584,0.01909684223474695,11.75,0.9444444444444444,0.03907986788254048,16.5,0.9410253326919994,0.0079951613193061,9.11111111111111,0.9691358024691359,0.0,0.8958333333333333,0.0,0.9681122448979592,0.01990250744134037,0.8334228802243508,0.029274715095624654,11.05,0.6666432117718883,0.058374986121966045,13.3125,0.9446093258593257,0.009874534411397061,9.541666666666666,0.8005189255189256,0.3333333333333333,0.7666666666666667,0.19696969696969696,0.9538690476190477,0.022088981331426068
0.4,30,9.953975677490234e-06,1090,0,0,0,0.0,0.0,0.0,0.03571428571428571,0.9642857142857143,0.0,0.0,0.0,0.1,0.9,0.0,0.0,0.0,0.0,1.0,0.975,0.375,0.75,0.75,1.0,0.525,1.0,1.0,0.6651041666666666,0.6654761904761904,0.7,0.8726963512677799,0.07484541922698788,14.107142857142858,0.9944444444444445,0.12953495839380366,21.8,0.8050585217251883,0.044462341912090225,9.833333333333334,0.9947089947089948,0.07142857142857142,0.8041666666666666,0.2857142857142857,0.869345238095238,0.07348290906090482,0.8013877788877789,0.04349260908110734,11.95,0.8240327380952381,0.04484353819447084,15.125,0.7862911394161394,0.04259198967219833,9.833333333333334,0.8873626373626373,0.11904761904761904,0.7020833333333334,0.2727272727272727,0.8757142857142857,0.0400552818764254
0.4,31,9.208917617797852e-06,851,0,0,0,0.0,0.0,0.0,0.0,1.0,0.0,0.0,0.0,0.0,1.0,0.0,0.0,0.0,0.0,1.0,0.8,0.225,0.5,0.875,0.85,0.2,0.625,1.0,0.6182291666666666,0.6488095238095237,0.7805555555555556,0.9195127293341578,0.030660245458029697,12.357142857142858,1.0,0.049441542987365014,18.0,0.8747975789642457,0.020226191275065628,9.222222222222221,0.6481481481481481,0.10714285714285714,1.0,0.0,0.9790249433106576,0.030356195477008734,0.9242737123987123,0.02497157083434287,12.575,1.0,0.046544017784122114,17.875,0.8737895206645206,0.010589939534490037,9.041666666666666,0.6794871794871795,0.11904761904761904,1.0,0.0,0.9769841269841268,0.0245375359264709
0.4,32,9.655952453613281e-06,729,0,0,0,0.07142857142857142,0.0,0.32142857142857145,0.03571428571428571,0.5714285714285714,0.1,0.0,0.6,0.1,0.2,0.05555555555555555,0.0,0.16666666666666666,0.0,0.7777777777777778,0.525,0.325,1.0,1.0,0.55,0.55,1.0,1.0,0.6239583333333334,0.6452380952380952,0.6458333333333334,0.8272054684344601,0.10801603686993813,15.428571428571429,0.9549235078646843,0.1347382741326802,21.4,0.7562510020843355,0.0931703495017481,12.11111111111111,0.884700176366843,0.17857142857142858,0.8166666666666667,0.25,0.8549036281179138,0.10599794553421367,0.6431545415368946,0.09045772580174641,12.275,0.574192096710479,0.10614600694668389,14.25,0.6891295047545047,0.07999887170512142,10.958333333333334,0.5989010989010988,0.38095238095238093,0.553125,0.29545454545454547,0.790843253968254,0.08150005135822921
0.4,33,9.73045825958252e-06,946,0,0,0,0.0,0.03571428571428571,0.0,0.6071428571428571,0.35714285714285715,0.0,0.0,0.0,1.0,0.0,0.0,0.05555555555555555,0.0,0.3888888888888889,0.5555555555555556,0.475,0.2,1.0,1.0,0.725,0.225,1.0,1.0,0.53125,0.6666666666666666,0.6541666666666667,0.9062759019691794,0.0737702725480037,14.321428571428571,0.9420602600014364,0.08479587881548407,18.8,0.8863957030623697,0.06764493573273683,11.833333333333334,0.9464285714285715,0.07142857142857142,0.9166666666666666,0.10714285714285714,0.9069727891156463,0.07397171329016956,0.8689657115760057,0.06806913948208768,14.075,0.9475712400344753,0.0866569179484574,19.0,0.816562025937026,0.05567728717117454,10.791666666666666,0.9481074481074481,0.09523809523809523,0.8671875,0.13636363636363635,0.8717857142857144,0.06694031402789476
0.4,34,9.834766387939453e-06,1403,0,0,0,0.0,0.0,0.14285714285714285,0.07142857142857142,0.7857142857142857,0.0,0.0,0.0,0.2,0.8,0.0,0.0,0.2222222222222222,0.0,0.7777777777777778,0.55,0.4,0.875,0.875,0.525,0.4,0.625,0.625,0.7583333333333333,0.7885714285714285,0.7472222222222222,0.7447871572871574,0.12316048969407759,15.535714285714286,1.0,0.18644445723923955,24.6,0.6030022446689114,0.08800272994676536,10.5,0.5925925925925926,0.03571428571428571,0.7458333333333332,0.17857142857142858,0.8149943310657598,0.12478737626504201,0.7689277389277389,0.1147426724303912,15.65,1.0,0.1609635271154644,23.375,0.6148795648795649,0.08392876930700904,10.5,0.6153846153846154,0.07142857142857142,0.7526041666666667,0.3409090909090909,0.8412400793650793,0.11332444234201358
0.4,35,5.1975250244140625e-05,2000,18,8,3,0.0,0.0,0.0,0.0,1.0,0.0,0.0,0.0,0.0,1.0,0.0,0.0,0.0,0.0,1.0,0.75,0.45,1.0,1.0,0.725,0.55,0.75,0.75,0.7817708333333333,0.8752380952380951,0.9027777777777778,0.7865839517625233,0.113143584262376,15.285714285714286,0.9811111111111112,0.1801412839810371,24.0,0.6785133076799743,0.07592263997423093,10.444444444444445,0.6666666666666666,0.25,0.7875,0.10714285714285714,0.8578514739229026,0.11360285006591629,0.8076425657675659,0.11664618152282484,16.05,0.9965277777777778,0.1839845813396518,24.4375,0.6817190910940911,0.07175391497827356,10.458333333333334,0.6923076923076923,0.21428571428571427,0.8046875,0.08333333333333333,0.8765972222222222,0.11754578195552574
0.4,36,9.775161743164062e-06,1201,0,0,0,0.0,0.0,0.0,0.0,1.0,0.0,0.0,0.0,0.0,1.0,0.0,0.0,0.0,0.0,1.0,0.8,0.35,1.0,1.0,0.925,0.475,0.875,0.875,0.63125,0.7238095238095239,0.8194444444444444,0.7262338676729433,0.07425852043293264,12.214285714285714,0.7372391007685125,0.11544660685024029,17.3,0.720119849286516,0.05137625020109506,9.38888888888889,0.6122134038800705,0.42857142857142855,0.6558333333333332,0.10714285714285714,0.8375283446712019,0.06904125663946888,0.6583716957062545,0.0642065617820954,11.025,0.615331364917762,0.10020831133189773,14.4375,0.6870652495652495,0.0402053954155605,8.75,0.5235042735042734,0.5357142857142857,0.5432291666666667,0.18939393939393936,0.8305257936507935,0.05435066030290261
0.4,37,8.821487426757812e-06,1508,0,0,0,0.03571428571428571,0.0,0.0,0.0,0.9642857142857143,0.0,0.0,0.0,0.0,1.0,0.05555555555555555,0.0,0.0,0.0,0.9444444444444444,0.6,0.2,0.0,1.0,0.6,0.225,0.0,1.0,0.6338541666666666,0.6535714285714285,0.6375,0.9254625334982478,0.06408486834879049,14.142857142857142,1.0,0.08283509450175859,19.6,0.8840528298861633,0.053668076041585994,11.11111111111111,1.0,0.0,0.8916666666666668,0.25,0.9212868480725624,0.06338418026826773,0.9213261044511045,0.06427458142630299,14.525,1.0,0.082853834214964,19.625,0.8688768407518408,0.05188841290052898,11.125,0.9871794871794872,0.0,0.8697916666666666,0.20454545454545456,0.9292757936507936,0.06410236868853487
0.4,38,9.626150131225586e-06,916,0,0,0,0.03571428571428571,0.0,0.03571428571428571,0.0,0.9285714285714286,0.1,0.0,0.1,0.0,0.8,0.0,0.0,0.0,0.0,1.0,0.4,0.325,1.0,1.0,0.4,0.375,1.0,1.0,0.6755208333333333,0.6504761904761904,0.7944444444444445,0.7616853559605661,0.0646275056849353,12.0,0.7098366013071896,0.07320725614660581,14.5,0.7904902196568864,0.05986097765067391,10.61111111111111,0.468694885361552,0.35714285714285715,0.8375,0.21428571428571427,0.8487953514739228,0.05830403705247712,0.7017564502490974,0.05362118421770874,10.975,0.5910341700782877,0.05378288564589716,11.875,0.7755713036963036,0.05351338326558313,10.375,0.41330891330891334,0.5238095238095238,0.8161458333333333,0.20454545454545456,0.8290376984126983,0.044857366665089174
0.4,39,9.387731552124023e-06,765,0,0,0,0.07142857142857142,0.14285714285714285,0.03571428571428571,0.0,0.75,0.1,0.0,0.0,0.0,0.9,0.05555555555555555,0.2222222222222222,0.05555555555555555,0.0,0.6666666666666666,0.575,0.225,1.0,1.0,0.625,0.275,1.0,1.0,0.5744791666666667,0.7071428571428571,0.7027777777777777,0.8537079983508554,0.08479306123472093,14.392857142857142,0.9388888888888889,0.11546448264070448,20.1,0.8063852813852814,0.06775338267584118,11.222222222222221,0.6234567901234568,0.10714285714285714,0.9083333333333334,0.10714285714285714,0.9081065759637188,0.08508139143810625,0.7971425959661255,0.07895701616776374,13.775,0.8760212418300654,0.10673334151671057,18.625,0.7445568320568321,0.06043946593513252,10.541666666666666,0.626068376068376,0.11904761904761904,0.8489583333333333,0.06818181818181818,0.840406746031746,0.07931735053963355
0.4,40,0.009335041046142578,2000,25,6,8,0.0,0.0,0.0,0.0,1.0,0.0,0.0,0.0,0.0,1.0,0.0,0.0,0.0,0.0,1.0,0.8,0.225,0.375,1.0,0.975,0.475,0.75,1.0,0.6473958333333334,0.6878571428571428,0.5861111111111111,0.8537350546279118,0.06452838089565248,13.464285714285714,1.0,0.105807733354496,20.7,0.7724767516434183,0.041595407307406074,9.444444444444445,0.6481481481481481,0.03571428571428571,0.8708333333333333,0.10714285714285714,0.9125708616780047,0.0649332727947666,0.6995452300967007,0.03842734463553109,10.225,0.6072014382676147,0.03893284327535895,11.5,0.7611077579827579,0.03809034554231252,9.375,0.44871794871794873,0.42857142857142855,0.6937500000000001,0.11363636363636363,0.8535019841269843,0.03078125474283642
0.4,41,9.47713851928711e-06,1320,0,0,0,0.0,0.0,0.0,0.0,1.0,0.0,0.0,0.0,0.0,1.0,0.0,0.0,0.0,0.0,1.0,0.7,0.35,0.625,0.625,0.8,0.325,0.75,0.875,0.5625,0.6061904761904762,0.7041666666666666,0.7521438878581737,0.10358602503735616,14.535714285714286,0.9666666666666666,0.1421441872984873,21.9,0.6329645662978998,0.08216482378117218,10.444444444444445,0.39682539682539686,0.35714285714285715,0.8883333333333334,0.0,0.8335034013605442,0.10328523049959312,0.7785235944610944,0.10972664715912521,15.5,0.98828125,0.15027693698183037,22.6875,0.6386851574351574,0.0826931206106551,10.708333333333334,0.405982905982906,0.2619047619047619,0.9166666666666666,0.06818181818181818,0.8596130952380954,0.10926498464121445
0.4,42,9.894371032714844e-06,1111,0,0,0,0.0,0.0,0.0,0.0,1.0,0.0,0.0,0.0,0.0,1.0,0.0,0.0,0.0,0.0,1.0,0.4,0.2,1.0,1.0,0.55,0.2,1.0,1.0,0.6588541666666667,0.5702380952380952,0.6319444444444444,0.7154375386518244,0.14820012785767403,16.607142857142858,1.0,0.2066515586238765,25.6,0.5573472823472823,0.11572711076533933,11.61111111111111,0.37037037037037035,0.35714285714285715,0.9125,0.25,0.771485260770975,0.14661908005361807,0.72122002997003,0.13329219811728957,16.225,1.0,0.19014856026467372,24.8125,0.5353667166167165,0.09538795668570015,10.5,0.47435897435897434,0.30952380952380953,0.7994791666666666,0.1590909090909091,0.7842361111111111,0.133094836451589
0.4,43,0.03150373697280884,2000,54,20,12,0.0,0.0,0.0,0.0,1.0,0.0,0.0,0.0,0.0,1.0,0.0,0.0,0.0,0.0,1.0,0.425,0.2,1.0,1.0,0.475,0.3,1.0,1.0,0.6354166666666667,0.6552380952380952,0.6902777777777778,0.8781253818543735,0.11316687286945586,15.964285714285714,0.87047906342024,0.1286924316442581,19.7,0.8823733365400032,0.1045415624390102,13.88888888888889,0.9248236331569665,0.07142857142857142,0.9025000000000002,0.17857142857142858,0.8847930839002268,0.11385306577835567,0.8800775552062318,0.10433185769521006,16.025,0.9012520312612224,0.08401417014272441,18.125,0.8659612378362379,0.11787698273020046,14.625,0.9313186813186812,0.13095238095238096,0.8807291666666667,0.13636363636363635,0.8921230158730158,0.10292570682867974
0.4,44,9.655952453613281e-06,1061,0,0,0,0.0,0.0,0.0,0.0,1.0,0.0,0.0,0.0,0.0,1.0,0.0,0.0,0.0,0.0,1.0,0.625,0.2,0.0,1.0,0.625,0.2,0.625,1.0,0.5692708333333334,0.6019047619047619,0.6347222222222222,0.8325345289631004,0.10580203708238342,15.464285714285714,1.0,0.14278750233459925,22.5,0.7394981561648228,0.08525455638670795,11.555555555555555,0.37037037037037035,0.35714285714285715,0.9500000000000002,0.10714285714285714,0.944671201814059,0.10410512932242684,0.8264542402042402,0.10465670549248755,15.7,1.0,0.1436355142240131,22.5625,0.7107570670070671,0.07867083300480386,11.125,0.4230769230769231,0.3333333333333333,0.9401041666666666,0.06818181818181818,0.9136210317460318,0.10377099304637596
0.4,45,9.447336196899414e-06,1236,0,0,0,0.03571428571428571,0.0,0.10714285714285714,0.10714285714285714,0.75,0.0,0.0,0.0,0.3,0.7,0.05555555555555555,0.0,0.16666666666666666,0.0,0.7777777777777778,0.675,0.325,0.125,0.75,0.775,0.4,0.125,0.75,0.7130208333333333,0.8097619047619047,0.836111111111111,0.763412486206604,0.061671718477439276,12.285714285714286,0.8871148459383754,0.07825483285180578,17.6,0.6946889530222864,0.05245887715834677,9.333333333333334,0.4429012345679012,0.30357142857142855,0.925,0.10714285714285714,0.8512188208616779,0.05795782942135725,0.7837678681612505,0.06458976599528642,13.1,0.9128669176003735,0.08628645782033727,18.4375,0.6977018352018352,0.05012530477858585,9.541666666666666,0.4337606837606837,0.32142857142857145,0.9322916666666667,0.06818181818181818,0.8712499999999999,0.0609218818983169
0.4,46,9.298324584960938e-06,1189,0,0,0,0.0,0.0,0.0,0.0,1.0,0.0,0.0,0.0,0.0,1.0,0.0,0.0,0.0,0.0,1.0,0.7,0.4,0.375,0.375,0.775,0.4,0.625,0.625,0.5994791666666667,0.5764285714285715,0.6277777777777778,0.9270678726035868,0.08489337739911039,15.107142857142858,0.95,0.09880900026701067,19.5,0.9143278018278017,0.07716247580583246,12.666666666666666,0.9814814814814815,0.0,0.8625000000000002,0.21428571428571427,0.9373724489795919,0.08473120404101987,0.8998196941946943,0.07449517424108856,14.675,0.9381944444444446,0.08327769867019605,18.625,0.8742365273615272,0.0686401579550169,12.041666666666666,0.9580280830280831,0.09523809523809523,0.846875,0.13636363636363635,0.9214583333333334,0.0728536013524685
0.4,47,9.387731552124023e-06,1573,0,0,0,0.0,0.0,0.0,0.0,1.0,0.0,0.0,0.0,0.0,1.0,0.0,0.0,0.0,0.0,1.0,0.6,0.225,0.125,1.0,0.6,0.275,0.125,1.0,0.6171875,0.6523809523809524,0.6263888888888889,0.8124961348175634,0.0725095631392277,13.535714285714286,1.0,0.11402625736838534,21.1,0.7083273208273209,0.04944473301191789,9.333333333333334,0.6481481481481481,0.10714285714285714,0.8208333333333332,0.07142857142857142,0.8934948979591838,0.07314555969809754,0.8272815379065379,0.0751661631365134,14.2,1.0,0.10992484161885063,20.9375,0.7121358965108966,0.05199371081495526,9.708333333333334,0.6794871794871795,0.11904761904761904,0.7942708333333334,0.1212121212121212,0.9126488095238094,0.07487030898696032
0.4,48,9.104609489440918e-06,1171,0,0,0,0.0,0.0,0.0,0.0,1.0,0.0,0.0,0.0,0.0,1.0,0.0,0.0,0.0,0.0,1.0,0.7,0.225,0.875,0.875,0.75,0.275,0.75,0.875,0.590625,0.5854761904761905,0.7347222222222223,0.8162079983508554,0.06799785852599288,13.321428571428571,1.0,0.08698523835635444,19.8,0.7141013307679975,0.057449314175792035,9.722222222222221,0.48148148148148145,0.14285714285714285,0.8833333333333332,0.21428571428571427,0.9118480725623582,0.06642839228418887,0.8279437923187924,0.059337235848580173,13.4,1.0,0.062140375661223,18.625,0.7132396538646538,0.05746847597348494,9.916666666666666,0.5384615384615384,0.23809523809523808,0.8567708333333334,0.13636363636363635,0.9074007936507936,0.057094666880654565
0.4,49,9.685754776000977e-06,1898,0,0,0,0.0,0.07142857142857142,0.07142857142857142,0.0,0.8571428571428571,0.0,0.2,0.2,0.0,0.6,0.0,0.0,0.0,0.0,1.0,0.75,0.4,0.75,1.0,1.0,0.4,0.75,1.0,0.7791666666666667,0.8088095238095239,0.7944444444444444,0.6553036074569689,0.06720307573884667,10.75,0.5601206636500754,0.09118338242576615,13.0,0.7081830206830207,0.053880683135002515,9.5,0.4462081128747795,0.35714285714285715,0.5458333333333333,0.07142857142857142,0.7838860544217688,0.06174000999294379,0.6475980147303677,0.04664702417374938,9.8,0.5063521241830065,0.0893369034753658,12.25,0.7417619417619417,0.018187104639338425,8.166666666666666,0.35836385836385837,0.42857142857142855,0.5963541666666666,0.22727272727272727,0.7887500000000001,0.03694702018587702
0.5,0,9.775161743164062e-06,1639,0,0,0,0.0,0.0,0.0,0.0,1.0,0.0,0.0,0.0,0.0,1.0,0.0,0.0,0.0,0.0,1.0,0.6,0.4,0.0,0.0,0.6,0.4,0.0,0.0,0.5739583333333333,0.6733333333333333,0.6555555555555556,0.8527004741290457,0.051619334918526175,12.785714285714286,1.0,0.08283509450175859,19.6,0.7708674042007374,0.03427724626117485,9.0,0.6481481481481481,0.10714285714285714,0.8708333333333333,0.14285714285714285,0.9184665532879819,0.05093664632102923,0.8686968586968588,0.05465435484929594,13.525,1.0,0.082853834214964,19.625,0.7811614311614313,0.03585470193885056,9.458333333333334,0.6794871794871795,0.11904761904761904,0.890625,0.19696969696969696,0.9268551587301588,0.05302898251763076
0.5,1,8.940696716308594e-06,458,0,0,0,0.0,0.0,0.0,0.0,1.0,0.0,0.0,0.0,0.0,1.0,0.0,0.0,0.0,0.0,1.0,0.6,0.2,0.0,1.0,0.6,0.2,0.0,1.0,0.5114583333333333,0.5202380952380952,0.5152777777777777,0.9308647701504844,0.06396815610560273,14.142857142857142,1.0,0.08283509450175859,19.6,0.8924563091229758,0.05348652366329393,11.11111111111111,1.0,0.0,0.9291666666666666,0.0,0.9182256235827665,0.06607114573072541,0.935970140970141,0.06512284856750614,14.675,1.0,0.082853834214964,19.625,0.8932835682835684,0.0533021914692009,11.375,1.0,0.0,0.9453125,0.0606060606060606,0.9201984126984127,0.0664741536319102
0.5,2,9.417533874511719e-06,516,0,0,0,0.0,0.0,0.0,0.0,1.0,0.0,0.0,0.0,0.0,1.0,0.0,0.0,0.0,0.0,1.0,0.6,0.2,0.875,1.0,0.675,0.2,1.0,1.0,0.5802083333333333,0.572857142857143,0.5805555555555556,0.8734230055658628,0.057055843967726685,13.285714285714286,1.0,0.08483509450175859,19.7,0.8031024531024531,0.041622927004375636,9.722222222222221,0.6481481481481481,0.10714285714285714,0.8916666666666668,0.25,0.9334892290249434,0.055073867731746155,0.8673566711066713,0.060198509149429036,13.8,1.0,0.0919309215716458,20.0625,0.7789277851777853,0.039043567534617844,9.625,0.6794871794871795,0.11904761904761904,0.8854166666666666,0.20454545454545456,0.9168948412698412,0.05868887664666206
0.5,3,9.03010368347168e-06,860,0,0,0,0.0,0.0,0.0,0.0,1.0,0.0,0.0,0.0,0.0,1.0,0.0,0.0,0.0,0.0,1.0,0.6,0.2,0.0,1.0,0.6,0.2,0.0,1.0,0.6067708333333333,0.5983333333333334,0.6638888888888889,1.0,0.0014257481648785996,11.571428571428571,1.0,0.002173913043478261,15.7,1.0,0.00101010101010101,9.277777777777779,1.0,0.0,1.0,0.0,1.0,0.001473063973063973,0.9790151515151514,0.005305185025787891,12.025,1.0,0.0026884828862164664,15.75,0.9650252525252526,0.0070496531188355095,9.541666666666666,1.0,0.0,1.0,0.0,0.9607738095238096,0.00547132555674744
0.5,4,9.149312973022461e-06,1145,0,0,0,0.0,0.0,0.0,0.0,1.0,0.0,0.0,0.0,0.0,1.0,0.0,0.0,0.0,0.0,1.0,0.5,0.275,1.0,1.0,0.55,0.3,1.0,1.0,0.5692708333333333,0.6716666666666666,0.6305555555555555,0.8804486188414761,0.08696583234099234,14.928571428571429,1.0,0.11555698957872482,21.2,0.8140311848645182,0.07108185609780765,11.444444444444445,0.9814814814814815,0.03571428571428571,0.8916666666666668,0.25,0.8487528344671202,0.08657130241969113,0.8861974830724831,0.08520098642458637,15.225,1.0,0.124280751322446,21.625,0.8103291384541386,0.0591478098260133,10.958333333333334,0.9358974358974359,0.023809523809523808,0.8854166666666666,0.20454545454545456,0.8898710317460317,0.0855993449436473
0.5,5,9.238719940185547e-06,1057,0,0,0,0.0,0.0,0.0,0.0,1.0,0.0,0.0,0.0,0.0,1.0,0.0,0.0,0.0,0.0,1.0,0.4,0.4,1.0,0.0,0.4,0.4,1.0,0.0,0.4640625,0.4716666666666667,0.4638888888888889,0.7690991548134406,0.15187750949383008,17.214285714285715,0.9877777777777779,0.20287300688438759,25.2,0.6476110309443642,0.12354667761018708,12.777777777777779,0.37037037037037035,0.35714285714285715,0.8791666666666667,0.10714285714285714,0.8710459183673469,0.15176020264775247,0.7766619491619492,0.15375141924190233,17.725,0.9923611111111111,0.20450037968115448,25.375,0.6328625078625078,0.11991877894906759,12.625,0.41025641025641024,0.3333333333333333,0.875,0.08333333333333333,0.8658630952380953,0.15417362979794397
0.5,6,8.881092071533203e-06,1957,0,0,0,0.0,0.0,0.0,0.0,1.0,0.0,0.0,0.0,0.0,1.0,0.0,0.0,0.0,0.0,1.0,0.65,0.4,1.0,0.0,0.85,0.4,1.0,0.0,0.590625,0.5921428571428571,0.7305555555555556,0.9457491912849054,0.017846736216251075,11.785714285714286,0.936910866910867,0.022669557939165134,15.8,0.9506593714927047,0.015167390814632154,9.555555555555555,0.9519400352733686,0.07142857142857142,1.0,0.0,0.9498299319727891,0.01773779929452076,0.9439493288574171,0.018496905536400415,12.175,0.9153815292142498,0.0245165422872344,15.5,0.9629945286195286,0.01448381436917776,9.958333333333334,0.9145299145299145,0.09523809523809523,1.0,0.0,0.9648809523809525,0.017616475971606017
0.5,7,9.238719940185547e-06,664,0,0,0,0.0,0.0,0.0,0.0,1.0,0.0,0.0,0.0,0.0,1.0,0.0,0.0,0.0,0.0,1.0,0.6,0.225,0.0,1.0,0.6,0.2,0.0,1.0,0.5302083333333333,0.5419047619047619,0.5486111111111112,0.9208681199752629,0.07924381527600487,14.857142857142858,1.0,0.10354386812719822,20.6,0.8769059644059644,0.06574378591423073,11.666666666666666,1.0,0.0,0.9583333333333334,0.14285714285714285,0.87453231292517,0.0804935408243701,0.9235266816516816,0.06715157414073375,14.725,1.0,0.07727653779881696,19.375,0.8725444694194694,0.06040159836867828,11.625,1.0,0.0,0.9557291666666666,0.13636363636363635,0.8821130952380953,0.06796576159190597
0.5,8,9.387731552124023e-06,962,0,0,0,0.0,0.0,0.0,0.0,1.0,0.0,0.0,0.0,0.0,1.0,0.0,0.0,0.0,0.0,1.0,0.7,0.25,0.75,0.75,0.8,0.2,0.5,0.5,0.58125,0.5757142857142857,0.6555555555555556,0.9717532467532467,0.011405377203373073,11.857142857142858,1.0,0.024620422081876227,16.8,0.9560606060606062,0.0040636856042046525,9.11111111111111,0.9259259259259259,0.03571428571428571,1.0,0.0,0.9851190476190477,0.01123136278194933,0.9779166666666667,0.014897792684018996,12.525,1.0,0.03380756501882045,17.25,0.9631944444444445,0.0022912777941513575,9.375,0.9358974358974359,0.023809523809523808,1.0,0.0,0.9854166666666666,0.01517756524227784
0.5,9,7.569789886474609e-06,341,0,0,0,0.0,0.0,0.0,0.0,1.0,0.0,0.0,0.0,0.0,1.0,0.0,0.0,0.0,0.0,1.0,0.4,0.2,1.0,1.0,0.4,0.2,1.0,1.0,0.5432291666666667,0.5702380952380952,0.5777777777777777,0.9606266749123892,0.03247420104947946,12.857142857142858,1.0,0.041417547250879296,17.6,0.938752605419272,0.02750567538203512,10.222222222222221,1.0,0.0,1.0,0.0,0.9337443310657597,0.033517322226764124,0.9642655955155954,0.03316303893562394,13.375,1.0,0.041426917107482,17.625,0.9404426591926592,0.027653786821051903,10.541666666666666,1.0,0.0,1.0,0.0,0.93859126984127,0.034304209409471216
0.5,10,8.374452590942383e-06,339,0,0,0,0.0,0.0,0.0,0.0,1.0,0.0,0.0,0.0,0.0,1.0,0.0,0.0,0.0,0.0,1.0,0.6,0.4,0.0,0.0,0.6,0.4,0.0,0.0,0.5661458333333333,0.5878571428571429,0.575,0.8684755720470007,0.07260423021813715,14.0,1.0,0.10354386812719822,20.6,0.7954064454064453,0.055415542490881015,10.333333333333334,1.0,0.0,0.7999999999999998,0.14285714285714285,0.88047052154195,0.07374493887249568,0.8749288211788212,0.07379482953322994,14.525,1.0,0.10356729276870502,20.625,0.7915480352980353,0.0539465207095799,10.458333333333334,1.0,0.0,0.7942708333333333,0.19696969696969696,0.8851984126984128,0.07413992237598208
0.5,11,9.298324584960938e-06,880,0,0,0,0.0,0.0,0.0,0.0,1.0,0.0,0.0,0.0,0.0,1.0,0.0,0.0,0.0,0.0,1.0,0.4,0.225,1.0,1.0,0.4,0.2,1.0,1.0,0.478125,0.47595238095238096,0.5208333333333333,0.9713860544217688,0.01667264984370101,12.107142857142858,1.0,0.024630342252890625,16.8,0.9554894179894181,0.012251709616373445,9.5,0.9629629629629629,0.0,0.9500000000000002,0.10714285714285714,0.9877551020408164,0.015857020478659074,0.9496001914751915,0.015285263675581385,12.275,1.0,0.02337423753924825,16.75,0.9160003191253191,0.00989261443313681,9.291666666666666,1.0,0.0,0.9140625,0.0,0.9474404761904761,0.015845451635596676
0.5,12,0.001762986183166504,2000,10,4,1,0.0,0.0,0.0,0.0,1.0,0.0,0.0,0.0,0.0,1.0,0.0,0.0,0.0,0.0,1.0,0.4,0.575,1.0,0.25,0.4,0.575,1.0,0.375,0.496875,0.6202380952380953,0.6027777777777777,0.9776785714285714,0.0212205517445905,12.392857142857142,0.9933333333333334,0.022882686668917906,16.6,0.9689814814814814,0.020297143453297504,10.055555555555555,1.0,0.0,0.9875,0.0,0.9696003401360545,0.021822885445440192,0.9804569735819737,0.021129180213539094,12.875,0.9965277777777778,0.020713458553741,16.5625,0.9697431041181042,0.02140632798673782,10.416666666666666,1.0,0.0,1.0,0.045454545454545456,0.9699404761904763,0.021294291181797532
0.5,13,9.119510650634766e-06,479,0,0,0,0.0,0.0,0.0,0.0,1.0,0.0,0.0,0.0,0.0,1.0,0.0,0.0,0.0,0.0,1.0,0.4,0.275,1.0,1.0,0.4,0.375,1.0,1.0,0.5604166666666667,0.6666666666666667,0.6611111111111111,0.9030855174237528,0.08081149504246142,14.464285714285714,0.8259879336349926,0.07623643229440072,16.5,0.9459175084175084,0.08335319656916182,13.333333333333334,0.9417989417989419,0.03571428571428571,0.8633333333333333,0.03571428571428571,0.917091836734694,0.08063027677342349,0.8855028386646033,0.07780374703419532,14.475,0.7911718693887811,0.07242570644211574,15.9375,0.9483901515151515,0.08138910742891507,13.5,0.9133089133089134,0.07142857142857142,0.8453124999999999,0.045454545454545456,0.928125,0.07672588593719858
0.5,14,8.314847946166992e-06,315,0,0,0,0.0,0.0,0.0,0.0,1.0,0.0,0.0,0.0,0.0,1.0,0.0,0.0,0.0,0.0,1.0,0.6,0.2,0.0,1.0,0.6,0.2,0.0,1.0,0.4875,0.5333333333333333,0.5166666666666666,0.9494885075242218,0.049674500091393334,13.642857142857142,1.0,0.06212632087631893,18.6,0.9214265672599006,0.04275682187754578,10.88888888888889,1.0,0.0,0.9500000000000002,0.10714285714285714,0.9476473922902494,0.04989644613305091,0.94307726995227,0.04827008295223365,13.925,1.0,0.062140375661223,18.625,0.9051287832537832,0.03902322114624076,10.791666666666666,1.0,0.0,0.9401041666666666,0.06818181818181818,0.9343055555555555,0.0490182551432501
0.5,15,0.0013104677200317383,2000,117,37,33,0.0,0.0,0.0,0.0,1.0,0.0,0.0,0.0,0.0,1.0,0.0,0.0,0.0,0.0,1.0,0.6,0.2,0.0,1.0,0.6,0.225,0.0,1.0,0.63125,0.7238095238095239,0.6972222222222222,0.9970238095238094,0.0014005602240896359,11.535714285714286,1.0,0.00392156862745098,15.8,0.9953703703703702,0.0,9.166666666666666,1.0,0.0,0.9875,0.0,1.0,0.0014577259475218659,0.9916666666666666,0.004079155324337093,12.1,1.0,0.008995965233919654,16.0625,0.9861111111111112,0.0008012820512820514,9.458333333333334,1.0,0.0,0.984375,0.045454545454545456,0.9958333333333333,0.0037802861237158257
0.5,16,9.298324584960938e-06,692,0,0,0,0.0,0.0,0.0,0.0,1.0,0.0,0.0,0.0,0.0,1.0,0.0,0.0,0.0,0.0,1.0,0.825,0.4,0.25,0.0,1.0,0.4,0.0,0.0,0.55,0.4869047619047619,0.8222222222222222,0.9764880952380953,0.009331637975283547,11.785714285714286,1.0,0.006175513683734363,15.9,0.963425925925926,0.011085040359477537,9.5,1.0,0.0,0.9625,0.14285714285714285,0.9844812925170068,0.008243205947742508,0.9680958624708627,0.005931664388179986,12.0,1.0,0.0,15.625,0.9468264374514375,0.00988610731363331,9.583333333333334,0.9871794871794872,0.0,0.9244791666666666,0.09090909090909091,0.9824404761904763,0.005100847346712498
0.5,17,9.47713851928711e-06,867,0,0,0,0.0,0.0,0.0,0.0,1.0,0.0,0.0,0.0,0.0,1.0,0.0,0.0,0.0,0.0,1.0,0.6,0.2,0.0,1.0,0.6,0.2,0.0,1.0,0.5822916666666667,0.6166666666666667,0.6652777777777779,0.9737489692846836,0.03366962879767699,13.0,1.0,0.041417547250879296,17.6,0.9591650633317299,0.029365229657009037,10.444444444444445,1.0,0.0,1.0,0.0,0.9454365079365079,0.03469388079864289,0.9690951409701409,0.03304737101538543,13.375,1.0,0.041426917107482,17.625,0.9484919016169017,0.027461006953987715,10.541666666666666,1.0,0.0,1.0,0.0,0.9400793650793652,0.03413760433135498
0.5,18,8.106231689453125e-06,393,0,0,0,0.0,0.0,0.0,0.0,1.0,0.0,0.0,0.0,0.0,1.0,0.0,0.0,0.0,0.0,1.0,0.4,0.2,1.0,1.0,0.4,0.2,1.0,1.0,0.5166666666666666,0.530952380952381,0.5402777777777777,0.8525149453720883,0.12818800833808078,16.785714285714285,1.0,0.16567018900351718,23.6,0.7705788039121373,0.10736457463506055,13.0,1.0,0.0,0.7833333333333332,0.39285714285714285,0.8670209750566892,0.1283327050536473,0.8516817904317904,0.12861168774896645,17.175,1.0,0.165707668429928,23.625,0.752802984052984,0.10388103396165875,12.875,1.0,0.0,0.7552083333333333,0.356060606060606,0.8647123015873015,0.12886381182561182
0.5,19,8.64267349243164e-06,510,0,0,0,0.0,0.0,0.0,0.0,1.0,0.0,0.0,0.0,0.0,1.0,0.0,0.0,0.0,0.0,1.0,0.6,0.3,0.0,1.0,0.6,0.3,0.0,1.0,0.7302083333333333,0.8061904761904761,0.7888888888888889,0.985966810966811,0.007496894664058381,11.75,1.0,0.012059374920536776,16.2,0.9781705948372615,0.004962183410459273,9.277777777777779,1.0,0.0,0.9416666666666668,0.14285714285714285,0.996031746031746,0.0064490180134512765,0.9862373737373737,0.007461009495011139,12.225,1.0,0.014082094167098276,16.3125,0.9770622895622897,0.003046953046953047,9.5,1.0,0.0,0.9635416666666666,0.13636363636363635,0.9888888888888889,0.006363907075250084
0.5,20,9.655952453613281e-06,1464,0,0,0,0.0,0.0,0.0,0.0,1.0,0.0,0.0,0.0,0.0,1.0,0.0,0.0,0.0,0.0,1.0,0.6,0.225,0.0,1.0,0.6,0.25,0.0,1.0,0.728125,0.7502380952380953,0.6819444444444445,0.8347691349266979,0.0844703305364982,14.321428571428571,0.988562091503268,0.11995106913469153,21.2,0.7493286034952702,0.06475880909305748,10.5,0.7222222222222222,0.25,0.8333333333333333,0.10714285714285714,0.8936366213151927,0.0833931110291991,0.8193790482393425,0.08277228877482457,14.5,0.9963235294117647,0.11887487713188172,21.3125,0.7014160607910608,0.058703896536786475,9.958333333333334,0.7307692307692307,0.21428571428571427,0.8307291666666666,0.045454545454545456,0.8693253968253968,0.08309782439243471
0.5,21,9.655952453613281e-06,721,0,0,0,0.0,0.0,0.0,0.0,1.0,0.0,0.0,0.0,0.0,1.0,0.0,0.0,0.0,0.0,1.0,0.6,0.2,0.625,1.0,0.625,0.2,0.875,1.0,0.640625,0.661904761904762,0.6805555555555556,0.852048546691404,0.07024094771248755,13.678571428571429,1.0,0.12564787178658557,21.6,0.7698532948532949,0.03945932322687755,9.277777777777779,0.3888888888888889,0.35714285714285715,0.975,0.0,0.9580498866213151,0.06909083225572164,0.8593011155511157,0.07510402488986767,14.45,1.0,0.11519579273750347,21.1875,0.7655018592518593,0.048376179658110474,9.958333333333334,0.46153846153846156,0.2857142857142857,0.953125,0.045454545454545456,0.9572420634920634,0.07422036824271401
0.5,22,8.851289749145508e-06,638,0,0,0,0.0,0.0,0.0,0.0,1.0,0.0,0.0,0.0,0.0,1.0,0.0,0.0,0.0,0.0,1.0,0.6,0.2,0.0,1.0,0.6,0.2,0.0,1.0,0.6213541666666667,0.5900000000000001,0.5972222222222222,0.9578218408575551,0.03107174624696425,12.714285714285714,1.0,0.041417547250879296,17.6,0.9343895302228636,0.025324079022566996,10.0,1.0,0.0,0.9500000000000002,0.10714285714285714,0.9522534013605443,0.030683564824959153,0.9482113025863026,0.029368602195107174,12.975,1.0,0.041426917107482,17.625,0.9136855043105042,0.02132972558685729,9.875,1.0,0.0,0.9401041666666666,0.06818181818181818,0.9369345238095239,0.029435252383391442
0.5,23,7.987022399902344e-06,317,0,0,0,0.0,0.0,0.0,0.0,1.0,0.0,0.0,0.0,0.0,1.0,0.0,0.0,0.0,0.0,1.0,0.4,0.2,1.0,1.0,0.4,0.2,1.0,1.0,0.5859375,0.5952380952380952,0.6152777777777778,0.8340471036899609,0.14396739417412383,17.428571428571427,0.9877777777777779,0.18216423325894793,24.2,0.7486411736411738,0.12274692801588823,13.666666666666666,0.6481481481481481,0.10714285714285714,0.9500000000000002,0.10714285714285714,0.8450396825396825,0.14587548895004815,0.835092685092685,0.14455863045659326,17.825,0.9888888888888889,0.18242822547523957,24.25,0.7325618825618826,0.11931223377749571,13.541666666666666,0.6794871794871795,0.11904761904761904,0.9401041666666666,0.06818181818181818,0.838015873015873,0.14715125223309555
0.5,24,9.492039680480957e-06,727,0,0,0,0.0,0.17857142857142858,0.39285714285714285,0.25,0.17857142857142858,0.0,0.0,0.0,0.7,0.3,0.0,0.2777777777777778,0.6111111111111112,0.0,0.1111111111111111,0.675,0.4,0.375,0.0,0.65,0.4,0.5,0.0,0.6317708333333334,0.6869047619047619,0.675,0.8358199340342198,0.06325713493315258,13.25,1.0,0.0933513964897138,20.1,0.7446087862754529,0.046538100735062995,9.444444444444445,0.7222222222222222,0.25,0.7875,0.10714285714285714,0.9037981859410432,0.06152149428541479,0.8374574037074037,0.06442153227551273,13.725,1.0,0.09712341086811868,20.3125,0.7290956728456729,0.04262027988044209,9.333333333333334,0.7307692307692307,0.21428571428571427,0.7994791666666667,0.12878787878787878,0.8957242063492064,0.06262282701335412
0.5,25,9.000301361083984e-06,463,0,0,0,0.0,0.0,0.0,0.0,1.0,0.0,0.0,0.0,0.0,1.0,0.0,0.0,0.0,0.0,1.0,0.4,0.2,1.0,1.0,0.4,0.2,1.0,1.0,0.5989583333333333,0.5945238095238095,0.6388888888888888,1.0,0.0,11.5,1.0,0.0,15.6,1.0,0.0,9.222222222222221,1.0,0.0,1.0,0.0,1.0,0.0,1.0,0.0,11.975,1.0,0.0,15.625,1.0,0.0,9.541666666666666,1.0,0.0,1.0,0.0,1.0,0.0
0.5,26,9.47713851928711e-06,1620,0,0,0,0.0,0.0,0.0,0.0,1.0,0.0,0.0,0.0,0.0,1.0,0.0,0.0,0.0,0.0,1.0,0.4,0.2,1.0,1.0,0.4,0.2,1.0,1.0,0.4536458333333333,0.38261904761904764,0.4486111111111111,1.0,0.0,11.5,1.0,0.0,15.6,1.0,0.0,9.222222222222221,1.0,0.0,1.0,0.0,1.0,0.0,1.0,0.0,11.975,1.0,0.0,15.625,1.0,0.0,9.541666666666666,1.0,0.0,1.0,0.0,1.0,0.0
0.5,27,9.298324584960938e-06,1306,0,0,0,0.0,0.0,0.0,0.0,1.0,0.0,0.0,0.0,0.0,1.0,0.0,0.0,0.0,0.0,1.0,0.6,0.2,0.0,1.0,0.6,0.2,0.0,1.0,0.6036458333333333,0.6507142857142857,0.6527777777777778,0.9463139043496186,0.030445586692233267,12.571428571428571,1.0,0.041417547250879296,17.6,0.9164882956549624,0.02435005304854103,9.777777777777779,1.0,0.0,0.9250000000000002,0.10714285714285714,0.9438208616780045,0.03011354989312402,0.9473614579864581,0.03085913774212843,13.05,1.0,0.04275670434152456,17.6875,0.9122690966440968,0.022927426675864337,9.958333333333334,1.0,0.0,0.9244791666666666,0.06818181818181818,0.9443650793650793,0.031050873854690065
0.5,28,9.47713851928711e-06,481,0,0,0,0.0,0.0,0.0,0.0,1.0,0.0,0.0,0.0,0.0,1.0,0.0,0.0,0.0,0.0,1.0,0.85,0.325,0.75,0.75,0.95,0.25,0.5,0.5,0.6322916666666667,0.6502380952380953,0.85,0.911559740446295,0.028365615766128446,11.928571428571429,0.9052316311139841,0.03937673092434868,16.0,0.9150753567420234,0.02224832956711721,9.666666666666666,0.6450617283950616,0.32142857142857145,1.0,0.0,0.9851190476190477,0.025933910202983277,0.8983485754441638,0.02837569775545572,12.175,0.8851398091287797,0.040068221455308084,15.75,0.9071544196544196,0.02058068195555413,9.791666666666666,0.6251526251526252,0.2857142857142857,1.0,0.0,0.9782738095238095,0.02600079691237866
0.5,29,9.08970832824707e-06,1503,0,0,0,0.0,0.0,0.0,0.0,1.0,0.0,0.0,0.0,0.0,1.0,0.0,0.0,0.0,0.0,1.0,0.4,0.2,1.0,1.0,0.4,0.225,1.0,1.0,0.5296875,0.6023809523809524,0.576388888888889,0.9415530256391601,0.044514936801467085,13.214285714285714,0.9620663650075414,0.049555353543965085,17.4,0.9301567259900594,0.04171470527785709,10.88888888888889,1.0,0.0,0.9133333333333333,0.14285714285714285,0.9381660997732426,0.04374789347689556,0.9370323671426611,0.04402593647550222,13.575,0.9648827479709832,0.05031612977415402,17.5,0.9184654465904466,0.03983247427640102,10.958333333333334,1.0,0.0,0.9057291666666667,0.11363636363636363,0.9293948412698413,0.04350244518310124
0.5,30,8.463859558105469e-06,420,0,0,0,0.0,0.0,0.0,0.0,1.0,0.0,0.0,0.0,0.0,1.0,0.0,0.0,0.0,0.0,1.0,0.4,0.2,1.0,1.0,0.4,0.2,1.0,1.0,0.5286458333333333,0.5178571428571428,0.5111111111111111,0.8733070500927643,0.1115354328677909,16.071428571428573,1.0,0.14496141537807752,22.6,0.8029220779220778,0.09296544258429833,12.444444444444445,1.0,0.0,0.8916666666666666,0.14285714285714285,0.8530328798185941,0.11391792422753197,0.8833108558108558,0.11380569530686102,16.675,1.0,0.14499420987618702,22.625,0.805518093018093,0.09301335226064371,12.708333333333334,1.0,0.0,0.8697916666666667,0.15151515151515152,0.8698908730158731,0.11596257611774281
0.5,31,9.47713851928711e-06,1184,0,0,0,0.0,0.0,0.0,0.0,1.0,0.0,0.0,0.0,0.0,1.0,0.0,0.0,0.0,0.0,1.0,0.4,0.4,1.0,0.0,0.4,0.4,1.0,0.0,0.5140625,0.539047619047619,0.5666666666666667,0.9728206667282298,0.029329424957438104,12.642857142857142,0.9238978668390434,0.016323240147834556,15.2,1.0,0.03655508318499564,11.222222222222221,0.9680335097001764,0.16071428571428573,0.9633333333333333,0.03571428571428571,0.9889455782312925,0.026143690217021058,0.96861831591611,0.028158745004709974,12.975,0.921545789790275,0.015230599021968425,15.125,1.0,0.03677750899320433,11.541666666666666,0.9581807081807082,0.15476190476190477,0.965625,0.045454545454545456,0.9860119047619047,0.025175489774483535
0.5,32,9.059906005859375e-06,631,0,0,0,0.0,0.0,0.0,0.0,1.0,0.0,0.0,0.0,0.0,1.0,0.0,0.0,0.0,0.0,1.0,0.45,0.25,1.0,1.0,0.475,0.325,1.0,1.0,0.5807291666666667,0.6211904761904762,0.5791666666666666,0.9282854050711195,0.0865483022894931,15.285714285714286,1.0,0.10354386812719822,20.6,0.8884439634439635,0.07710632126854583,12.333333333333334,1.0,0.0,0.825,0.21428571428571427,0.9537414965986396,0.08643630584164923,0.8876744089244089,0.08674071437183237,15.35,1.0,0.11163274142735441,21.0,0.8127906815406817,0.07014602966815102,11.583333333333334,1.0,0.0,0.7890625,0.18181818181818182,0.91625,0.0873705524364072
0.5,33,8.493661880493164e-06,408,0,0,0,0.0,0.0,0.0,0.0,1.0,0.0,0.0,0.0,0.0,1.0,0.0,0.0,0.0,0.0,1.0,0.6,0.2,0.0,1.0,0.6,0.2,0.0,1.0,0.5442708333333333,0.5202380952380952,0.5041666666666667,0.7956297670583385,0.06084147022488715,12.714285714285714,1.0,0.10354386812719822,20.6,0.6820907487574155,0.037117915834714334,8.333333333333334,0.37037037037037035,0.35714285714285715,0.8916666666666666,0.14285714285714285,0.9179421768707483,0.058026309871596286,0.8134909534909536,0.064217703611568,13.475,1.0,0.10356729276870502,20.625,0.6891515891515891,0.037984644173476675,8.708333333333334,0.41025641025641024,0.3333333333333333,0.8697916666666667,0.15151515151515152,0.9322916666666667,0.06124739900939884
0.5,34,9.47713851928711e-06,679,0,0,0,0.0,0.0,0.0,0.0,1.0,0.0,0.0,0.0,0.0,1.0,0.0,0.0,0.0,0.0,1.0,0.55,0.2,0.75,1.0,0.65,0.2,0.375,1.0,0.575,0.6011904761904762,0.6277777777777778,0.9115878169449597,0.07351679926980395,14.5,1.0,0.10354386812719822,20.6,0.8624699374699376,0.05683509434902937,11.11111111111111,1.0,0.0,0.9416666666666668,0.17857142857142858,0.88156179138322,0.07399956379523454,0.9361592574092574,0.06757250984228495,14.825,1.0,0.10356729276870502,20.625,0.8935987623487623,0.04357598789133824,10.958333333333334,1.0,0.0,0.9479166666666666,0.11363636363636363,0.9181349206349207,0.06868704094078039
0.5,35,9.655952453613281e-06,1207,0,0,0,0.0,0.0,0.0,0.0,1.0,0.0,0.0,0.0,0.0,1.0,0.0,0.0,0.0,0.0,1.0,0.55,0.35,0.875,0.625,0.525,0.375,0.875,0.625,0.6484375,0.6947619047619048,0.7180555555555556,0.932440971726686,0.03155463306892008,12.357142857142858,0.9425518925518925,0.035669891666906574,16.4,0.9268237934904602,0.02926837829226092,10.11111111111111,0.9695767195767196,0.0,0.9375,0.03571428571428571,0.933531746031746,0.03165270527124743,0.8994795135420137,0.029796641482587604,12.275,0.8680755876068376,0.028809270759645206,15.0,0.9204154641654642,0.030454888631215867,10.458333333333334,0.946886446886447,0.0,0.8604166666666666,0.045454545454545456,0.9368055555555557,0.029575411765225112
0.5,36,9.655952453613281e-06,857,0,0,0,0.0,0.0,0.0,0.0,1.0,0.0,0.0,0.0,0.0,1.0,0.0,0.0,0.0,0.0,1.0,0.6,0.3,0.0,1.0,0.6,0.375,0.0,1.0,0.6817708333333333,0.6464285714285715,0.6708333333333334,0.7512961245104103,0.08501071154110937,13.5,1.0,0.15605480438813255,23.1,0.6131273047939714,0.04554177107054094,8.166666666666666,0.37037037037037035,0.35714285714285715,0.8583333333333332,0.0,0.8616071428571429,0.08453902830139615,0.8108198745698747,0.0896406632454901,14.675,1.0,0.165707668429928,23.625,0.684699790949791,0.038929326455864825,8.708333333333334,0.41025641025641024,0.3333333333333333,0.8802083333333334,0.07575757575757575,0.9248214285714287,0.08850568143102087
0.5,37,9.387731552124023e-06,618,0,0,0,0.0,0.0,0.0,0.0,1.0,0.0,0.0,0.0,0.0,1.0,0.0,0.0,0.0,0.0,1.0,0.675,0.4,0.75,0.75,0.575,0.55,1.0,1.0,0.5520833333333333,0.5988095238095238,0.6847222222222222,0.910794364365793,0.02157121763017389,11.642857142857142,0.9360683760683761,0.04196858189657418,16.7,0.8967532467532467,0.010239348593284833,8.833333333333334,0.6693121693121692,0.03571428571428571,0.9408333333333333,0.0,0.9871031746031746,0.02185929649009719,0.8894240481740482,0.026642335076263242,12.0,0.8492597680097681,0.02347321463008458,14.5,0.9162002349502348,0.02875508204038235,10.333333333333334,0.7222222222222222,0.09523809523809523,0.915625,0.0606060606060606,0.967013888888889,0.02440926906426847
0.5,38,9.59634780883789e-06,1332,0,0,0,0.0,0.0,0.0,0.0,1.0,0.0,0.0,0.0,0.0,1.0,0.0,0.0,0.0,0.0,1.0,0.875,0.475,0.0,0.0,0.8,0.5,0.25,0.0,0.5989583333333333,0.7064285714285714,0.825,0.8224808921237494,0.024733255419288596,10.892857142857142,0.887008547008547,0.0349041276512028,15.5,0.7866321949655285,0.01908277084600293,8.333333333333334,0.32010582010582006,0.39285714285714285,0.9216666666666666,0.0,0.9632936507936508,0.02096283340121949,0.8368025724275725,0.028720908857405292,11.575,0.8402491605616605,0.027286697777025845,14.5,0.8345048470048471,0.029677049577658265,9.625,0.42826617826617824,0.38095238095238093,0.9,0.0,0.9729166666666668,0.02481751651020042
0.5,39,8.58306884765625e-06,383,0,0,0,0.0,0.0,0.0,0.0,1.0,0.0,0.0,0.0,0.0,1.0,0.0,0.0,0.0,0.0,1.0,0.4,0.4,1.0,0.0,0.4,0.4,1.0,0.0,0.5463541666666667,0.5807142857142857,0.5902777777777778,0.9064620020502374,0.10870050948310407,16.0,0.8263114989585578,0.08872311113301794,17.2,0.9509900593233925,0.11979906412204083,15.333333333333334,0.9411375661375663,0.0,0.9058333333333334,0.03571428571428571,0.8568735827664399,0.11065116501396828,0.9112312768930415,0.10964118839160919,16.475,0.8332143754937873,0.09018274166832463,17.375,0.9632425444925444,0.12261348620713224,15.875,0.9401709401709403,0.023809523809523808,0.9125,0.045454545454545456,0.8733234126984126,0.111123394531278
0.5,40,9.47713851928711e-06,715,0,0,0,0.0,0.0,0.0,0.0,1.0,0.0,0.0,0.0,0.0,1.0,0.0,0.0,0.0,0.0,1.0,0.4,0.4,1.0,0.0,0.4,0.4,1.0,0.0,0.534375,0.5433333333333333,0.6375,0.7709389816532674,0.11356699548657789,15.214285714285714,1.0,0.16567018900351718,23.6,0.643682860349527,0.08462077686605608,10.555555555555555,0.6481481481481481,0.10714285714285714,0.75,0.14285714285714285,0.8455215419501135,0.11493750449587756,0.7846164946164946,0.11652546286837968,15.875,1.0,0.165707668429928,23.625,0.641027491027491,0.08373732582734748,10.708333333333334,0.6794871794871795,0.11904761904761904,0.75,0.22727272727272727,0.8496626984126984,0.11620182479882746
0.5,41,8.52346420288086e-06,379,0,0,0,0.0,0.0,0.0,0.0,1.0,0.0,0.0,0.0,0.0,1.0,0.0,0.0,0.0,0.0,1.0,0.6,0.2,0.0,1.0,0.6,0.2,0.0,1.0,0.5286458333333333,0.540952380952381,0.5249999999999999,0.9244008967223253,0.04504293862565141,13.142857142857142,1.0,0.06212632087631893,18.6,0.882401394901395,0.03555217070861392,10.11111111111111,1.0,0.0,0.8583333333333334,0.10714285714285714,0.9373866213151928,0.04514827437434157,0.923432609057609,0.04454722069544509,13.525,1.0,0.062140375661223,18.625,0.8723876817626817,0.03281845071825981,10.125,1.0,0.0,0.8645833333333334,0.11363636363636363,0.9306944444444444,0.04471376568138433
0.5,42,9.238719940185547e-06,658,0,0,0,0.0,0.0,0.0,0.0,1.0,0.0,0.0,0.0,0.0,1.0,0.0,0.0,0.0,0.0,1.0,0.425,0.2,1.0,1.0,0.675,0.2,0.875,0.875,0.6625,0.5930952380952381,0.6027777777777777,0.986452273216979,0.014040444010195496,12.035714285714286,0.9620663650075414,0.008137806293085796,15.4,1.0,0.017319687186367547,10.166666666666666,1.0,0.0,0.9633333333333333,0.03571428571428571,0.9889455782312925,0.013606296414163563,0.9859530991883935,0.009553618594393794,12.25,0.9648827479709832,0.00888921266667202,15.5,1.0,0.009996555879541645,10.083333333333334,1.0,0.0,0.965625,0.045454545454545456,0.9860119047619047,0.008779797982007115
0.5,43,9.775161743164062e-06,1428,0,0,0,0.0,0.0,0.0,0.0,1.0,0.0,0.0,0.0,0.0,1.0,0.0,0.0,0.0,0.0,1.0,0.625,0.15,0.75,1.0,0.575,0.3,0.875,1.0,0.7083333333333333,0.5861904761904762,0.6916666666666667,0.9407970006184291,0.032002921628926796,12.571428571428571,1.0,0.04943066870240589,18.0,0.9079064454064455,0.022320839921438414,9.555555555555555,0.9629629629629629,0.07142857142857142,0.975,0.0,0.9083900226757369,0.03249440347158359,0.9357930957930958,0.03088719133747076,12.975,1.0,0.046486200947859393,17.875,0.8929884929884929,0.020487851597211667,9.708333333333334,0.9487179487179487,0.0,0.9296875,0.1515151515151515,0.9516468253968254,0.03023927561827113
0.5,44,9.119510650634766e-06,544,0,0,0,0.0,0.0,0.0,0.0,1.0,0.0,0.0,0.0,0.0,1.0,0.0,0.0,0.0,0.0,1.0,0.6,0.2,0.0,1.0,0.6,0.2,0.0,1.0,0.48958333333333337,0.55,0.5416666666666667,0.8790339620696762,0.07281828702871243,14.071428571428571,0.9761904761904763,0.09502212899676345,19.8,0.8250581208914542,0.06048281926868412,10.88888888888889,1.0,0.0,0.7875,0.0,0.8786848072562358,0.07524720339961742,0.8907035325785326,0.07525014945880236,14.725,0.9726724664224664,0.09438150975984928,19.75,0.8360575766825766,0.06249590925810441,11.375,1.0,0.0,0.8255208333333334,0.13636363636363635,0.8693948412698413,0.07560962280123384
0.5,45,8.881092071533203e-06,524,0,0,0,0.0,0.0,0.0,0.0,1.0,0.0,0.0,0.0,0.0,1.0,0.0,0.0,0.0,0.0,1.0,0.4,0.4,1.0,0.0,0.4,0.4,1.0,0.0,0.6536458333333333,0.8519047619047619,0.7833333333333333,0.9060160427807488,0.05824524990830053,13.571428571428571,0.9553081232492996,0.06822180254724818,18.2,0.8786315536315538,0.05270272066444073,11.0,0.7222222222222222,0.25,0.9466666666666667,0.0,0.9465844671201814,0.0575009551916416,0.9131593651446593,0.059488873076126825,14.125,0.957484243697479,0.06836892958279163,18.25,0.8836094461094461,0.05356883540501695,11.375,0.7307692307692307,0.21428571428571427,0.95625,0.022727272727272728,0.951299603174603,0.0586497795450784
0.5,46,8.970499038696289e-06,527,0,0,0,0.03571428571428571,0.0,0.0,0.0,0.9642857142857143,0.0,0.0,0.0,0.0,1.0,0.05555555555555555,0.0,0.0,0.0,0.9444444444444444,0.4,0.2,1.0,1.0,0.425,0.225,1.0,1.0,0.5432291666666667,0.5223809523809524,0.5291666666666667,0.8497804832888866,0.10277702495351802,15.285714285714286,0.9376032464267758,0.1202034135507188,20.4,0.8009900593233926,0.09309569795507314,12.444444444444445,1.0,0.0,0.7841666666666667,0.17857142857142858,0.848001700680272,0.10393080854097521,0.8574167397145338,0.1000516576494768,15.65,0.9540320535265387,0.12143084663506759,20.75,0.7930065305065305,0.08579886499241623,12.25,0.9743589743589743,0.0,0.7494791666666667,0.2121212121212121,0.8758928571428571,0.10015211047858197
0.5,47,9.417533874511719e-06,715,0,0,0,0.0,0.0,0.0,0.0,1.0,0.0,0.0,0.0,0.0,1.0,0.0,0.0,0.0,0.0,1.0,0.6,0.2,0.0,1.0,0.6,0.2,0.0,1.0,0.5364583333333333,0.6576190476190475,0.6055555555555555,0.9175286023500309,0.02453432328687679,12.0,1.0,0.041417547250879296,17.6,0.8717111592111593,0.015154754417986508,8.88888888888889,0.6481481481481481,0.10714285714285714,1.0,0.0,0.9713010204081634,0.02414735324379205,0.9270514901764901,0.02619876531242401,12.625,1.0,0.041426917107482,17.625,0.8784191502941502,0.016046664115718683,9.291666666666666,0.6794871794871795,0.11904761904761904,1.0,0.0,0.9767857142857143,0.025802567698982613
0.5,48,8.732080459594727e-06,1004,0,0,0,0.0,0.0,0.0,0.0,1.0,0.0,0.0,0.0,0.0,1.0,0.0,0.0,0.0,0.0,1.0,0.4,0.4,1.0,0.0,0.4,0.4,1.0,0.0,0.525,0.5761904761904761,0.55,0.9831959706959708,0.014000409815872293,12.0,0.9529487179487178,0.006301572617946347,15.2,1.0,0.01827754159249782,10.222222222222221,0.9618606701940036,0.125,1.0,0.0,1.0,0.011921630256059459,0.9785214438339438,0.012608645852447887,12.325,0.9463036095848596,0.003938482886216467,15.0,1.0,0.018388754496602166,10.541666666666666,0.9502442002442003,0.08333333333333333,1.0,0.0,1.0,0.011232546134626601
0.5,49,8.016824722290039e-06,570,0,0,0,0.0,0.0,0.0,0.0,1.0,0.0,0.0,0.0,0.0,1.0,0.0,0.0,0.0,0.0,1.0,0.4,0.4,1.0,0.0,0.4,0.4,1.0,0.0,0.5708333333333333,0.5871428571428572,0.6694444444444445,0.9447799632673581,0.05873339921696482,13.785714285714286,0.8453838971486031,0.03285521834151721,14.8,1.0,0.07311016636999128,13.222222222222221,0.9526014109347444,0.10714285714285714,0.8666666666666666,0.10714285714285714,0.9770408163265306,0.05694207248253997,0.9388589474251239,0.05750951306499526,14.075,0.8471473685628097,0.033441255682875155,14.875,1.0,0.07355501798640866,13.541666666666666,0.9523809523809524,0.11904761904761904,0.8609375,0.06818181818181818,0.9803571428571429,0.05569611571075548
