lesion,trial,settle_residual,settle_ticks,nonconvergent_inputs,nonconvergent_visual,nonconvergent_unique_names,naming/all/correct,naming/all/superordinate,naming/all/semantic,naming/all/cross_domain,naming/all/omission,naming/animal/correct,naming/animal/superordinate,naming/animal/semantic,naming/animal/cross_domain,naming/animal/omission,naming/artifact/correct,naming/artifact/superordinate,naming/artifact/semantic,naming/artifact/cross_domain,naming/artifact/omission,sorting/word/animal_artifact/general,sorting/word/animal_artifact/specific,sorting/word/fruit/general,sorting/word/fruit/specific,sorting/picture/animal_artifact/general,sorting/picture/animal_artifact/specific,sorting/picture/fruit/general,sorting/picture/fruit/specific,matching/close,matching/distant,matching/unrelated,drawing/all/omission,drawing/all/intrusion,drawing/all/total_errors,drawing/animal/omission,drawing/animal/intrusion,drawing/animal/total_errors,drawing/artifact/omission,drawing/artifact/intrusion,drawing/artifact/total_errors,drawing/shared_domain/omission,drawing/shared_domain/intrusion,drawing/shared_category/omission,drawing/shared_category/intrusion,drawing/distinctive/omission,drawing/distinctive/intrusion,delayed_copy/all/omission,delayed_copy/all/intrusion,delayed_copy/all/total_errors,delayed_copy/animal/omission,delayed_copy/animal/intrusion,delayed_copy/animal/total_errors,delayed_copy/artifact/omission,delayed_copy/artifact/intrusion,delayed_copy/artifact/total_errors,delayed_copy/shared_domain/omission,delayed_copy/shared_domain/intrusion,delayed_copy/shared_category/omission,delayed_copy/shared_category/intrusion,delayed_copy/distinctive/omission,delayed_copy/distinctive/intrusion
0.0,0,7.510185241699219e-06,388,0,0,0,1.0,0.0,0.0,0.0,0.0,1.0,0.0,0.0,0.0,0.0,1.0,0.0,0.0,0.0,0.0,1.0,1.0,1.0,1.0,1.0,1.0,1.0,1.0,1.0,1.0,1.0,0.0,0.0,0.0,0.0,0.0,0.0,0.0,0.0,0.0,0.0,0.0,0.0,0.0,0.0,0.0,0.0,0.0,0.0,0.0,0.0,0.0,0.0,0.0,0.0,0.0,0.0,0.0,0.0,0.0,0.0
0.05,0,9.506940841674805e-06,610,0,0,0,1.0,0.0,0.0,0.0,0.0,1.0,0.0,0.0,0.0,0.0,1.0,0.0,0.0,0.0,0.0,1.0,0.85,1.0,1.0,1.0,1.0,1.0,1.0,1.0,1.0,1.0,0.02588383838383838,0.0020215633423180594,0.35714285714285715,0.0,0.0,0.0,0.04026374859708193,0.0031446540880503146,0.5555555555555556,0.0,0.07142857142857142,0.025,0.0,0.029903628117913833,0.0014285714285714286,0.02026903651903652,0.0014150943396226416,0.275,0.0,0.0,0.0,0.033781727531727535,0.0023584905660377358,0.4583333333333333,0.0,0.047619047619047616,0.015625,0.0,0.026726190476190476,0.001
0.05,1,9.59634780883789e-06,655,0,0,0,1.0,0.0,0.0,0.0,0.0,1.0,0.0,0.0,0.0,0.0,1.0,0.0,0.0,0.0,0.0,1.0,0.925,1.0,1.0,1.0,1.0,1.0,1.0,1.0,1.0,1.0,0.003246753246753247,0.0019403318356520326,0.14285714285714285,0.0,0.0,0.0,0.005050505050505051,0.0030182939665698285,0.2222222222222222,0.0,0.0,0.0,0.0,0.003968253968253968,0.0019859439502296645,0.006118881118881119,0.0022794628461464163,0.2,0.0,0.0,0.0,0.010198135198135198,0.0037991047435773605,0.3333333333333333,0.0,0.0,0.0078125,0.0,0.006349206349206349,0.002334902298137592
0.05,2,8.58306884765625e-06,484,0,0,0,1.0,0.0,0.0,0.0,0.0,1.0,0.0,0.0,0.0,0.0,1.0,0.0,0.0,0.0,0.0,1.0,0.85,1.0,1.0,1.0,1.0,1.0,1.0,1.0,1.0,1.0,0.004464285714285714,0.0025758405068749893,0.17857142857142858,0.0,0.0,0.0,0.006944444444444444,0.004006863010694427,0.2777777777777778,0.0,0.0,0.0,0.0,0.00510204081632653,0.0025758405068749893,0.003125,0.0031687839137416233,0.2,0.0,0.0,0.0,0.005208333333333333,0.005281306522902706,0.3333333333333333,0.0,0.0,0.0,0.0,0.0035714285714285713,0.0032195280009968672
0.05,3,9.208917617797852e-06,344,0,0,0,1.0,0.0,0.0,0.0,0.0,1.0,0.0,0.0,0.0,0.0,1.0,0.0,0.0,0.0,0.0,1.0,1.0,1.0,1.0,1.0,1.0,1.0,1.0,1.0,1.0,1.0,0.0021008403361344537,0.0012896179942373828,0.10714285714285714,0.0058823529411764705,0.0,0.1,0.0,0.0020060724354803734,0.1111111111111111,0.0,0.0,0.0,0.0,0.00510204081632653,0.0013300492610837436,0.0033936651583710412,0.000902732595966168,0.1,0.008484162895927603,0.0,0.125,0.0,0.0015045543266102798,0.08333333333333333,0.0,0.0,0.0,0.0,0.01607142857142857,0.0009310344827586206
0.05,4,9.47713851928711e-06,391,0,0,0,1.0,0.0,0.0,0.0,0.0,1.0,0.0,0.0,0.0,0.0,1.0,0.0,0.0,0.0,0.0,1.0,1.0,1.0,1.0,1.0,1.0,1.0,1.0,1.0,1.0,1.0,0.0,0.0012315270935960591,0.07142857142857142,0.0,0.0,0.0,0.0,0.0019157088122605363,0.1111111111111111,0.0,0.0,0.0,0.0,0.0,0.0012535186488388458,0.0,0.0008620689655172414,0.05,0.0,0.0,0.0,0.0,0.0014367816091954023,0.08333333333333333,0.0,0.0,0.0,0.0,0.0,0.000877463054187192
0.05,5,9.298324584960938e-06,374,0,0,0,1.0,0.0,0.0,0.0,0.0,1.0,0.0,0.0,0.0,0.0,1.0,0.0,0.0,0.0,0.0,1.0,1.0,1.0,1.0,1.0,1.0,1.0,1.0,1.0,1.0,1.0,0.006944444444444443,0.0,0.07142857142857142,0.0,0.0,0.0,0.010802469135802469,0.0,0.1111111111111111,0.0,0.0,0.016666666666666666,0.0,0.005952380952380952,0.0,0.0067841880341880335,0.0004629629629629629,0.1,0.0,0.0,0.0,0.011306980056980056,0.0007716049382716049,0.16666666666666666,0.01282051282051282,0.0,0.010416666666666666,0.0,0.004166666666666667,0.0004716981132075472
0.05,6,7.614493370056152e-06,463,0,0,0,1.0,0.0,0.0,0.0,0.0,1.0,0.0,0.0,0.0,0.0,1.0,0.0,0.0,0.0,0.0,1.0,0.85,1.0,1.0,1.0,1.0,1.0,1.0,1.0,1.0,1.0,0.003246753246753247,0.0012759170653907496,0.10714285714285714,0.0,0.0,0.0,0.005050505050505051,0.0019847598794967215,0.16666666666666666,0.0,0.0,0.0,0.0,0.004464285714285714,0.0012871057513914655,0.004772727272727273,0.001364840058981072,0.125,0.0,0.0,0.0,0.007954545454545455,0.0022747334316351197,0.20833333333333334,0.0,0.0,0.0,0.0,0.008125,0.0013911701044053986
0.05,7,9.179115295410156e-06,282,0,0,0,1.0,0.0,0.0,0.0,0.0,1.0,0.0,0.0,0.0,0.0,1.0,0.0,0.0,0.0,0.0,1.0,1.0,1.0,1.0,1.0,1.0,1.0,1.0,1.0,1.0,1.0,0.005952380952380952,0.0,0.03571428571428571,0.0,0.0,0.0,0.009259259259259259,0.0,0.05555555555555555,0.0,0.0,0.0,0.0,0.008928571428571428,0.0,0.004166666666666667,0.0,0.025,0.0,0.0,0.0,0.006944444444444444,0.0,0.041666666666666664,0.0,0.0,0.0,0.0,0.00625,0.0
0.05,8,8.463859558105469e-06,1654,0,0,0,0.9642857142857143,0.0,0.0,0.0,0.03571428571428571,1.0,0.0,0.0,0.0,0.0,0.9444444444444444,0.0,0.0,0.0,0.05555555555555555,1.0,0.9,1.0,1.0,1.0,0.975,1.0,1.0,1.0,1.0,1.0,0.025162337662337664,0.0033219842057975123,0.42857142857142855,0.0,0.0,0.0,0.039141414141414144,0.005167530986796131,0.6666666666666666,0.0,0.07142857142857142,0.05,0.0,0.028273809523809524,0.0027806122448979587,0.021780303030303032,0.002325388944058259,0.325,0.0,0.0,0.0,0.03630050505050505,0.003875648240097098,0.5416666666666666,0.0,0.047619047619047616,0.03125,0.0,0.028125,0.0019464285714285712
0.05,9,7.331371307373047e-06,420,0,0,0,1.0,0.0,0.0,0.0,0.0,1.0,0.0,0.0,0.0,0.0,1.0,0.0,0.0,0.0,0.0,1.0,0.925,1.0,1.0,1.0,1.0,1.0,1.0,1.0,1.0,1.0,0.009199134199134198,0.0006157635467980296,0.10714285714285714,0.0,0.0,0.0,0.014309764309764309,0.0009578544061302681,0.16666666666666666,0.0,0.0,0.0,0.0,0.009920634920634922,0.0006157635467980296,0.008939393939393938,0.0004310344827586207,0.1,0.0,0.0,0.0,0.014898989898989898,0.0007183908045977011,0.16666666666666666,0.0,0.0,0.0,0.0,0.011944444444444443,0.0004310344827586207
0.05,10,9.417533874511719e-06,380,0,0,0,1.0,0.0,0.0,0.0,0.0,1.0,0.0,0.0,0.0,0.0,1.0,0.0,0.0,0.0,0.0,1.0,1.0,1.0,1.0,1.0,1.0,1.0,1.0,1.0,1.0,1.0,0.0,0.0006868131868131869,0.03571428571428571,0.0,0.0,0.0,0.0,0.0010683760683760685,0.05555555555555555,0.0,0.0,0.0,0.0,0.0,0.0006868131868131869,0.0,0.0004807692307692308,0.025,0.0,0.0,0.0,0.0,0.0008012820512820514,0.041666666666666664,0.0,0.0,0.0,0.0,0.0,0.0004807692307692308
0.05,11,8.419156074523926e-06,322,0,0,0,1.0,0.0,0.0,0.0,0.0,1.0,0.0,0.0,0.0,0.0,1.0,0.0,0.0,0.0,0.0,1.0,1.0,1.0,1.0,1.0,1.0,1.0,1.0,1.0,1.0,1.0,0.003246753246753247,0.0019291431496513166,0.14285714285714285,0.0,0.0,0.0,0.005050505050505051,0.003000889343902048,0.2222222222222222,0.0,0.0,0.025,0.0,0.0,0.0019403318356520326,0.0022727272727272726,0.0018220983179634688,0.125,0.0,0.0,0.0,0.003787878787878788,0.0030368305299391146,0.20833333333333334,0.0,0.0,0.015625,0.0,0.0,0.0018390015157256536
0.05,12,9.208917617797852e-06,251,0,0,0,1.0,0.0,0.0,0.0,0.0,1.0,0.0,0.0,0.0,0.0,1.0,0.0,0.0,0.0,0.0,1.0,0.925,1.0,1.0,1.0,1.0,1.0,1.0,1.0,1.0,1.0,0.009920634920634922,0.0020474808210657267,0.17857142857142858,0.0,0.0,0.0,0.0154320987654321,0.0031849701661022414,0.2777777777777778,0.0,0.0,0.0,0.0,0.011054421768707483,0.0020609477462973577,0.009444444444444445,0.0037520911750694745,0.275,0.0,0.0,0.0,0.01574074074074074,0.006253485291782458,0.4583333333333333,0.0,0.0,0.0,0.0,0.012738095238095238,0.0038209972602314445
0.05,13,9.59634780883789e-06,829,0,0,0,1.0,0.0,0.0,0.0,0.0,1.0,0.0,0.0,0.0,0.0,1.0,0.0,0.0,0.0,0.0,1.0,0.925,1.0,1.0,1.0,1.0,1.0,1.0,1.0,1.0,1.0,0.0,0.0,0.0,0.0,0.0,0.0,0.0,0.0,0.0,0.0,0.0,0.0,0.0,0.0,0.0,0.0,0.0,0.0,0.0,0.0,0.0,0.0,0.0,0.0,0.0,0.0,0.0,0.0,0.0,0.0
0.05,14,7.569789886474609e-06,389,0,0,0,1.0,0.0,0.0,0.0,0.0,1.0,0.0,0.0,0.0,0.0,1.0,0.0,0.0,0.0,0.0,1.0,1.0,1.0,1.0,1.0,1.0,1.0,1.0,1.0,1.0,1.0,0.005952380952380952,0.0006157635467980296,0.07142857142857142,0.0,0.0,0.0,0.009259259259259259,0.0009578544061302681,0.1111111111111111,0.018518518518518517,0.0,0.0,0.0,0.0,0.0006377551020408163,0.004166666666666667,0.0004310344827586207,0.05,0.0,0.0,0.0,0.006944444444444444,0.0007183908045977011,0.08333333333333333,0.01282051282051282,0.0,0.0,0.0,0.0,0.0004464285714285714
0.05,15,7.987022399902344e-06,694,0,0,0,1.0,0.0,0.0,0.0,0.0,1.0,0.0,0.0,0.0,0.0,1.0,0.0,0.0,0.0,0.0,1.0,0.925,1.0,1.0,1.0,1.0,1.0,1.0,1.0,1.0,1.0,0.003246753246753247,0.0013232050967900025,0.10714285714285714,0.0,0.0,0.0,0.005050505050505051,0.002058319039451115,0.16666666666666666,0.0,0.0,0.0,0.0,0.004464285714285714,0.0013636363636363635,0.0022727272727272726,0.0009262435677530017,0.075,0.0,0.0,0.0,0.003787878787878788,0.0015437392795883363,0.125,0.0,0.0,0.0,0.0,0.003125,0.0009545454545454544
0.05,16,9.775161743164062e-06,670,0,0,0,1.0,0.0,0.0,0.0,0.0,1.0,0.0,0.0,0.0,0.0,1.0,0.0,0.0,0.0,0.0,1.0,0.925,1.0,1.0,1.0,1.0,1.0,1.0,1.0,1.0,1.0,0.0,0.0,0.0,0.0,0.0,0.0,0.0,0.0,0.0,0.0,0.0,0.0,0.0,0.0,0.0,0.0,0.0,0.0,0.0,0.0,0.0,0.0,0.0,0.0,0.0,0.0,0.0,0.0,0.0,0.0
0.05,17,9.298324584960938e-06,352,0,0,0,1.0,0.0,0.0,0.0,0.0,1.0,0.0,0.0,0.0,0.0,1.0,0.0,0.0,0.0,0.0,1.0,0.925,1.0,1.0,1.0,1.0,1.0,1.0,1.0,1.0,1.0,0.0,0.0013232050967900025,0.07142857142857142,0.0,0.0,0.0,0.0,0.002058319039451115,0.1111111111111111,0.0,0.0,0.0,0.0,0.0,0.0013636363636363635,0.0,0.0018289761637191697,0.1,0.0,0.0,0.0,0.0,0.003048293606198616,0.16666666666666666,0.0,0.0,0.0,0.045454545454545456,0.0,0.0014090909090909089
0.05,18,9.119510650634766e-06,554,0,0,0,1.0,0.0,0.0,0.0,0.0,1.0,0.0,0.0,0.0,0.0,1.0,0.0,0.0,0.0,0.0,1.0,1.0,1.0,1.0,1.0,1.0,1.0,1.0,1.0,1.0,1.0,0.003246753246753247,0.001347708894878706,0.10714285714285714,0.0,0.0,0.0,0.005050505050505051,0.0020964360587002098,0.16666666666666666,0.0,0.07142857142857142,0.025,0.0,0.0,0.0007142857142857143,0.0022727272727272726,0.0009433962264150943,0.075,0.0,0.0,0.0,0.003787878787878788,0.001572327044025157,0.125,0.0,0.047619047619047616,0.015625,0.0,0.0,0.0005
0.05,19,9.179115295410156e-06,412,0,0,0,1.0,0.0,0.0,0.0,0.0,1.0,0.0,0.0,0.0,0.0,1.0,0.0,0.0,0.0,0.0,1.0,1.0,1.0,1.0,1.0,1.0,1.0,1.0,1.0,1.0,1.0,0.013392857142857142,0.0006868131868131869,0.14285714285714285,0.0,0.0,0.0,0.020833333333333332,0.0010683760683760685,0.2222222222222222,0.0,0.0,0.0,0.0,0.017006802721088433,0.0006868131868131869,0.011875,0.0014241654571843251,0.175,0.0,0.0,0.0,0.019791666666666666,0.0023736090953072084,0.2916666666666667,0.0,0.0,0.0,0.0,0.016904761904761905,0.0014517345399698341
0.05,20,9.119510650634766e-06,324,0,0,0,1.0,0.0,0.0,0.0,0.0,1.0,0.0,0.0,0.0,0.0,1.0,0.0,0.0,0.0,0.0,1.0,0.925,1.0,1.0,1.0,1.0,1.0,1.0,1.0,1.0,1.0,0.0,0.0,0.0,0.0,0.0,0.0,0.0,0.0,0.0,0.0,0.0,0.0,0.0,0.0,0.0,0.00625,0.0,0.05,0.0,0.0,0.0,0.010416666666666666,0.0,0.08333333333333333,0.0,0.0,0.0,0.0,0.011458333333333333,0.0
0.05,21,9.208917617797852e-06,542,0,0,0,1.0,0.0,0.0,0.0,0.0,1.0,0.0,0.0,0.0,0.0,1.0,0.0,0.0,0.0,0.0,1.0,0.925,1.0,1.0,1.0,1.0,1.0,1.0,1.0,1.0,1.0,0.0,0.0012771392081736908,0.07142857142857142,0.0,0.0,0.0,0.0,0.001986660990492408,0.1111111111111111,0.0,0.0,0.0,0.0,0.0,0.0012991307634164777,0.0,0.0017560664112388248,0.1,0.0,0.0,0.0,0.0,0.002926777352064708,0.16666666666666666,0.0,0.0,0.0,0.0,0.0,0.0018184824434824436
0.05,22,9.59634780883789e-06,380,0,0,0,1.0,0.0,0.0,0.0,0.0,1.0,0.0,0.0,0.0,0.0,1.0,0.0,0.0,0.0,0.0,1.0,0.925,1.0,1.0,1.0,1.0,1.0,1.0,1.0,1.0,1.0,0.0,0.0,0.0,0.0,0.0,0.0,0.0,0.0,0.0,0.0,0.0,0.0,0.0,0.0,0.0,0.013286713286713287,0.0018867924528301887,0.25,0.0,0.0,0.0,0.022144522144522144,0.003144654088050314,0.4166666666666667,0.0,0.047619047619047616,0.010416666666666666,0.045454545454545456,0.017857142857142856,0.000980392156862745
0.05,23,9.238719940185547e-06,421,0,0,0,1.0,0.0,0.0,0.0,0.0,1.0,0.0,0.0,0.0,0.0,1.0,0.0,0.0,0.0,0.0,1.0,1.0,1.0,1.0,1.0,1.0,1.0,1.0,1.0,1.0,1.0,0.0,0.0,0.0,0.0,0.0,0.0,0.0,0.0,0.0,0.0,0.0,0.0,0.0,0.0,0.0,0.0019230769230769232,0.0,0.025,0.0,0.0,0.0,0.0032051282051282055,0.0,0.041666666666666664,0.0,0.0,0.0,0.0,0.0035714285714285713,0.0
0.05,24,8.702278137207031e-06,215,0,0,0,1.0,0.0,0.0,0.0,0.0,1.0,0.0,0.0,0.0,0.0,1.0,0.0,0.0,0.0,0.0,1.0,0.925,1.0,1.0,1.0,1.0,1.0,1.0,1.0,1.0,1.0,0.0,0.0006265664160401002,0.03571428571428571,0.0,0.0,0.0,0.0,0.0009746588693957114,0.05555555555555555,0.0,0.0,0.0,0.0,0.0,0.0006265664160401002,0.0022727272727272726,0.001341329087194238,0.1,0.0,0.0,0.0,0.003787878787878788,0.002235548478657063,0.16666666666666666,0.0,0.0,0.0,0.01515151515151515,0.004166666666666667,0.0009287925696594427
0.05,25,7.748603820800781e-06,534,0,0,0,1.0,0.0,0.0,0.0,0.0,1.0,0.0,0.0,0.0,0.0,1.0,0.0,0.0,0.0,0.0,1.0,0.85,1.0,1.0,1.0,1.0,1.0,1.0,1.0,1.0,1.0,0.0,0.0,0.0,0.0,0.0,0.0,0.0,0.0,0.0,0.0,0.0,0.0,0.0,0.0,0.0,0.004772727272727273,0.0,0.05,0.0,0.0,0.0,0.007954545454545455,0.0,0.08333333333333333,0.0,0.0,0.0,0.0,0.008571428571428572,0.0
0.05,26,8.404254913330078e-06,462,0,0,0,1.0,0.0,0.0,0.0,0.0,1.0,0.0,0.0,0.0,0.0,1.0,0.0,0.0,0.0,0.0,1.0,0.85,1.0,1.0,1.0,1.0,1.0,1.0,1.0,1.0,1.0,0.0,0.0006868131868131869,0.03571428571428571,0.0,0.0,0.0,0.0,0.0010683760683760685,0.05555555555555555,0.0,0.0,0.0,0.0,0.0,0.0006868131868131869,0.0,0.0004807692307692308,0.025,0.0,0.0,0.0,0.0,0.0008012820512820514,0.041666666666666664,0.0,0.0,0.0,0.0,0.0,0.0004807692307692308
0.05,27,9.447336196899414e-06,947,0,0,0,1.0,0.0,0.0,0.0,0.0,1.0,0.0,0.0,0.0,0.0,1.0,0.0,0.0,0.0,0.0,1.0,0.925,1.0,1.0,1.0,1.0,1.0,1.0,1.0,1.0,1.0,0.003246753246753247,0.0019742753109188065,0.14285714285714285,0.0,0.0,0.0,0.005050505050505051,0.003071094928095921,0.2222222222222222,0.0,0.07142857142857142,0.0,0.0,0.004464285714285714,0.0013408521303258146,0.0022727272727272726,0.0013819927176431644,0.1,0.0,0.0,0.0,0.003787878787878788,0.002303321196071941,0.16666666666666666,0.0,0.047619047619047616,0.0,0.0,0.003125,0.0009385964912280702
0.05,28,8.821487426757812e-06,319,0,0,0,1.0,0.0,0.0,0.0,0.0,1.0,0.0,0.0,0.0,0.0,1.0,0.0,0.0,0.0,0.0,1.0,0.85,1.0,1.0,1.0,1.0,1.0,1.0,1.0,1.0,1.0,0.013038548752834467,0.0,0.10714285714285714,0.0,0.0,0.0,0.020282186948853614,0.0,0.16666666666666666,0.0,0.0,0.016666666666666666,0.0,0.012244897959183673,0.0,0.013322788322788322,0.0,0.125,0.0,0.0,0.0,0.022204647204647206,0.0,0.20833333333333334,0.0,0.0,0.018229166666666664,0.0,0.012142857142857143,0.0
0.05,29,8.821487426757812e-06,206,0,0,0,1.0,0.0,0.0,0.0,0.0,1.0,0.0,0.0,0.0,0.0,1.0,0.0,0.0,0.0,0.0,1.0,1.0,1.0,1.0,1.0,1.0,1.0,1.0,1.0,1.0,1.0,0.0,0.0,0.0,0.0,0.0,0.0,0.0,0.0,0.0,0.0,0.0,0.0,0.0,0.0,0.0,0.0025,0.0004716981132075472,0.05,0.0,0.0,0.0,0.004166666666666667,0.0007861635220125786,0.08333333333333333,0.0,0.0,0.0,0.0,0.005,0.0004901960784313725
0.05,30,8.52346420288086e-06,330,0,0,0,1.0,0.0,0.0,0.0,0.0,1.0,0.0,0.0,0.0,0.0,1.0,0.0,0.0,0.0,0.0,1.0,0.925,1.0,1.0,1.0,1.0,1.0,1.0,1.0,1.0,1.0,0.0035714285714285718,0.0,0.03571428571428571,0.0,0.0,0.0,0.005555555555555556,0.0,0.05555555555555555,0.0,0.0,0.0,0.0,0.008928571428571428,0.0,0.005,0.0004629629629629629,0.075,0.0,0.0,0.0,0.008333333333333333,0.0007716049382716049,0.125,0.0,0.0,0.0,0.0,0.01125,0.0004716981132075472
0.05,31,9.655952453613281e-06,531,0,0,0,1.0,0.0,0.0,0.0,0.0,1.0,0.0,0.0,0.0,0.0,1.0,0.0,0.0,0.0,0.0,1.0,1.0,1.0,1.0,1.0,1.0,1.0,1.0,1.0,1.0,1.0,0.0,0.0006157635467980296,0.03571428571428571,0.0,0.0,0.0,0.0,0.0009578544061302681,0.05555555555555555,0.0,0.0,0.0,0.0,0.0,0.0006377551020408163,0.0,0.0004310344827586207,0.025,0.0,0.0,0.0,0.0,0.0007183908045977011,0.041666666666666664,0.0,0.0,0.0,0.0,0.0,0.0004464285714285714
0.05,32,9.179115295410156e-06,708,0,0,0,1.0,0.0,0.0,0.0,0.0,1.0,0.0,0.0,0.0,0.0,1.0,0.0,0.0,0.0,0.0,1.0,0.85,1.0,1.0,1.0,1.0,1.0,1.0,1.0,1.0,1.0,0.005952380952380952,0.0,0.03571428571428571,0.0,0.0,0.0,0.009259259259259259,0.0,0.05555555555555555,0.0,0.0,0.0,0.0,0.008928571428571428,0.0,0.008362470862470862,0.0,0.075,0.0,0.0,0.0,0.013937451437451438,0.0,0.125,0.0,0.0,0.0,0.0,0.013392857142857142,0.0
0.05,33,9.655952453613281e-06,494,0,0,0,1.0,0.0,0.0,0.0,0.0,1.0,0.0,0.0,0.0,0.0,1.0,0.0,0.0,0.0,0.0,1.0,0.825,1.0,1.0,1.0,0.975,1.0,1.0,1.0,1.0,1.0,0.008477633477633478,0.0019634724416767355,0.21428571428571427,0.005555555555555555,0.0,0.1,0.010101010101010102,0.003054290464830478,0.2777777777777778,0.0,0.07142857142857142,0.034999999999999996,0.0,0.004464285714285714,0.0013300492610837436,0.013434343434343434,0.001805465191932336,0.25,0.003472222222222222,0.0,0.0625,0.020075757575757577,0.0030091086532205596,0.375,0.01282051282051282,0.047619047619047616,0.03229166666666666,0.0,0.008125,0.0013855799373040751
0.05,34,9.59634780883789e-06,1120,0,0,0,1.0,0.0,0.0,0.0,0.0,1.0,0.0,0.0,0.0,0.0,1.0,0.0,0.0,0.0,0.0,1.0,0.925,1.0,1.0,1.0,1.0,1.0,1.0,1.0,1.0,1.0,0.0035714285714285718,0.0,0.03571428571428571,0.0,0.0,0.0,0.005555555555555556,0.0,0.05555555555555555,0.0,0.0,0.0,0.0,0.008928571428571428,0.0,0.0025,0.0,0.025,0.0,0.0,0.0,0.004166666666666667,0.0,0.041666666666666664,0.0,0.0,0.0,0.0,0.00625,0.0
0.05,35,0.0005653798580169678,2000,3,0,0,1.0,0.0,0.0,0.0,0.0,1.0,0.0,0.0,0.0,0.0,1.0,0.0,0.0,0.0,0.0,1.0,0.925,1.0,1.0,1.0,1.0,1.0,1.0,1.0,1.0,1.0,0.006222943722943723,0.0006868131868131869,0.10714285714285714,0.0,0.0,0.0,0.009680134680134681,0.0010683760683760685,0.16666666666666666,0.0,0.0,0.0,0.0,0.009920634920634922,0.0007002801120448179,0.0062791375291375295,0.0004807692307692308,0.1,0.0,0.0,0.0,0.010465229215229216,0.0008012820512820514,0.16666666666666666,0.01282051282051282,0.0,0.0,0.0,0.006944444444444445,0.0004901960784313725
0.05,36,9.298324584960938e-06,422,0,0,0,1.0,0.0,0.0,0.0,0.0,1.0,0.0,0.0,0.0,0.0,1.0,0.0,0.0,0.0,0.0,1.0,1.0,1.0,1.0,1.0,1.0,1.0,1.0,1.0,1.0,1.0,0.012445887445887446,0.0026713939449788506,0.25,0.0,0.0,0.0,0.019360269360269362,0.004155501692189322,0.3888888888888889,0.07407407407407407,0.0,0.0,0.0,0.0,0.0026713939449788506,0.013135198135198135,0.002876416985317724,0.275,0.0,0.001358695652173913,0.0625,0.02189199689199689,0.003888231207413597,0.4166666666666667,0.0641025641025641,0.0,0.0,0.0,0.005,0.0028851521355623077
0.05,37,9.59634780883789e-06,722,0,0,0,1.0,0.0,0.0,0.0,0.0,1.0,0.0,0.0,0.0,0.0,1.0,0.0,0.0,0.0,0.0,1.0,0.925,1.0,1.0,1.0,1.0,1.0,1.0,1.0,1.0,1.0,0.004464285714285714,0.0,0.03571428571428571,0.0,0.0,0.0,0.006944444444444444,0.0,0.05555555555555555,0.0,0.0,0.0,0.0,0.008928571428571428,0.0,0.016411713286713286,0.0018867924528301887,0.275,0.0,0.0,0.0,0.027352855477855476,0.003144654088050314,0.4583333333333333,0.0,0.047619047619047616,0.010416666666666666,0.045454545454545456,0.024107142857142855,0.000980392156862745
0.05,38,6.973743438720703e-06,392,0,0,0,1.0,0.0,0.0,0.0,0.0,1.0,0.0,0.0,0.0,0.0,1.0,0.0,0.0,0.0,0.0,1.0,0.925,1.0,1.0,1.0,1.0,1.0,1.0,1.0,1.0,1.0,0.0,0.0012896179942373828,0.07142857142857142,0.0,0.0,0.0,0.0,0.0020060724354803734,0.1111111111111111,0.0,0.0,0.0,0.0,0.0,0.0012896179942373828,0.0016666666666666666,0.0013337670787247886,0.1,0.004166666666666667,0.0,0.0625,0.0,0.002222945131207981,0.125,0.004273504273504273,0.0,0.0,0.0,0.0,0.0013572780505116224
0.05,39,7.510185241699219e-06,246,0,0,0,1.0,0.0,0.0,0.0,0.0,1.0,0.0,0.0,0.0,0.0,1.0,0.0,0.0,0.0,0.0,1.0,0.925,1.0,1.0,1.0,1.0,1.0,1.0,1.0,1.0,1.0,0.010687229437229438,0.0019264898575243401,0.21428571428571427,0.0,0.0,0.0,0.016624579124579125,0.002996762000593418,0.3333333333333333,0.0,0.0,0.0,0.0,0.017998866213151925,0.0019484814127671269,0.011676864801864802,0.0022425403459886218,0.25,0.0,0.0,0.0,0.019461441336441336,0.0037375672433143693,0.4166666666666667,0.0,0.0,0.0,0.0,0.020337301587301588,0.0022901805566899907
0.05,40,9.417533874511719e-06,646,0,0,0,1.0,0.0,0.0,0.0,0.0,1.0,0.0,0.0,0.0,0.0,1.0,0.0,0.0,0.0,0.0,1.0,0.925,1.0,1.0,1.0,1.0,1.0,1.0,1.0,1.0,1.0,0.0,0.0,0.0,0.0,0.0,0.0,0.0,0.0,0.0,0.0,0.0,0.0,0.0,0.0,0.0,0.0,0.0004310344827586207,0.025,0.0,0.0,0.0,0.0,0.0007183908045977011,0.041666666666666664,0.0,0.0,0.0,0.0,0.0,0.00045454545454545455
0.05,41,9.506940841674805e-06,1286,0,0,0,1.0,0.0,0.0,0.0,0.0,1.0,0.0,0.0,0.0,0.0,1.0,0.0,0.0,0.0,0.0,1.0,0.85,1.0,1.0,1.0,1.0,1.0,1.0,1.0,1.0,1.0,0.0,0.000673854447439353,0.03571428571428571,0.0,0.0,0.0,0.0,0.0010482180293501049,0.05555555555555555,0.0,0.0,0.0,0.0,0.0,0.0007142857142857143,0.0,0.0004716981132075472,0.025,0.0,0.0,0.0,0.0,0.0007861635220125786,0.041666666666666664,0.0,0.0,0.0,0.0,0.0,0.0005
0.05,42,8.761882781982422e-06,552,0,0,0,1.0,0.0,0.0,0.0,0.0,1.0,0.0,0.0,0.0,0.0,1.0,0.0,0.0,0.0,0.0,1.0,0.85,1.0,1.0,1.0,1.0,1.0,1.0,1.0,1.0,1.0,0.003246753246753247,0.0,0.03571428571428571,0.0,0.0,0.0,0.005050505050505051,0.0,0.05555555555555555,0.0,0.0,0.0,0.0,0.004464285714285714,0.0,0.010635198135198134,0.0,0.125,0.0,0.0,0.0,0.017725330225330224,0.0,0.20833333333333334,0.0,0.0,0.0078125,0.0,0.01294642857142857,0.0
0.05,43,8.106231689453125e-06,816,0,0,0,1.0,0.0,0.0,0.0,0.0,1.0,0.0,0.0,0.0,0.0,1.0,0.0,0.0,0.0,0.0,1.0,0.925,1.0,1.0,1.0,1.0,1.0,1.0,1.0,1.0,1.0,0.0,0.0012771392081736908,0.07142857142857142,0.0,0.0,0.0,0.0,0.001986660990492408,0.1111111111111111,0.0,0.0,0.0,0.0,0.0,0.0012771392081736908,0.0025,0.0008939974457215837,0.075,0.0,0.0,0.0,0.004166666666666667,0.001489995742869306,0.125,0.0,0.0,0.0,0.0,0.005,0.0008939974457215837
0.05,44,9.47713851928711e-06,595,0,0,0,1.0,0.0,0.0,0.0,0.0,1.0,0.0,0.0,0.0,0.0,1.0,0.0,0.0,0.0,0.0,1.0,0.925,1.0,1.0,1.0,1.0,1.0,1.0,1.0,1.0,1.0,0.016143578643578644,0.0,0.14285714285714285,0.0,0.0,0.0,0.02511223344556678,0.0,0.2222222222222222,0.0,0.0,0.025,0.0,0.017006802721088433,0.0,0.016300505050505048,0.0010536823425022182,0.2,0.0,0.0026342058562555453,0.125,0.027167508417508413,0.0,0.25,0.0,0.0,0.015625,0.0,0.021904761904761906,0.0010753931544865865
0.05,45,8.702278137207031e-06,354,0,0,0,1.0,0.0,0.0,0.0,0.0,1.0,0.0,0.0,0.0,0.0,1.0,0.0,0.0,0.0,0.0,1.0,0.925,1.0,1.0,1.0,1.0,1.0,1.0,1.0,1.0,1.0,0.0,0.0,0.0,0.0,0.0,0.0,0.0,0.0,0.0,0.0,0.0,0.0,0.0,0.0,0.0,0.0,0.0,0.0,0.0,0.0,0.0,0.0,0.0,0.0,0.0,0.0,0.0,0.0,0.0,0.0
0.05,46,9.238719940185547e-06,359,0,0,0,1.0,0.0,0.0,0.0,0.0,1.0,0.0,0.0,0.0,0.0,1.0,0.0,0.0,0.0,0.0,1.0,1.0,1.0,1.0,1.0,1.0,1.0,1.0,1.0,1.0,1.0,0.0,0.000673854447439353,0.03571428571428571,0.0,0.0,0.0,0.0,0.0010482180293501049,0.05555555555555555,0.0,0.0,0.0,0.0,0.0,0.0007142857142857143,0.0,0.0009433962264150943,0.05,0.0,0.0,0.0,0.0,0.001572327044025157,0.08333333333333333,0.0,0.047619047619047616,0.0,0.0,0.0,0.0005
0.05,47,9.417533874511719e-06,452,0,0,0,1.0,0.0,0.0,0.0,0.0,1.0,0.0,0.0,0.0,0.0,1.0,0.0,0.0,0.0,0.0,1.0,1.0,1.0,1.0,1.0,1.0,1.0,1.0,1.0,1.0,1.0,0.0,0.0,0.0,0.0,0.0,0.0,0.0,0.0,0.0,0.0,0.0,0.0,0.0,0.0,0.0,0.0,0.0,0.0,0.0,0.0,0.0,0.0,0.0,0.0,0.0,0.0,0.0,0.0,0.0,0.0
0.05,48,8.255243301391602e-06,660,0,0,0,1.0,0.0,0.0,0.0,0.0,1.0,0.0,0.0,0.0,0.0,1.0,0.0,0.0,0.0,0.0,1.0,0.9,1.0,1.0,1.0,1.0,1.0,1.0,0.9947916666666667,0.9928571428571429,1.0,0.026154401154401152,0.0027083765291312464,0.39285714285714285,0.0,0.0,0.0,0.040684624017957347,0.004213030156426383,0.6111111111111112,0.0,0.0,0.016666666666666666,0.0,0.025793650793650792,0.0027083765291312464,0.009217171717171718,0.0004807692307692308,0.1,0.0,0.0,0.0,0.015361952861952863,0.0008012820512820514,0.16666666666666666,0.0,0.0,0.010416666666666666,0.0,0.007738095238095238,0.0004807692307692308
0.05,49,8.702278137207031e-06,501,0,0,0,1.0,0.0,0.0,0.0,0.0,1.0,0.0,0.0,0.0,0.0,1.0,0.0,0.0,0.0,0.0,1.0,0.925,1.0,1.0,1.0,1.0,1.0,1.0,1.0,1.0,1.0,0.007936507936507936,0.0,0.07142857142857142,0.0,0.0,0.0,0.012345679012345678,0.0,0.1111111111111111,0.0,0.0,0.016666666666666666,0.0,0.00510204081632653,0.0,0.005555555555555555,0.0,0.05,0.0,0.0,0.0,0.009259259259259259,0.0,0.08333333333333333,0.0,0.0,0.010416666666666666,0.0,0.0035714285714285713,0.0
0.1,0,8.672475814819336e-06,433,0,0,0,0.9642857142857143,0.0,0.0,0.0,0.03571428571428571,1.0,0.0,0.0,0.0,0.0,0.9444444444444444,0.0,0.0,0.0,0.05555555555555555,1.0,1.0,1.0,1.0,1.0,1.0,1.0,1.0,1.0,1.0,1.0,0.04706890331890331,0.007629245332085088,0.8214285714285714,0.006666666666666666,0.00392156862745098,0.3,0.06951459034792368,0.009689065723548483,1.1111111111111112,0.0,0.07142857142857142,0.0,0.0,0.06625566893424037,0.006586833293377981,0.037144036519036513,0.005340471732459562,0.625,0.004166666666666667,0.0024509803921568627,0.1875,0.05912894975394976,0.007266799292661361,0.9166666666666666,0.0,0.047619047619047616,0.0078125,0.0,0.05054563492063492,0.004610783305364586
0.1,1,9.685754776000977e-06,773,0,0,0,0.9285714285714286,0.0,0.0,0.0,0.07142857142857142,1.0,0.0,0.0,0.0,0.0,0.8888888888888888,0.0,0.0,0.0,0.1111111111111111,1.0,0.75,1.0,1.0,1.0,0.975,1.0,1.0,0.9895833333333333,1.0,1.0,0.08812269080126224,0.011846769626220055,1.5,0.018803418803418803,0.003963893249607535,0.5,0.1266333974667308,0.01622614539100479,2.0555555555555554,0.004629629629629629,0.07142857142857142,0.06666666666666667,0.03571428571428571,0.14716553287981857,0.01056362074338035,0.07387105949605949,0.009234313270062411,1.225,0.015224358974358974,0.0037529434850863417,0.4375,0.11296885984385983,0.012888559793379792,1.75,0.003205128205128205,0.047619047619047616,0.05989583333333333,0.022727272727272728,0.12264880952380952,0.008445936955668368
0.1,2,8.106231689453125e-06,608,0,0,0,0.9285714285714286,0.0,0.03571428571428571,0.0,0.03571428571428571,1.0,0.0,0.0,0.0,0.0,0.8888888888888888,0.0,0.05555555555555555,0.0,0.05555555555555555,1.0,1.0,1.0,1.0,1.0,0.975,1.0,1.0,0.9947916666666667,1.0,1.0,0.026587301587301583,0.00786086955958202,0.6428571428571429,0.0,0.0,0.0,0.04135802469135802,0.012228019314905365,1.0,0.0,0.03571428571428571,0.0125,0.0,0.03784013605442177,0.007332184446105485,0.026944444444444444,0.00851985007101776,0.675,0.0,0.0,0.0,0.0449074074074074,0.014199750118362933,1.125,0.0,0.023809523809523808,0.0390625,0.0,0.034821428571428566,0.008314347294092021
0.1,3,8.165836334228516e-06,703,0,0,0,0.9642857142857143,0.0,0.0,0.0,0.03571428571428571,1.0,0.0,0.0,0.0,0.0,0.9444444444444444,0.0,0.0,0.0,0.05555555555555555,1.0,0.925,1.0,1.0,1.0,1.0,1.0,1.0,1.0,1.0,1.0,0.03319111444111444,0.0,0.35714285714285715,0.020940170940170942,0.0,0.3,0.03999719416386083,0.0,0.3888888888888889,0.0,0.0,0.06999999999999999,0.0,0.04180839002267574,0.0,0.03968538406038406,0.0004901960784313725,0.5,0.024496336996336996,0.0,0.375,0.049811415436415436,0.0008169934640522876,0.5833333333333334,0.0,0.0,0.07083333333333333,0.0,0.0503968253968254,0.0004901960784313725
0.1,4,9.47713851928711e-06,657,0,0,0,0.9642857142857143,0.0,0.0,0.0,0.03571428571428571,1.0,0.0,0.0,0.0,0.0,0.9444444444444444,0.0,0.0,0.0,0.05555555555555555,1.0,0.85,1.0,1.0,1.0,1.0,1.0,1.0,0.9875,1.0,1.0,0.034866522366522365,0.0041893797306991895,0.7142857142857143,0.04444444444444444,0.004347826086956522,1.0,0.02954545454545454,0.004101353977222894,0.5555555555555556,0.009259259259259259,0.0,0.0,0.03571428571428571,0.07043650793650794,0.0035119179762036906,0.02496212121212121,0.004600193737568322,0.5,0.0,0.0,0.0,0.04160353535353535,0.00766698956261387,0.8333333333333334,0.01282051282051282,0.0,0.010416666666666666,0.045454545454545456,0.03763888888888889,0.0042405697900980924
0.1,5,9.119510650634766e-06,663,0,0,0,1.0,0.0,0.0,0.0,0.0,1.0,0.0,0.0,0.0,0.0,1.0,0.0,0.0,0.0,0.0,1.0,0.925,1.0,1.0,1.0,1.0,1.0,1.0,1.0,1.0,1.0,0.02616341991341991,0.002066015509765333,0.35714285714285715,0.005555555555555555,0.002173913043478261,0.2,0.03761223344556677,0.0020060724354803734,0.4444444444444444,0.0,0.10714285714285714,0.0,0.0,0.051587301587301584,0.0008116883116883117,0.05649912587412588,0.0077660920587924055,1.075,0.034722222222222224,0.006567028985507246,0.875,0.07101706164206163,0.008565467440982513,1.2083333333333333,0.004273504273504273,0.14285714285714285,0.018229166666666664,0.09090909090909091,0.09995039682539683,0.004549238220159419
0.1,6,9.298324584960938e-06,686,0,0,0,0.9285714285714286,0.0,0.07142857142857142,0.0,0.0,1.0,0.0,0.0,0.0,0.0,0.8888888888888888,0.0,0.1111111111111111,0.0,0.0,1.0,0.925,1.0,1.0,1.0,0.975,1.0,1.0,0.984375,0.9952380952380953,1.0,0.025255102040816324,0.007728106238533249,0.6428571428571429,0.007142857142857143,0.0,0.1,0.03531746031746032,0.012021498593273942,0.9444444444444444,0.018518518518518517,0.0,0.0,0.07142857142857142,0.0625,0.007197914519343091,0.0421844474969475,0.005022052074869851,0.675,0.016183035714285712,0.0013020833333333333,0.3125,0.05951872201872201,0.007502031235894195,0.9166666666666666,0.02564102564102564,0.023809523809523808,0.0078125,0.09090909090909091,0.0819345238095238,0.003676884390119684
0.1,7,9.059906005859375e-06,655,0,0,0,1.0,0.0,0.0,0.0,0.0,1.0,0.0,0.0,0.0,0.0,1.0,0.0,0.0,0.0,0.0,1.0,0.85,1.0,1.0,1.0,1.0,1.0,1.0,1.0,1.0,1.0,0.044333642547928265,0.0019725557461406514,0.5357142857142857,0.0,0.0,0.0,0.06896344396344396,0.0030684200495521246,0.8333333333333334,0.05555555555555555,0.0,0.025,0.0,0.043424036281179135,0.0019725557461406514,0.041963036963036965,0.0018437519852614191,0.525,0.0,0.0,0.0,0.06993839493839495,0.0030729199754356983,0.875,0.05128205128205128,0.0,0.033854166666666664,0.045454545454545456,0.0385218253968254,0.0013807890222984562
0.1,8,8.046627044677734e-06,438,0,0,0,1.0,0.0,0.0,0.0,0.0,1.0,0.0,0.0,0.0,0.0,1.0,0.0,0.0,0.0,0.0,1.0,0.925,1.0,1.0,1.0,1.0,1.0,1.0,0.9895833333333333,1.0,1.0,0.0367063492063492,0.007200205040727066,0.6428571428571429,0.0,0.00196078431372549,0.1,0.05709876543209876,0.01011099433350572,0.9444444444444444,0.0,0.07142857142857142,0.0,0.0,0.04081632653061224,0.006063235474575482,0.013063325563325562,0.0023638939835981436,0.25,0.0,0.0024509803921568627,0.125,0.02177220927220927,0.002305836377892331,0.3333333333333333,0.0,0.07142857142857142,0.018229166666666664,0.0,0.015476190476190477,0.0015027355281735336
0.1,9,9.417533874511719e-06,940,0,0,0,0.9642857142857143,0.0,0.0,0.0,0.03571428571428571,1.0,0.0,0.0,0.0,0.0,0.9444444444444444,0.0,0.0,0.0,0.05555555555555555,1.0,0.75,1.0,1.0,1.0,0.925,1.0,1.0,1.0,1.0,1.0,0.030328798185941048,0.006133866133866134,0.6785714285714286,0.012698412698412698,0.002,0.3,0.040123456790123455,0.00843045843045843,0.8888888888888888,0.018518518518518517,0.07142857142857142,0.016666666666666666,0.07142857142857142,0.04931972789115646,0.004798659945718769,0.05213924963924964,0.007057025891768898,0.95,0.007936507936507936,0.00125,0.1875,0.08160774410774412,0.010928376486281496,1.4583333333333333,0.01282051282051282,0.047619047619047616,0.05208333333333333,0.09090909090909091,0.07392857142857143,0.0057094709869404655
0.1,10,9.268522262573242e-06,714,0,0,0,0.9642857142857143,0.0,0.0,0.0,0.03571428571428571,1.0,0.0,0.0,0.0,0.0,0.9444444444444444,0.0,0.0,0.0,0.05555555555555555,1.0,0.85,1.0,1.0,1.0,0.975,1.0,1.0,1.0,1.0,1.0,0.03970906544435956,0.003926944883353471,0.6428571428571429,0.011437908496732025,0.0,0.2,0.055415263748597086,0.006108580929660956,0.8888888888888888,0.0,0.0,0.0375,0.0,0.038477891156462586,0.003948936438596258,0.06233305909776497,0.010417242513285225,1.225,0.01548202614379085,0.0,0.25,0.09356708106708107,0.017362070855475375,1.875,0.0,0.047619047619047616,0.06249999999999999,0.09090909090909091,0.07244047619047618,0.008394363467868959
0.1,11,8.881092071533203e-06,374,0,0,0,1.0,0.0,0.0,0.0,0.0,1.0,0.0,0.0,0.0,0.0,1.0,0.0,0.0,0.0,0.0,1.0,0.85,1.0,1.0,1.0,1.0,1.0,1.0,1.0,1.0,1.0,0.01343795093795094,0.004164730466919492,0.39285714285714285,0.01111111111111111,0.004173913043478261,0.4,0.01473063973063973,0.004159629035497953,0.3888888888888889,0.0,0.0,0.01,0.14285714285714285,0.020337301587301588,0.0029726656322401008,0.015969065656565657,0.0043847155136391355,0.425,0.010850694444444444,0.003967391304347826,0.375,0.01938131313131313,0.004662931653166675,0.4583333333333333,0.01282051282051282,0.0,0.00625,0.13636363636363635,0.023402777777777776,0.0030960423166451825
0.1,12,8.821487426757812e-06,531,0,0,0,1.0,0.0,0.0,0.0,0.0,1.0,0.0,0.0,0.0,0.0,1.0,0.0,0.0,0.0,0.0,1.0,0.85,1.0,1.0,1.0,1.0,1.0,1.0,1.0,1.0,1.0,0.004464285714285714,0.0034011401574936422,0.21428571428571427,0.0,0.003963893249607535,0.2,0.006944444444444444,0.0030884995507637018,0.2222222222222222,0.0,0.17857142857142858,0.0,0.0,0.00510204081632653,0.0013636363636363635,0.022766608391608392,0.00337332955678643,0.4,0.0,0.0037795166143380424,0.1875,0.03794434731934732,0.003102538185085355,0.5416666666666666,0.0,0.14285714285714285,0.02864583333333333,0.0,0.029642857142857144,0.0014353146853146855
0.1,13,9.953975677490234e-06,1177,0,0,0,1.0,0.0,0.0,0.0,0.0,1.0,0.0,0.0,0.0,0.0,1.0,0.0,0.0,0.0,0.0,1.0,0.925,1.0,1.0,1.0,1.0,1.0,1.0,1.0,1.0,1.0,0.024891774891774892,0.0035106915234068637,0.42857142857142855,0.0,0.002173913043478261,0.1,0.03872053872053872,0.00425334623447831,0.6111111111111112,0.0,0.0,0.0,0.0,0.03472222222222222,0.003586413586413587,0.02696969696969697,0.0033514815121063884,0.45,0.0,0.001358695652173913,0.0625,0.044949494949494954,0.0046800054187280385,0.7083333333333334,0.0,0.0,0.010416666666666666,0.01515151515151515,0.037043650793650795,0.0029821876236970574
0.1,14,9.506940841674805e-06,726,0,0,0,1.0,0.0,0.0,0.0,0.0,1.0,0.0,0.0,0.0,0.0,1.0,0.0,0.0,0.0,0.0,1.0,1.0,1.0,1.0,1.0,1.0,1.0,1.0,0.9791666666666667,0.9952380952380953,1.0,0.053983714698000416,0.005039777932820967,0.7142857142857143,0.005555555555555555,0.0,0.1,0.08088824755491422,0.007839654562165947,1.0555555555555556,0.09788359788359788,0.07142857142857142,0.0,0.0,0.04081632653061224,0.003909871076313125,0.027468087468087467,0.0018037066219401938,0.375,0.003472222222222222,0.0,0.0625,0.04346533096533097,0.0030061777032336563,0.5833333333333334,0.08058608058608059,0.0,0.0,0.0,0.020476190476190474,0.0018521694936789277
0.1,15,9.298324584960938e-06,779,0,0,0,1.0,0.0,0.0,0.0,0.0,1.0,0.0,0.0,0.0,0.0,1.0,0.0,0.0,0.0,0.0,1.0,0.925,1.0,1.0,1.0,1.0,1.0,1.0,0.9895833333333333,1.0,1.0,0.029761904761904764,0.0024850457424349047,0.32142857142857145,0.0,0.0,0.0,0.0462962962962963,0.0038656267104542966,0.5,0.0,0.03571428571428571,0.0,0.0,0.029761904761904764,0.001924860853432282,0.02412004662004662,0.008017996561018682,0.675,0.0,0.0,0.0,0.0402000777000777,0.013363327601697804,1.125,0.0,0.047619047619047616,0.010416666666666666,0.09090909090909091,0.03809523809523809,0.006027342755283932
0.1,16,8.821487426757812e-06,693,0,0,0,0.9642857142857143,0.0,0.0,0.0,0.03571428571428571,1.0,0.0,0.0,0.0,0.0,0.9444444444444444,0.0,0.0,0.0,0.05555555555555555,1.0,0.775,1.0,1.0,1.0,1.0,1.0,1.0,1.0,1.0,1.0,0.011082766439909297,0.0006493506493506494,0.17857142857142858,0.012698412698412698,0.0,0.2,0.010185185185185186,0.00101010101010101,0.16666666666666666,0.0,0.0,0.0225,0.0,0.01488095238095238,0.0006493506493506494,0.03952561327561327,0.0032323232323232323,0.6,0.015575396825396826,0.0,0.25,0.05549242424242423,0.0053872053872053875,0.8333333333333334,0.0,0.0,0.04010416666666666,0.0,0.06398809523809523,0.0032497935328124005
0.1,17,9.59634780883789e-06,1614,0,0,0,1.0,0.0,0.0,0.0,0.0,1.0,0.0,0.0,0.0,0.0,1.0,0.0,0.0,0.0,0.0,1.0,0.925,1.0,1.0,1.0,1.0,1.0,1.0,0.9947916666666667,1.0,1.0,0.03337585034013605,0.0026947377959371964,0.5,0.0,0.002173913043478261,0.1,0.05191798941798941,0.002984084880636605,0.7222222222222222,0.0,0.0,0.016666666666666666,0.0,0.04965986394557823,0.002743495517329189,0.046783841158841155,0.004807119216604263,0.725,0.0,0.003942881500426257,0.1875,0.07797306859806859,0.005383277694056267,1.0833333333333333,0.0,0.047619047619047616,0.049479166666666664,0.022727272727272728,0.06324404761904762,0.003925819314638917
0.1,18,9.298324584960938e-06,602,0,0,0,0.9642857142857143,0.0,0.0,0.0,0.03571428571428571,1.0,0.0,0.0,0.0,0.0,0.9444444444444444,0.0,0.0,0.0,0.05555555555555555,1.0,0.85,1.0,1.0,1.0,1.0,1.0,1.0,1.0,1.0,1.0,0.016414141414141416,0.004145669752724716,0.35714285714285715,0.0,0.002173913043478261,0.1,0.0255331088664422,0.005241090146750524,0.5,0.018518518518518517,0.07142857142857142,0.025,0.03571428571428571,0.013392857142857142,0.002954545454545455,0.02836084054834055,0.004397914431753644,0.5,0.008370535714285714,0.002717391304347826,0.25,0.04168771043771044,0.005518263183357523,0.6666666666666666,0.0641025641025641,0.047619047619047616,0.026041666666666664,0.11363636363636363,0.043541666666666666,0.002568181818181818
0.1,19,9.179115295410156e-06,815,0,0,0,0.9642857142857143,0.0,0.03571428571428571,0.0,0.0,1.0,0.0,0.0,0.0,0.0,0.9444444444444444,0.0,0.05555555555555555,0.0,0.0,1.0,1.0,1.0,1.0,1.0,0.95,1.0,1.0,0.9895833333333333,0.9976190476190476,1.0,0.050346578025149455,0.0013232050967900025,0.5714285714285714,0.005555555555555555,0.0,0.1,0.07523047939714606,0.002058319039451115,0.8333333333333334,0.09259259259259259,0.0,0.016666666666666666,0.0,0.06313775510204081,0.0013352301088150143,0.04969481906981907,0.0009262435677530017,0.55,0.003472222222222222,0.0,0.0625,0.08050988363488364,0.0015437392795883363,0.875,0.08974358974358974,0.0,0.010416666666666666,0.0,0.06443452380952382,0.00093466107617051
0.1,20,5.617737770080566e-06,828,0,0,0,1.0,0.0,0.0,0.0,0.0,1.0,0.0,0.0,0.0,0.0,1.0,0.0,0.0,0.0,0.0,1.0,0.925,1.0,1.0,1.0,1.0,1.0,1.0,1.0,1.0,1.0,0.008773964131106987,0.0032510581463783433,0.2857142857142857,0.007142857142857143,0.0019230769230769232,0.2,0.009680134680134681,0.003988825492656911,0.3333333333333333,0.0,0.03571428571428571,0.0,0.0,0.022321428571428572,0.002712989957887917,0.014760656010656011,0.006280263531432422,0.5,0.004464285714285714,0.007798991252019201,0.4375,0.021624902874902877,0.005267778384374568,0.5416666666666666,0.0,0.07142857142857142,0.018229166666666664,0.022727272727272728,0.02336309523809524,0.004393062290782904
0.1,21,7.748603820800781e-06,868,0,0,0,0.9285714285714286,0.0,0.07142857142857142,0.0,0.0,1.0,0.0,0.0,0.0,0.0,0.8888888888888888,0.0,0.1111111111111111,0.0,0.0,1.0,0.85,1.0,1.0,1.0,0.975,1.0,1.0,0.9895833333333333,0.9738095238095238,1.0,0.05219155844155844,0.01396639307341975,1.2857142857142858,0.0,0.0,0.0,0.0811868686868687,0.021725500336430722,2.0,0.0,0.14285714285714285,0.0375,0.0,0.0679563492063492,0.012395117198072863,0.06754370629370629,0.01056179009064213,1.275,0.004166666666666667,0.0,0.0625,0.10979506604506604,0.01760298348440355,2.0833333333333335,0.0,0.09523809523809523,0.05208333333333333,0.08333333333333333,0.10486111111111111,0.008579658734324048
0.1,22,7.987022399902344e-06,917,0,0,0,0.9642857142857143,0.0,0.03571428571428571,0.0,0.0,1.0,0.0,0.0,0.0,0.0,0.9444444444444444,0.0,0.05555555555555555,0.0,0.0,1.0,1.0,1.0,1.0,1.0,1.0,1.0,1.0,0.9739583333333333,1.0,1.0,0.059508745223030936,0.00592971842971843,0.8928571428571429,0.007692307692307693,0.0,0.1,0.08829565496232163,0.009224006446228668,1.3333333333333333,0.018518518518518517,0.0,0.01,0.0,0.08779761904761905,0.00592971842971843,0.06280511155511155,0.006764956801554069,0.975,0.00827991452991453,0.0,0.125,0.09915524290524291,0.011274928002590114,1.5416666666666667,0.01282051282051282,0.047619047619047616,0.05833333333333333,0.0303030303030303,0.09642857142857142,0.0055857405122111
0.1,23,7.748603820800781e-06,707,0,0,0,0.9642857142857143,0.0,0.0,0.0,0.03571428571428571,1.0,0.0,0.0,0.0,0.0,0.9444444444444444,0.0,0.0,0.0,0.05555555555555555,1.0,0.9,1.0,1.0,1.0,1.0,1.0,1.0,1.0,0.9833333333333334,1.0,0.052182539682539685,0.007185062198673813,0.8571428571428571,0.0,0.0,0.0,0.08117283950617285,0.011176763420159266,1.3333333333333333,0.018518518518518517,0.0,0.04583333333333333,0.0,0.05909863945578231,0.007285577066075472,0.048118686868686866,0.0045040906551282196,0.675,0.0,0.0,0.0,0.08019781144781145,0.007506817758547032,1.125,0.0,0.0,0.028645833333333332,0.0,0.0662797619047619,0.0045632850897116654
0.1,24,6.9141387939453125e-06,687,0,0,0,0.9642857142857143,0.0,0.03571428571428571,0.0,0.0,1.0,0.0,0.0,0.0,0.0,0.9444444444444444,0.0,0.05555555555555555,0.0,0.0,1.0,0.975,1.0,1.0,1.0,0.925,1.0,1.0,1.0,0.9976190476190476,1.0,0.04292929292929293,0.005314009949663821,0.75,0.0,0.0,0.0,0.06677890011223345,0.008266237699477054,1.1666666666666667,0.0,0.0,0.05,0.0,0.049886621315192746,0.005336001504906608,0.06550505050505051,0.010708781619182215,1.275,0.0,0.0012755102040816326,0.0625,0.10917508417508419,0.01699762922924927,2.0833333333333335,0.0,0.047619047619047616,0.09375,0.0,0.07194444444444445,0.010466447045106384
0.1,25,6.467103958129883e-06,380,0,0,0,1.0,0.0,0.0,0.0,0.0,1.0,0.0,0.0,0.0,0.0,1.0,0.0,0.0,0.0,0.0,1.0,0.925,1.0,1.0,0.975,1.0,1.0,1.0,1.0,1.0,1.0,0.006448412698412698,0.0012531328320802004,0.14285714285714285,0.005555555555555555,0.0,0.1,0.006944444444444444,0.001949317738791423,0.16666666666666666,0.0,0.0,0.0,0.0,0.011054421768707483,0.0012755102040816326,0.01587752525252525,0.0029393418312614376,0.325,0.003472222222222222,0.0026086956521739132,0.1875,0.024147727272727276,0.0031597726173197872,0.4166666666666667,0.0,0.0,0.010416666666666666,0.0,0.0244047619047619,0.003033907122777555
0.1,26,6.467103958129883e-06,834,0,0,0,1.0,0.0,0.0,0.0,0.0,1.0,0.0,0.0,0.0,0.0,1.0,0.0,0.0,0.0,0.0,1.0,1.0,1.0,1.0,1.0,1.0,1.0,1.0,0.9947916666666667,1.0,1.0,0.05309085755514326,0.005345084809370523,0.8214285714285714,0.005555555555555555,0.0,0.1,0.07949935866602534,0.008314576370131924,1.2222222222222223,0.0,0.0,0.01,0.0,0.08941326530612245,0.005368705368705368,0.04985299422799423,0.0027444083694083696,0.65,0.007638888888888889,0.0,0.125,0.07799573112073112,0.004574013949013949,1.0,0.0,0.0,0.042708333333333334,0.0,0.06845238095238096,0.0027784130614319294
0.1,27,7.450580596923828e-06,488,0,0,0,1.0,0.0,0.0,0.0,0.0,1.0,0.0,0.0,0.0,0.0,1.0,0.0,0.0,0.0,0.0,1.0,0.925,1.0,1.0,1.0,0.95,1.0,1.0,1.0,1.0,1.0,0.02142857142857143,0.0032859353489939386,0.39285714285714285,0.0,0.0,0.0,0.03333333333333333,0.005111454987323905,0.6111111111111112,0.0,0.0,0.04583333333333332,0.0,0.015306122448979591,0.003297124034994655,0.05807400932400932,0.0070685865791576125,1.025,0.0,0.0,0.0,0.09679001554001554,0.011780977631929354,1.7083333333333333,0.05128205128205128,0.047619047619047616,0.09374999999999999,0.0,0.04375,0.006704818627543378
0.1,28,9.298324584960938e-06,1199,0,0,0,1.0,0.0,0.0,0.0,0.0,1.0,0.0,0.0,0.0,0.0,1.0,0.0,0.0,0.0,0.0,1.0,0.925,1.0,1.0,1.0,1.0,1.0,1.0,1.0,1.0,1.0,0.03155871905871906,0.0013107263107263107,0.39285714285714285,0.015384615384615385,0.0,0.2,0.04054433221099888,0.00203890759446315,0.5,0.0,0.0,0.02,0.0,0.04010770975056689,0.0013227513227513227,0.03981116106116106,0.004138403916380495,0.65,0.017551892551892552,0.0,0.25,0.0546506734006734,0.006897339860634157,0.9166666666666666,0.0,0.047619047619047616,0.028125,0.0,0.05706349206349206,0.003787107105087127
0.1,29,3.987550735473633e-05,2000,2,1,0,1.0,0.0,0.0,0.0,0.0,1.0,0.0,0.0,0.0,0.0,1.0,0.0,0.0,0.0,0.0,1.0,0.925,1.0,1.0,1.0,0.975,1.0,1.0,0.9791666666666667,0.9928571428571429,1.0,0.04270382395382395,0.007921597055439088,0.8571428571428571,0.0,0.002127659574468085,0.1,0.06642817059483727,0.011140451211534091,1.2777777777777777,0.0,0.03571428571428571,0.0125,0.0,0.0751842403628118,0.007411329118576888,0.04015782828282828,0.0064511986228646245,0.775,0.0,0.0013297872340425532,0.0625,0.06692971380471381,0.009865472882079339,1.25,0.0,0.023809523809523808,0.03125,0.01515151515151515,0.055992063492063496,0.005751093675911843
0.1,30,7.867813110351562e-06,587,0,0,0,0.9285714285714286,0.0,0.0,0.0,0.07142857142857142,1.0,0.0,0.0,0.0,0.0,0.8888888888888888,0.0,0.0,0.0,0.1111111111111111,1.0,0.875,1.0,1.0,1.0,0.9,1.0,1.0,0.96875,0.9857142857142858,1.0,0.06747230943659514,0.0062997347480106105,0.8571428571428571,0.007692307692307693,0.0,0.1,0.10068342151675486,0.009799587385794282,1.2777777777777777,0.0,0.07142857142857142,0.0,0.0,0.13639455782312923,0.0051171330601206,0.08725101287601288,0.01188070456149028,1.475,0.004807692307692308,0.0,0.0625,0.14221322658822658,0.019801174269150467,2.4166666666666665,0.0,0.14285714285714285,0.041666666666666664,0.045454545454545456,0.1532142857142857,0.009975326144443792
0.1,31,9.000301361083984e-06,555,0,0,0,1.0,0.0,0.0,0.0,0.0,1.0,0.0,0.0,0.0,0.0,1.0,0.0,0.0,0.0,0.0,1.0,1.0,1.0,1.0,1.0,1.0,1.0,1.0,1.0,1.0,1.0,0.003246753246753247,0.006790891205954082,0.39285714285714285,0.0,0.004214729370008873,0.2,0.005050505050505051,0.008222092225923645,0.5,0.0,0.0,0.0,0.0,0.003968253968253968,0.006895708099124249,0.008202214452214453,0.005656356440134026,0.4,0.0,0.0026342058562555453,0.125,0.013670357420357422,0.007671123496053012,0.5833333333333334,0.0,0.0,0.010416666666666666,0.0,0.00992063492063492,0.005771737202363801
0.1,32,7.3909759521484375e-06,546,0,0,0,1.0,0.0,0.0,0.0,0.0,1.0,0.0,0.0,0.0,0.0,1.0,0.0,0.0,0.0,0.0,1.0,1.0,1.0,1.0,1.0,1.0,1.0,1.0,1.0,1.0,1.0,0.031746031746031744,0.0012896179942373828,0.32142857142857145,0.01111111111111111,0.0,0.2,0.043209876543209874,0.0020060724354803734,0.3888888888888889,0.0,0.0,0.0,0.0,0.047619047619047616,0.0013300492610837436,0.04391414141414142,0.002789525048796356,0.575,0.010416666666666666,0.0,0.1875,0.06624579124579125,0.004649208414660593,0.8333333333333334,0.0,0.047619047619047616,0.03125,0.045454545454545456,0.05848214285714285,0.0019114266396213658
0.1,33,9.775161743164062e-06,629,0,0,0,0.9642857142857143,0.0,0.03571428571428571,0.0,0.0,1.0,0.0,0.0,0.0,0.0,0.9444444444444444,0.0,0.05555555555555555,0.0,0.0,1.0,0.975,1.0,1.0,1.0,0.975,1.0,1.0,1.0,0.9976190476190476,1.0,0.03192640692640693,0.006019557865686689,0.6785714285714286,0.0,0.0,0.0,0.04966329966329966,0.00936375667995707,1.0555555555555556,0.0,0.07142857142857142,0.025,0.0,0.041666666666666664,0.005569851307721928,0.03176823176823177,0.006783208879367774,0.725,0.012797619047619047,0.006377551020408163,0.5,0.04441530691530691,0.007053647452007512,0.875,0.003663003663003663,0.09523809523809523,0.041666666666666664,0.0,0.04527777777777778,0.005513138561480239
0.1,34,8.374452590942383e-06,291,0,0,0,1.0,0.0,0.0,0.0,0.0,1.0,0.0,0.0,0.0,0.0,1.0,0.0,0.0,0.0,0.0,1.0,0.925,1.0,1.0,1.0,1.0,1.0,1.0,1.0,1.0,1.0,0.012896825396825396,0.0024630541871921183,0.2857142857142857,0.0,0.0,0.0,0.020061728395061727,0.0038314176245210726,0.4444444444444444,0.018518518518518517,0.0,0.0125,0.0,0.011054421768707483,0.0025070372976776917,0.02232323232323232,0.0017241379310344827,0.35,0.004166666666666667,0.0,0.0625,0.034427609427609425,0.0028735632183908046,0.5416666666666666,0.01282051282051282,0.0,0.013020833333333332,0.0,0.028601190476190474,0.001754926108374384
0.1,35,8.970499038696289e-06,475,0,0,0,0.9642857142857143,0.0,0.0,0.03571428571428571,0.0,1.0,0.0,0.0,0.0,0.0,0.9444444444444444,0.0,0.0,0.05555555555555555,0.0,0.95,0.975,1.0,1.0,0.975,1.0,1.0,1.0,0.9895833333333333,0.9976190476190476,0.9972222222222222,0.0705532212885154,0.011770557029177718,1.1428571428571428,0.0058823529411764705,0.0,0.1,0.10648148148148148,0.018309755378720895,1.7222222222222223,0.046296296296296294,0.0,0.0,0.0,0.07142857142857142,0.012069914172565577,0.04524972576443165,0.009764727880375246,0.925,0.003676470588235294,0.0,0.0625,0.0729652292152292,0.016274546467292077,1.5,0.04487179487179487,0.0,0.020833333333333332,0.045454545454545456,0.038571428571428576,0.00957348863423053
0.1,36,9.715557098388672e-06,628,0,0,0,1.0,0.0,0.0,0.0,0.0,1.0,0.0,0.0,0.0,0.0,1.0,0.0,0.0,0.0,0.0,0.975,0.925,1.0,1.0,1.0,1.0,1.0,1.0,0.96875,0.9880952380952381,0.9916666666666667,0.031517094017094016,0.008203440372224402,0.7142857142857143,0.007692307692307693,0.0,0.1,0.04475308641975309,0.012760907245682402,1.0555555555555556,0.005291005291005291,0.03571428571428571,0.016666666666666666,0.0,0.028911564625850338,0.007774797953369382,0.025841103341103344,0.004151035345176358,0.475,0.004807692307692308,0.0,0.0625,0.03986337736337736,0.006918392241960596,0.75,0.003663003663003663,0.0,0.02864583333333333,0.045454545454545456,0.03047619047619048,0.003758078178860643
0.1,37,9.775161743164062e-06,1442,0,0,0,1.0,0.0,0.0,0.0,0.0,1.0,0.0,0.0,0.0,0.0,1.0,0.0,0.0,0.0,0.0,1.0,0.925,1.0,1.0,1.0,0.975,1.0,1.0,1.0,1.0,1.0,0.006493506493506494,0.0033355747116251317,0.25,0.0,0.00196078431372549,0.1,0.010101010101010102,0.00409934715490271,0.3333333333333333,0.0,0.0,0.0,0.0,0.007936507936507936,0.0033892200458827105,0.00909090909090909,0.005614623425365321,0.4,0.0,0.0012254901960784314,0.0625,0.015151515151515152,0.008540712244889915,0.625,0.0,0.047619047619047616,0.020833333333333332,0.0,0.007142857142857143,0.005277979878820215
0.1,38,9.59634780883789e-06,902,0,0,0,0.9642857142857143,0.0,0.0,0.0,0.03571428571428571,1.0,0.0,0.0,0.0,0.0,0.9444444444444444,0.0,0.0,0.0,0.05555555555555555,1.0,0.85,1.0,1.0,1.0,1.0,1.0,1.0,1.0,1.0,1.0,0.001984126984126984,0.0033767418204916433,0.21428571428571427,0.005555555555555555,0.002173913043478261,0.2,0.0,0.0040449800299435235,0.2222222222222222,0.0,0.03571428571428571,0.0,0.10714285714285714,0.005952380952380952,0.0012771392081736908,0.011924603174603175,0.004316586778384954,0.375,0.012103174603174604,0.0038596960523339767,0.375,0.011805555555555555,0.004621180595752272,0.375,0.0,0.023809523809523808,0.015625,0.08333333333333333,0.03729166666666667,0.0025059072683446897
0.1,39,7.37607479095459e-06,1982,0,0,0,0.9285714285714286,0.0,0.07142857142857142,0.0,0.0,1.0,0.0,0.0,0.0,0.0,0.8888888888888888,0.0,0.1111111111111111,0.0,0.0,1.0,0.95,1.0,1.0,1.0,0.9,1.0,1.0,0.9947916666666667,0.9952380952380953,1.0,0.0683080808080808,0.013767397900622338,1.4642857142857142,0.006666666666666666,0.002127659574468085,0.2,0.10255331088664421,0.020233919192930255,2.1666666666666665,0.0,0.07142857142857142,0.05,0.0,0.10381235827664399,0.013258559276707604,0.0867334054834055,0.01563572634067017,1.725,0.01755952380952381,0.005131870567375887,0.5,0.1328493265993266,0.022638296856199697,2.5416666666666665,0.01648351648351648,0.09523809523809523,0.09895833333333334,0.0,0.1272222222222222,0.015083440788494388
0.1,40,0.0014734268188476562,2000,3,1,1,0.9642857142857143,0.0,0.0,0.0,0.03571428571428571,1.0,0.0,0.0,0.0,0.0,0.9444444444444444,0.0,0.0,0.0,0.05555555555555555,1.0,1.0,1.0,1.0,1.0,1.0,1.0,1.0,1.0,1.0,1.0,0.050099206349206345,0.004621933826553215,0.7857142857142857,0.01944444444444444,0.0019230769230769232,0.4,0.06712962962962964,0.0061212987729289325,1.0,0.0,0.0,0.07083333333333333,0.0,0.09948979591836735,0.004711412694181273,0.046516608391608386,0.004762079833329586,0.775,0.020432692307692308,0.003919314381270903,0.5,0.06390588578088578,0.005323923468035375,0.9583333333333334,0.0,0.0,0.07552083333333333,0.0,0.08901785714285715,0.004913376215892114
0.1,41,9.47713851928711e-06,819,0,0,0,0.9642857142857143,0.0,0.0,0.0,0.03571428571428571,1.0,0.0,0.0,0.0,0.0,0.9444444444444444,0.0,0.0,0.0,0.05555555555555555,1.0,0.925,1.0,1.0,1.0,1.0,1.0,1.0,1.0,1.0,1.0,0.010317460317460317,0.002715366159115982,0.25,0.006666666666666666,0.002173913043478261,0.2,0.012345679012345678,0.003016173445581383,0.2777777777777778,0.0,0.03571428571428571,0.0,0.0,0.01913265306122449,0.0019389686435880317,0.018547008547008546,0.0033256134659830697,0.4,0.011805555555555555,0.001358695652173913,0.25,0.023041310541310544,0.004636892008522508,0.5,0.0,0.023809523809523808,0.005208333333333333,0.0,0.032678571428571425,0.0028093683205819143
0.1,42,0.002548694610595703,2000,3,0,0,0.9642857142857143,0.0,0.03571428571428571,0.0,0.0,1.0,0.0,0.0,0.0,0.0,0.9444444444444444,0.0,0.05555555555555555,0.0,0.0,1.0,0.8,1.0,1.0,1.0,0.975,1.0,1.0,0.984375,0.980952380952381,1.0,0.03273809523809524,0.008279134658445004,0.7857142857142857,0.0,0.002,0.1,0.05092592592592593,0.011767542802025561,1.1666666666666667,0.037037037037037035,0.0,0.0125,0.03571428571428571,0.041666666666666664,0.007578315869390921,0.0364500777000777,0.0033090125904814568,0.625,0.003472222222222222,0.00125,0.125,0.05843531468531469,0.004681687650802428,0.9583333333333334,0.038461538461538464,0.0,0.015625,0.022727272727272728,0.04934523809523809,0.0028604483751542573
0.1,43,9.566545486450195e-06,878,0,0,0,0.9642857142857143,0.0,0.0,0.0,0.03571428571428571,1.0,0.0,0.0,0.0,0.0,0.9444444444444444,0.0,0.0,0.0,0.05555555555555555,1.0,0.925,1.0,1.0,1.0,1.0,1.0,1.0,1.0,1.0,1.0,0.024374236874236874,0.005359192887797007,0.5357142857142857,0.013247863247863248,0.002173913043478261,0.3,0.030555555555555558,0.007128792801307422,0.6666666666666666,0.0,0.0,0.0225,0.0,0.038690476190476185,0.0053944836839573684,0.02622863247863248,0.004223133134665452,0.525,0.018696581196581196,0.001358695652173913,0.375,0.03125,0.006132758122993145,0.625,0.0,0.0,0.0203125,0.0,0.04690476190476191,0.0042569078095393885
0.1,44,8.344650268554688e-06,1166,0,0,0,0.9642857142857143,0.0,0.0,0.03571428571428571,0.0,1.0,0.0,0.0,0.0,0.0,0.9444444444444444,0.0,0.0,0.05555555555555555,0.0,0.975,0.975,1.0,1.0,0.975,1.0,1.0,1.0,1.0,1.0,1.0,0.05070088641517213,0.008911144158379031,0.9285714285714286,0.0,0.0,0.0,0.07886804553471222,0.013861779801922939,1.4444444444444444,0.0,0.10714285714285714,0.08333333333333333,0.0,0.04250283446712018,0.007959183673469388,0.03861319236319237,0.004379310344827586,0.6,0.003472222222222222,0.00125,0.125,0.062040505790505796,0.00646551724137931,0.9166666666666666,0.0,0.023809523809523808,0.05572916666666666,0.0,0.030198412698412697,0.004081632653061224
0.1,45,8.58306884765625e-06,696,0,0,0,1.0,0.0,0.0,0.0,0.0,1.0,0.0,0.0,0.0,0.0,1.0,0.0,0.0,0.0,0.0,1.0,1.0,1.0,1.0,1.0,1.0,1.0,1.0,1.0,1.0,1.0,0.009016940109377083,0.0026723276723276722,0.2857142857142857,0.025247432306255833,0.0,0.4,0.0,0.004156954156954157,0.2222222222222222,0.0,0.0,0.0125,0.0,0.022959183673469385,0.0026723276723276722,0.008811858076563959,0.0018706293706293707,0.225,0.015779645191409897,0.0,0.25,0.004166666666666667,0.003117715617715618,0.20833333333333334,0.0,0.0,0.0078125,0.0,0.02107142857142857,0.0018706293706293707
0.1,46,1.0609626770019531e-05,2000,1,0,1,0.9642857142857143,0.0,0.03571428571428571,0.0,0.0,1.0,0.0,0.0,0.0,0.0,0.9444444444444444,0.0,0.05555555555555555,0.0,0.0,1.0,0.975,1.0,1.0,1.0,0.975,1.0,1.0,1.0,0.9976190476190476,1.0,0.04277468563182849,0.0068650770179722684,0.75,0.007142857142857143,0.0,0.1,0.06257014590347924,0.010679008694623529,1.1111111111111112,0.018518518518518517,0.0,0.0125,0.0,0.059027777777777776,0.0068650770179722684,0.04805611055611056,0.005758712953974923,0.8,0.016269841269841268,0.0,0.25,0.06924695674695674,0.009597854923291538,1.1666666666666667,0.029914529914529912,0.0,0.020833333333333332,0.0,0.06387896825396824,0.005767448104219508
0.1,47,7.3909759521484375e-06,1258,0,0,0,0.9642857142857143,0.0,0.03571428571428571,0.0,0.0,1.0,0.0,0.0,0.0,0.0,0.9444444444444444,0.0,0.05555555555555555,0.0,0.0,1.0,1.0,1.0,1.0,1.0,1.0,1.0,1.0,0.9921875,1.0,1.0,0.031903215831787256,0.000673854447439353,0.32142857142857145,0.005555555555555555,0.0,0.1,0.046540804874138204,0.0010482180293501049,0.4444444444444444,0.018518518518518517,0.0,0.0,0.03571428571428571,0.05625,0.0,0.06939810189810189,0.0052071574477234855,0.975,0.003472222222222222,0.0,0.0625,0.11334868834868835,0.008678595746205808,1.5833333333333333,0.01282051282051282,0.047619047619047616,0.020833333333333332,0.11363636363636363,0.11369047619047619,0.0034128745837957823
0.1,48,8.910894393920898e-06,615,0,0,0,1.0,0.0,0.0,0.0,0.0,1.0,0.0,0.0,0.0,0.0,1.0,0.0,0.0,0.0,0.0,1.0,0.85,1.0,1.0,1.0,0.975,1.0,1.0,1.0,1.0,1.0,0.014571737786023501,0.002544906696449346,0.2857142857142857,0.0,0.0,0.0,0.022667147667147666,0.0039587437500323164,0.4444444444444444,0.0,0.0,0.0,0.0,0.032242063492063495,0.002556095382450062,0.03686688311688311,0.006489657499185631,0.725,0.004166666666666667,0.0,0.0625,0.058667027417027416,0.01081609583197605,1.1666666666666667,0.0,0.047619047619047616,0.015625,0.0,0.0611111111111111,0.006198357676805953
0.1,49,8.344650268554688e-06,1969,0,0,0,0.9285714285714286,0.03571428571428571,0.03571428571428571,0.0,0.0,1.0,0.0,0.0,0.0,0.0,0.8888888888888888,0.05555555555555555,0.05555555555555555,0.0,0.0,1.0,0.775,1.0,1.0,1.0,0.95,1.0,1.0,0.96875,0.980952380952381,1.0,0.081319573283859,0.01992652464341945,1.8928571428571428,0.0,0.00196078431372549,0.1,0.126497113997114,0.029907491493249425,2.888888888888889,0.0,0.21428571428571427,0.025,0.07142857142857142,0.12145691609977326,0.01759965941926462,0.049509240759240764,0.01573731880839935,1.375,0.004464285714285714,0.008834185848252345,0.5,0.07953921078921079,0.02033940744849735,1.9583333333333333,0.003663003663003663,0.09523809523809523,0.049479166666666664,0.045454545454545456,0.07232142857142856,0.014652728926176018
0.15,0,6.4373016357421875e-06,1239,0,0,0,0.9285714285714286,0.0,0.03571428571428571,0.0,0.03571428571428571,1.0,0.0,0.0,0.0,0.0,0.8888888888888888,0.0,0.05555555555555555,0.0,0.05555555555555555,1.0,0.85,1.0,1.0,1.0,0.9,1.0,1.0,0.9947916666666667,1.0,1.0,0.060803942789236905,0.0019975394975394974,0.75,0.011437908496732025,0.0,0.2,0.08822951739618407,0.003107283662839218,1.0555555555555556,0.009259259259259259,0.0,0.0725,0.0,0.08375850340136055,0.0020095645095645097,0.12428048667019256,0.01558729687032281,2.15,0.025501867413632116,0.008967391304347826,0.875,0.1901328995078995,0.020000567247639465,3.0,0.039987789987789985,0.0,0.16770833333333332,0.045454545454545456,0.14476190476190473,0.01557751595650147
0.15,1,8.52346420288086e-06,608,0,0,0,0.9642857142857143,0.0,0.03571428571428571,0.0,0.0,1.0,0.0,0.0,0.0,0.0,0.9444444444444444,0.0,0.05555555555555555,0.0,0.0,1.0,0.9,1.0,1.0,1.0,0.975,1.0,1.0,0.9791666666666667,0.9952380952380953,1.0,0.15170778101450363,0.02098493977143742,2.7142857142857144,0.05276879982762336,0.004134697357203751,1.0,0.20667388167388168,0.030346185557122787,3.6666666666666665,0.005291005291005291,0.10714285714285714,0.15333333333333335,0.10714285714285714,0.18939909297052154,0.018477527701875333,0.07596970023440612,0.009507160961393627,1.325,0.03963495654672125,0.003967391304347826,0.8125,0.1001928626928627,0.013200340732757493,1.6666666666666667,0.0,0.11904761904761904,0.08177083333333332,0.06818181818181818,0.12984126984126984,0.007226366293406466
0.15,2,9.775161743164062e-06,1172,0,0,0,0.8214285714285714,0.03571428571428571,0.10714285714285714,0.0,0.03571428571428571,0.9,0.1,0.0,0.0,0.0,0.7777777777777778,0.0,0.16666666666666666,0.0,0.05555555555555555,1.0,0.8,1.0,1.0,1.0,0.925,1.0,1.0,0.9333333333333333,0.9880952380952381,1.0,0.10682373182373182,0.025119317575052307,2.5357142857142856,0.04547008547008547,0.016208791208791207,1.5,0.1409090909090909,0.030069610000752922,3.111111111111111,0.01675485008818342,0.25,0.1,0.25,0.19104308390022676,0.01949408266945402,0.13891594516594516,0.025565068786013823,2.95,0.06739163614163614,0.005144804577349334,1.3125,0.18659881784881782,0.039178578258456824,4.041666666666667,0.028693528693528696,0.16666666666666666,0.0859375,0.2803030303030303,0.29411706349206346,0.01985231653445133
0.15,3,0.00017112493515014648,2000,3,1,1,0.8571428571428571,0.0,0.07142857142857142,0.0,0.07142857142857142,0.9,0.0,0.0,0.0,0.1,0.8333333333333334,0.0,0.1111111111111111,0.0,0.05555555555555555,1.0,0.8,1.0,1.0,1.0,0.875,1.0,1.0,1.0,0.9976190476190476,1.0,0.08861574933003505,0.006595397120771227,1.2857142857142858,0.016666666666666666,0.0,0.3,0.12858746192079526,0.010259506632310796,1.8333333333333333,0.0,0.07142857142857142,0.07916666666666666,0.03571428571428571,0.12159863945578232,0.00537665080768529,0.13076312576312576,0.01242650239479843,2.075,0.01904761904761905,0.0012755102040816326,0.375,0.20524013024013024,0.01986049718860963,3.2083333333333335,0.0,0.11904761904761904,0.1640625,0.022727272727272728,0.185,0.010857615526986723
0.15,4,9.834766387939453e-06,918,0,0,0,0.9285714285714286,0.0,0.03571428571428571,0.0,0.03571428571428571,1.0,0.0,0.0,0.0,0.0,0.8888888888888888,0.0,0.05555555555555555,0.0,0.05555555555555555,1.0,0.975,1.0,1.0,1.0,0.975,1.0,1.0,1.0,1.0,1.0,0.08129456327985739,0.010129704787102999,1.3928571428571428,0.0058823529411764705,0.002,0.2,0.12319023569023568,0.014646207446604664,2.0555555555555554,0.0,0.07142857142857142,0.05,0.07142857142857142,0.11500850340136053,0.009000980045483957,0.09212084076054664,0.012704370060259377,1.625,0.007148692810457516,0.005076530612244898,0.375,0.1487689393939394,0.017789596358935695,2.4583333333333335,0.0,0.09523809523809523,0.05208333333333333,0.0606060606060606,0.13589285714285715,0.011202353424827862
0.15,5,8.434057235717773e-06,931,0,0,0,0.8928571428571429,0.03571428571428571,0.03571428571428571,0.0,0.03571428571428571,1.0,0.0,0.0,0.0,0.0,0.8333333333333334,0.05555555555555555,0.05555555555555555,0.0,0.05555555555555555,1.0,0.85,1.0,1.0,1.0,0.95,1.0,1.0,0.9895833333333333,1.0,1.0,0.0816081735724593,0.01261051303291231,1.4642857142857142,0.020555555555555556,0.004096989966555184,0.5,0.11552629469296136,0.017340248069777377,2.0,0.04938271604938271,0.07142857142857142,0.029166666666666664,0.14285714285714285,0.10445011337868482,0.010963293612504239,0.09448950355200356,0.015614126777057919,1.875,0.042394497863247865,0.006580093366778149,1.0,0.12921950734450735,0.021636815717244434,2.4583333333333335,0.04426129426129426,0.09523809523809523,0.046875,0.09090909090909091,0.13415674603174604,0.01410798358644782
0.15,6,0.0011381804943084717,2000,2,1,0,0.9285714285714286,0.03571428571428571,0.03571428571428571,0.0,0.0,0.9,0.1,0.0,0.0,0.0,0.9444444444444444,0.0,0.05555555555555555,0.0,0.0,1.0,0.9,1.0,1.0,1.0,0.975,1.0,1.0,0.9625,0.9976190476190476,1.0,0.08027547848976421,0.014450040616675671,1.8214285714285714,0.10982905982905981,0.012644188110026619,2.4,0.06385682219015552,0.015453292009258478,1.5,0.01521164021164021,0.2857142857142857,0.07583333333333334,0.03571428571428571,0.1405187074829932,0.011337068639221135,0.0872025197025197,0.012738550592211665,1.725,0.05574633699633699,0.0063520408163265304,1.1875,0.10817330817330817,0.016996223776135088,2.0833333333333335,0.01114163614163614,0.19047619047619047,0.0828125,0.06818181818181818,0.1288095238095238,0.010220037224164128
0.15,7,9.98377799987793e-06,1543,0,0,0,0.9642857142857143,0.0,0.0,0.0,0.03571428571428571,1.0,0.0,0.0,0.0,0.0,0.9444444444444444,0.0,0.0,0.0,0.05555555555555555,1.0,0.85,1.0,1.0,1.0,1.0,1.0,1.0,1.0,1.0,1.0,0.051486806843949705,0.005874586705323273,0.8928571428571429,0.007142857142857143,0.0,0.1,0.0761223344556678,0.009138245986058426,1.3333333333333333,0.0,0.07142857142857142,0.025,0.0,0.0734126984126984,0.00529597623600319,0.0910407647907648,0.01235946688340278,1.625,0.004464285714285714,0.0,0.0625,0.14875841750841753,0.020599111472337967,2.6666666666666665,0.0,0.14285714285714285,0.046875,0.0606060606060606,0.1346626984126984,0.010345629639608552
0.15,8,9.59634780883789e-06,1281,0,0,0,0.75,0.0,0.14285714285714285,0.0,0.10714285714285714,1.0,0.0,0.0,0.0,0.0,0.6111111111111112,0.0,0.2222222222222222,0.0,0.16666666666666666,1.0,0.725,1.0,1.0,1.0,0.875,1.0,1.0,0.9479166666666667,0.9785714285714286,1.0,0.1312619919762777,0.03360553144050086,3.0,0.013247863247863248,0.002173913043478261,0.3,0.19682539682539685,0.05106754166106896,4.5,0.0,0.14285714285714285,0.10416666666666667,0.21428571428571427,0.21726190476190474,0.029426535474139943,0.13059454434454434,0.03206504066769131,3.0,0.015918803418803418,0.002717391304347826,0.375,0.20704503829503831,0.05163014024325363,4.75,0.0,0.19047619047619047,0.11458333333333331,0.13636363636363635,0.2053869047619048,0.028426698031178393
0.15,9,8.851289749145508e-06,1238,0,0,0,0.8928571428571429,0.0,0.03571428571428571,0.0,0.07142857142857142,1.0,0.0,0.0,0.0,0.0,0.8333333333333334,0.0,0.05555555555555555,0.0,0.1111111111111111,1.0,0.775,1.0,1.0,1.0,0.85,1.0,1.0,0.96875,0.9738095238095238,1.0,0.06723137973137974,0.0034396418833917064,0.8571428571428571,0.013247863247863248,0.004096989966555184,0.4,0.09722222222222222,0.0030744485038564414,1.1111111111111112,0.0,0.10714285714285714,0.05583333333333333,0.0,0.09268707482993196,0.0022273644722624318,0.14535991785991786,0.013530927387262557,2.225,0.019688644688644688,0.0051116391372602555,0.5625,0.22914076664076663,0.019143786220597425,3.3333333333333335,0.0,0.16666666666666666,0.24947916666666664,0.01515151515151515,0.16306547619047618,0.011594408004945603
0.15,10,8.404254913330078e-06,691,0,0,0,0.8571428571428571,0.03571428571428571,0.07142857142857142,0.0,0.03571428571428571,1.0,0.0,0.0,0.0,0.0,0.7777777777777778,0.05555555555555555,0.1111111111111111,0.0,0.05555555555555555,1.0,0.775,1.0,1.0,1.0,0.925,1.0,1.0,0.9947916666666667,0.9880952380952381,1.0,0.1107392199303964,0.011909391287439569,1.7142857142857142,0.029084967320261435,0.00818543385474876,0.9,0.1561026936026936,0.013978256527823354,2.1666666666666665,0.0,0.07142857142857142,0.12916666666666668,0.07142857142857142,0.15796485260770976,0.010900008825079478,0.12918647324897325,0.01605063775668904,2.175,0.028707837301587304,0.012802185348806852,1.0625,0.19617223054723054,0.01821627269527717,2.9166666666666665,0.003663003663003663,0.14285714285714285,0.12499999999999999,0.11363636363636363,0.20402777777777778,0.013524475287783371
0.15,11,7.808208465576172e-06,1138,0,0,0,0.7142857142857143,0.0,0.21428571428571427,0.0,0.07142857142857142,1.0,0.0,0.0,0.0,0.0,0.5555555555555556,0.0,0.3333333333333333,0.0,0.1111111111111111,1.0,0.75,1.0,1.0,0.975,0.9,1.0,1.0,0.9791666666666667,0.9619047619047619,1.0,0.13270535486922042,0.03195349253671223,3.0,0.011437908496732025,0.00196078431372549,0.3,0.20007615840949172,0.04861610821614931,4.5,0.0,0.2857142857142857,0.0875,0.14285714285714285,0.1886904761904762,0.02854980731139816,0.15050516476987066,0.035632378443047154,3.45,0.02401377217553688,0.006359696052333977,0.6875,0.23483275983275984,0.05514750003685593,5.291666666666667,0.003663003663003663,0.35714285714285715,0.09999999999999999,0.2121212121212121,0.2352678571428571,0.029738057573420563
0.15,12,0.012879133224487305,2000,4,2,1,0.8928571428571429,0.0,0.10714285714285714,0.0,0.0,0.9,0.0,0.1,0.0,0.0,0.8888888888888888,0.0,0.1111111111111111,0.0,0.0,0.95,0.875,1.0,1.0,1.0,0.875,1.0,1.0,0.95625,0.980952380952381,1.0,0.12441933066933065,0.018512949999620647,2.357142857142857,0.06324786324786325,0.010405600367237196,1.6,0.15840347923681256,0.023017033128722567,2.7777777777777777,0.046296296296296294,0.0,0.0625,0.03571428571428571,0.20493197278911562,0.018016079294487206,0.1143883547008547,0.01691121886693721,2.25,0.04343616452991453,0.00780558356285658,1.125,0.16168981481481481,0.02298164240299097,3.0,0.04487179487179487,0.07142857142857142,0.11458333333333333,0.03787878787878787,0.16857142857142857,0.015469258086310566
0.15,13,9.685754776000977e-06,1216,0,0,0,0.8571428571428571,0.0,0.07142857142857142,0.0,0.07142857142857142,1.0,0.0,0.0,0.0,0.0,0.7777777777777778,0.0,0.1111111111111111,0.0,0.1111111111111111,1.0,0.8,0.875,0.875,1.0,0.9,1.0,1.0,0.9947916666666667,0.9688095238095238,1.0,0.09434213079171061,0.015765121323625588,1.8571428571428572,0.07294584500466854,0.011538461538461539,1.6,0.10622895622895623,0.018113265648716723,2.0,0.028439153439153438,0.03571428571428571,0.1,0.10714285714285714,0.10572562358276642,0.014040405396057611,0.12764982566453154,0.017012509137435867,2.275,0.02302170868347339,0.00125,0.4375,0.19740190365190366,0.02752084856239311,3.5,0.019688644688644688,0.14285714285714285,0.11979166666666666,0.11363636363636363,0.16951388888888888,0.014431139921677254
0.15,14,8.106231689453125e-06,882,0,0,0,0.8571428571428571,0.0,0.07142857142857142,0.03571428571428571,0.03571428571428571,1.0,0.0,0.0,0.0,0.0,0.7777777777777778,0.0,0.1111111111111111,0.05555555555555555,0.05555555555555555,0.975,0.8,1.0,1.0,0.975,0.925,1.0,1.0,0.9895833333333333,0.9569047619047619,0.9972222222222222,0.12281488352916924,0.02481496928043516,2.5357142857142856,0.04722222222222222,0.011538461538461539,1.2,0.16481080647747312,0.03219080691486495,3.2777777777777777,0.0,0.10714285714285714,0.1125,0.0,0.15022675736961452,0.02422473623704116,0.1334063159063159,0.02543210458644171,2.75,0.045779914529914534,0.011479591836734694,1.25,0.19182391682391683,0.03473377975291306,3.75,0.004273504273504273,0.14285714285714285,0.07552083333333334,0.11363636363636363,0.20390873015873018,0.02192362260994927
0.15,15,8.016824722290039e-06,582,0,0,0,0.7857142857142857,0.0,0.21428571428571427,0.0,0.0,1.0,0.0,0.0,0.0,0.0,0.6666666666666666,0.0,0.3333333333333333,0.0,0.0,1.0,0.75,0.875,1.0,1.0,0.85,1.0,1.0,0.96875,0.9785714285714286,1.0,0.11585497835497835,0.010488437598665998,1.7142857142857142,0.01111111111111111,0.0,0.2,0.17404601571268236,0.016315347375702664,2.5555555555555554,0.0,0.14285714285714285,0.1625,0.0,0.13258219954648526,0.009358482647956332,0.20321137196137196,0.024994797168585287,3.5,0.03045634920634921,0.0012755102040816326,0.5625,0.31838138713138714,0.04080765514492106,5.458333333333333,0.029304029304029304,0.19047619047619047,0.23020833333333332,0.13636363636363635,0.28322420634920636,0.021355034272069657
0.15,16,9.268522262573242e-06,1044,0,0,0,0.9642857142857143,0.0,0.0,0.03571428571428571,0.0,1.0,0.0,0.0,0.0,0.0,0.9444444444444444,0.0,0.0,0.05555555555555555,0.0,0.95,0.95,1.0,1.0,0.975,0.95,1.0,1.0,0.9322916666666667,0.9738095238095238,0.9888888888888889,0.16318542568542568,0.01844362689750793,2.5,0.005555555555555555,0.006270903010033445,0.4,0.25075757575757573,0.0252062512794382,3.6666666666666665,0.037037037037037035,0.07142857142857142,0.18916666666666668,0.07142857142857142,0.15688775510204084,0.016682970563408554,0.13188186813186814,0.01584166334494342,2.2,0.03988095238095238,0.006636705685618729,1.0,0.19321581196581195,0.021978301784493216,3.0,0.017094017094017092,0.09523809523809523,0.20104166666666665,0.045454545454545456,0.12422619047619048,0.014343655086209555
0.15,17,9.59634780883789e-06,1249,0,0,0,0.9285714285714286,0.0,0.03571428571428571,0.0,0.03571428571428571,1.0,0.0,0.0,0.0,0.0,0.8888888888888888,0.0,0.05555555555555555,0.0,0.05555555555555555,1.0,0.825,0.875,1.0,1.0,0.925,0.875,1.0,0.96875,0.9785714285714286,1.0,0.10472827242785225,0.008652216641825097,1.6428571428571428,0.04246354952237305,0.0,0.7,0.1393197851531185,0.013459003665061262,2.1666666666666665,0.09171075837742505,0.07142857142857142,0.0,0.03571428571428571,0.15632086167800452,0.0074614471188453315,0.11711376450347037,0.009107457226351387,1.8,0.057179217840982545,0.004901960784313725,1.125,0.15707012894512895,0.011911121521043162,2.25,0.11294261294261293,0.14285714285714285,0.06249999999999999,0.09090909090909091,0.18625,0.005629781136422149
0.15,18,5.245208740234375e-06,939,0,0,0,0.8928571428571429,0.0,0.0,0.03571428571428571,0.07142857142857142,1.0,0.0,0.0,0.0,0.0,0.8333333333333334,0.0,0.0,0.05555555555555555,0.1111111111111111,0.975,0.875,1.0,1.0,0.975,0.975,1.0,1.0,0.9947916666666667,1.0,1.0,0.13811714079571222,0.010936137294088532,1.9285714285714286,0.03055555555555555,0.0,0.5,0.1978735770402437,0.017011769124137717,2.7222222222222223,0.011463844797178132,0.2857142857142857,0.11833333333333333,0.0,0.2106575963718821,0.008063280867902716,0.11796141358641359,0.012577303901022477,1.875,0.04459325396825397,0.010025510204081633,1.1875,0.16687351999852,0.014278499698983038,2.3333333333333335,0.018925518925518928,0.3333333333333333,0.07135416666666666,0.045454545454545456,0.20320436507936507,0.008691981445490295
0.15,19,0.011823415756225586,2000,2,0,1,0.8571428571428571,0.03571428571428571,0.03571428571428571,0.0,0.07142857142857142,0.9,0.1,0.0,0.0,0.0,0.8333333333333334,0.0,0.05555555555555555,0.0,0.1111111111111111,0.975,0.85,1.0,1.0,1.0,0.95,1.0,1.0,0.9479166666666667,0.9535714285714285,1.0,0.10716089466089465,0.029947178960328964,2.607142857142857,0.005555555555555555,0.004134697357203751,0.3,0.16360830527497194,0.04428744651762074,3.888888888888889,0.05555555555555555,0.14285714285714285,0.016666666666666666,0.07142857142857142,0.15469104308390022,0.028235216252457635,0.06911203379953379,0.01784908088488123,1.75,0.02265625,0.007769412112671155,0.75,0.10008255633255632,0.024568860066354614,2.4166666666666665,0.03205128205128205,0.19047619047619047,0.026041666666666664,0.13636363636363635,0.09944444444444445,0.014269241037930463
0.15,20,9.238719940185547e-06,1103,0,0,0,0.9285714285714286,0.0,0.0,0.03571428571428571,0.03571428571428571,1.0,0.0,0.0,0.0,0.0,0.8888888888888888,0.0,0.0,0.05555555555555555,0.05555555555555555,0.975,0.85,1.0,1.0,0.975,0.95,1.0,1.0,0.9895833333333333,1.0,1.0,0.0702960729746444,0.011974272321943305,1.25,0.0,0.0,0.0,0.10934944684944685,0.01862664583413403,1.9444444444444444,0.018518518518518517,0.03571428571428571,0.0125,0.0,0.10642006802721087,0.011444101647303617,0.10350132506382508,0.018212038828522494,2.075,0.025731646825396824,0.006710292812777284,0.75,0.15534777722277723,0.025879869505685965,2.9583333333333335,0.029304029304029304,0.047619047619047616,0.09114583333333333,0.09090909090909091,0.12610119047619048,0.01651300531879083
0.15,21,4.425644874572754e-06,1430,0,0,0,0.8571428571428571,0.0,0.10714285714285714,0.0,0.03571428571428571,1.0,0.0,0.0,0.0,0.0,0.7777777777777778,0.0,0.16666666666666666,0.0,0.05555555555555555,0.95,0.8,1.0,1.0,1.0,0.925,1.0,1.0,0.9401041666666667,0.9195238095238095,1.0,0.15649350649350646,0.029063826018959734,3.0714285714285716,0.04166666666666667,0.019386216024871488,1.5,0.22028619528619528,0.034440276015675425,3.9444444444444446,0.006172839506172839,0.17857142857142858,0.13999999999999999,0.03571428571428571,0.16305272108843538,0.026978373768999104,0.12476592851592852,0.01627536858694221,2.2,0.01655982905982906,0.003726490596238495,0.4375,0.19690332815332814,0.02464128724741135,3.375,0.05006105006105006,0.09523809523809523,0.09114583333333333,0.09090909090909091,0.15279761904761904,0.014661917681795481
0.15,22,7.68899917602539e-06,1188,0,0,0,0.7142857142857143,0.0,0.17857142857142858,0.0,0.10714285714285714,0.9,0.0,0.0,0.0,0.1,0.6111111111111112,0.0,0.2777777777777778,0.0,0.1111111111111111,1.0,0.625,1.0,1.0,1.0,0.9,1.0,1.0,0.953125,0.9404761904761905,1.0,0.1704352195423624,0.02294310482215134,2.892857142857143,0.019365079365079363,0.006214729370008873,0.6,0.25436307519640855,0.032236646740008264,4.166666666666667,0.018518518518518517,0.35714285714285715,0.125,0.17857142857142858,0.23115079365079363,0.01740039616072089,0.1448823051948052,0.021959098650813778,2.6,0.016009424603174602,0.005134205856255546,0.5,0.2307975589225589,0.03317569384718593,4.0,0.0,0.23809523809523808,0.08333333333333333,0.196969696969697,0.2198710317460318,0.017376124357249716
0.15,23,9.5367431640625e-06,1039,0,0,0,0.7857142857142857,0.07142857142857142,0.10714285714285714,0.0,0.03571428571428571,0.9,0.0,0.0,0.0,0.1,0.7222222222222222,0.1111111111111111,0.16666666666666666,0.0,0.0,0.975,0.8,0.875,1.0,1.0,0.95,1.0,1.0,0.9348958333333333,0.9047619047619048,1.0,0.20089583036011605,0.0375383887635924,3.9642857142857144,0.007692307692307693,0.0038838612368024134,0.3,0.30823112073112074,0.05623534850069795,6.0,0.09259259259259259,0.17857142857142858,0.15166666666666667,0.14285714285714285,0.2294501133786848,0.03489985722759867,0.12017066267066268,0.019103911446831528,2.4,0.05013736263736264,0.007753500229523248,1.1875,0.16685952935952933,0.026670852258370376,3.2083333333333335,0.017094017094017092,0.23809523809523808,0.14375,0.09090909090909091,0.17567460317460318,0.015520017771623368
0.15,24,9.357929229736328e-06,489,0,0,0,0.8928571428571429,0.0,0.03571428571428571,0.03571428571428571,0.03571428571428571,0.9,0.0,0.0,0.0,0.1,0.8888888888888888,0.0,0.05555555555555555,0.05555555555555555,0.0,0.9,0.975,1.0,1.0,0.975,0.95,1.0,1.0,0.9973958333333333,1.0,1.0,0.08030636497023051,0.007855354318483282,1.1428571428571428,0.02572362278244631,0.002040816326530612,0.5,0.11063011063011063,0.011085653202901431,1.5,0.0,0.03571428571428571,0.0,0.07142857142857142,0.1372590702947846,0.0067802990761522,0.09269606414827003,0.007864488011830994,1.4,0.05143192693744164,0.002551020408163265,0.9375,0.12020548895548895,0.011406799747609483,1.7083333333333333,0.003663003663003663,0.07142857142857142,0.0359375,0.045454545454545456,0.1713492063492063,0.0067043678146765625
0.15,25,7.808208465576172e-06,821,0,0,0,0.9285714285714286,0.03571428571428571,0.03571428571428571,0.0,0.0,1.0,0.0,0.0,0.0,0.0,0.8888888888888888,0.05555555555555555,0.05555555555555555,0.0,0.0,0.9,0.825,1.0,1.0,0.975,0.925,1.0,1.0,0.96875,0.9928571428571429,1.0,0.08498914717402113,0.021272453793059715,1.9285714285714286,0.017320261437908498,0.004173913043478261,0.5,0.1225829725829726,0.030771643098382737,2.7222222222222223,0.0,0.14285714285714285,0.09166666666666667,0.07142857142857142,0.11054421768707481,0.01919469317095599,0.0987746485540603,0.0222986116299434,2.25,0.03235294117647059,0.007903680493936704,0.9375,0.1430557868057868,0.031895232387281196,3.125,0.02564102564102564,0.09523809523809523,0.08802083333333333,0.2121212121212121,0.1500892857142857,0.019119764276742852
0.15,26,9.298324584960938e-06,727,0,0,0,0.8928571428571429,0.0,0.0,0.0,0.10714285714285714,0.9,0.0,0.0,0.0,0.1,0.8888888888888888,0.0,0.0,0.0,0.1111111111111111,1.0,0.875,1.0,1.0,1.0,0.95,1.0,1.0,0.9333333333333333,0.9828571428571429,1.0,0.07111935683364255,0.016373408701679505,1.75,0.05,0.015043478260869565,1.6,0.08285233285233286,0.017112258946573915,1.8333333333333333,0.009259259259259259,0.03571428571428571,0.10416666666666667,0.21428571428571427,0.10515873015873016,0.013267256486130145,0.1324129342879343,0.02551970507668371,2.825,0.04117063492063492,0.018263933290707586,1.5625,0.19324113386613387,0.030356886267334463,3.6666666666666665,0.007936507936507936,0.19047619047619047,0.14843749999999997,0.09090909090909091,0.2060218253968254,0.022715873302596952
0.15,27,8.344650268554688e-06,773,0,0,0,0.9285714285714286,0.0,0.07142857142857142,0.0,0.0,1.0,0.0,0.0,0.0,0.0,0.8888888888888888,0.0,0.1111111111111111,0.0,0.0,1.0,0.9,1.0,1.0,1.0,0.95,1.0,1.0,0.9739583333333333,0.9714285714285714,1.0,0.10785405071119357,0.014952879356885064,1.8928571428571428,0.007142857142857143,0.0,0.1,0.1638047138047138,0.02326003455515454,2.888888888888889,0.0,0.10714285714285714,0.09166666666666666,0.07142857142857142,0.15051020408163265,0.013219515226179963,0.12105727605727605,0.015093575960781386,2.075,0.013438644688644688,0.0,0.1875,0.19280303030303028,0.025155959934635642,3.3333333333333335,0.02564102564102564,0.07142857142857142,0.08854166666666666,0.10606060606060605,0.17666666666666667,0.013117891199027103
0.15,28,9.506940841674805e-06,1546,0,0,0,0.8928571428571429,0.0,0.03571428571428571,0.0,0.07142857142857142,1.0,0.0,0.0,0.0,0.0,0.8333333333333334,0.0,0.05555555555555555,0.0,0.1111111111111111,1.0,0.8,1.0,1.0,1.0,0.9,1.0,1.0,0.96875,0.9666666666666667,1.0,0.06856962481962482,0.00787615345091633,1.1785714285714286,0.005555555555555555,0.00196078431372549,0.2,0.10357744107744109,0.011162469638244576,1.7222222222222223,0.09259259259259259,0.0,0.05,0.0,0.08545918367346939,0.007938323415185067,0.12960549866799864,0.01390092947133994,2.15,0.024930364774114776,0.003803083733493397,0.5625,0.19938892126392127,0.020632826629904306,3.2083333333333335,0.08058608058608059,0.047619047619047616,0.12239583333333331,0.10606060606060605,0.1742857142857143,0.011759916873131795
0.15,29,9.864568710327148e-06,1468,0,0,0,0.8571428571428571,0.0,0.10714285714285714,0.0,0.03571428571428571,1.0,0.0,0.0,0.0,0.0,0.7777777777777778,0.0,0.16666666666666666,0.0,0.05555555555555555,1.0,0.875,1.0,1.0,1.0,0.95,1.0,1.0,0.9947916666666667,0.9928571428571429,1.0,0.14009611420325704,0.014582176964267215,2.142857142857143,0.01825396825396825,0.008269394714407501,0.7,0.2077861952861953,0.018089278214189278,2.9444444444444446,0.08465608465608465,0.07142857142857142,0.0625,0.0,0.1648951247165533,0.013705813216617539,0.14240585803085803,0.019957911944440417,2.5,0.0183531746031746,0.010169372096664752,0.8125,0.22510764698264696,0.02648360517629086,3.625,0.05860805860805861,0.19047619047619047,0.0703125,0.045454545454545456,0.184890873015873,0.01772586762351196
0.15,30,9.834766387939453e-06,909,0,0,0,0.8571428571428571,0.0,0.07142857142857142,0.0,0.07142857142857142,0.9,0.0,0.0,0.0,0.1,0.8333333333333334,0.0,0.1111111111111111,0.0,0.05555555555555555,1.0,0.95,1.0,1.0,1.0,0.875,1.0,1.0,0.9427083333333333,0.9535714285714285,1.0,0.17440347351061639,0.025220621673418625,2.9642857142857144,0.016666666666666666,0.00392156862745098,0.5,0.2620350328683662,0.03705342892117843,4.333333333333333,0.06018518518518518,0.17857142857142858,0.11666666666666665,0.10714285714285714,0.2086167800453515,0.02225585147014714,0.16908071095571095,0.021651249692480896,3.1,0.05742521367521367,0.010361253196930946,1.4375,0.24351770914270918,0.02917791402284753,4.208333333333333,0.04899267399267399,0.16666666666666666,0.18020833333333333,0.11363636363636363,0.2239781746031746,0.018618927088546025
0.15,31,9.357929229736328e-06,729,0,0,0,0.9642857142857143,0.0,0.03571428571428571,0.0,0.0,1.0,0.0,0.0,0.0,0.0,0.9444444444444444,0.0,0.05555555555555555,0.0,0.0,0.975,0.8,1.0,1.0,1.0,0.9,1.0,1.0,0.9791666666666667,1.0,1.0,0.09433568882098294,0.01958602291398946,2.0357142857142856,0.01810457516339869,0.0,0.3,0.13668630751964084,0.030467146755094716,3.0,0.05555555555555555,0.0,0.05,0.0,0.1302437641723356,0.019678645408394813,0.08661246025216614,0.020758682418448703,2.025,0.015779645191409897,0.0038531037414965986,0.4375,0.13383433695933697,0.03202906820308345,3.0833333333333335,0.02564102564102564,0.09523809523809523,0.13020833333333334,0.01515151515151515,0.10393849206349207,0.01919088878566855
0.15,32,8.821487426757812e-06,683,0,0,0,0.8928571428571429,0.0,0.07142857142857142,0.0,0.03571428571428571,1.0,0.0,0.0,0.0,0.0,0.8333333333333334,0.0,0.1111111111111111,0.0,0.05555555555555555,1.0,0.925,0.875,1.0,1.0,0.925,1.0,1.0,0.9270833333333333,0.9666666666666667,1.0,0.1152664095941407,0.023792983972423746,2.4285714285714284,0.025574229691876747,0.010262356931671837,0.9,0.16509539842873178,0.0313099989950637,3.2777777777777777,0.0,0.14285714285714285,0.008333333333333333,0.10714285714285714,0.18183106575963717,0.020719342579092578,0.12137413240354415,0.017604482047829467,2.2,0.03126167133520075,0.007772668734468811,0.875,0.18144910644910642,0.024159024256736567,3.0833333333333335,0.0,0.19047619047619047,0.09635416666666666,0.08333333333333333,0.18444444444444444,0.014206391619059644
0.15,33,0.0018687844276428223,2000,2,1,0,0.8571428571428571,0.0,0.07142857142857142,0.0,0.07142857142857142,0.9,0.0,0.1,0.0,0.0,0.8333333333333334,0.0,0.05555555555555555,0.0,0.1111111111111111,1.0,1.0,1.0,1.0,1.0,0.975,1.0,1.0,0.9822916666666667,1.0,1.0,0.06973690991548134,0.005301051210289987,1.0,0.0,0.0,0.0,0.10847963764630432,0.008246079660451091,1.5555555555555556,0.018518518518518517,0.0,0.041666666666666664,0.0,0.09467120181405896,0.0053854655876219215,0.11179077866577866,0.012714312393069712,1.9,0.019791666666666666,0.006009615384615385,0.5625,0.17312351999852002,0.017184110398705932,2.7916666666666665,0.017094017094017092,0.14285714285714285,0.07656249999999999,0.15151515151515152,0.1689781746031746,0.0092234937355042
0.15,34,9.775161743164062e-06,1789,0,0,0,0.8214285714285714,0.0,0.07142857142857142,0.0,0.10714285714285714,1.0,0.0,0.0,0.0,0.0,0.7222222222222222,0.0,0.1111111111111111,0.0,0.16666666666666666,0.9,0.825,1.0,1.0,1.0,0.975,1.0,1.0,0.953125,0.9761904761904762,1.0,0.13174754750385004,0.026682447673714072,2.7857142857142856,0.018907563025210083,0.010231687323758936,0.8,0.1944364277697611,0.0358217589792447,3.888888888888889,0.0,0.21428571428571427,0.11666666666666667,0.10714285714285714,0.19508219954648526,0.022420820332857857,0.15146917624858802,0.031980283568820454,3.275,0.04440269697622638,0.016965856367630663,1.5625,0.2228468290968291,0.041989901702946975,4.416666666666667,0.0,0.2619047619047619,0.12447916666666667,0.22727272727272727,0.2417361111111111,0.025496972308325427
0.15,35,8.702278137207031e-06,766,0,0,0,0.8928571428571429,0.0,0.03571428571428571,0.0,0.07142857142857142,1.0,0.0,0.0,0.0,0.0,0.8333333333333334,0.0,0.05555555555555555,0.0,0.1111111111111111,1.0,0.675,1.0,1.0,1.0,0.85,1.0,1.0,0.9583333333333333,0.9428571428571428,1.0,0.13285276231704804,0.02672650804998315,2.642857142857143,0.0,0.00196078431372549,0.1,0.20665985249318583,0.040485243459015184,4.055555555555555,0.05555555555555555,0.10714285714285714,0.1375,0.07142857142857142,0.15170068027210884,0.02528778404803225,0.09502344877344879,0.01880138855028371,1.95,0.0,0.0012254901960784314,0.0625,0.15837241462241464,0.030518654119753894,3.2083333333333335,0.038461538461538464,0.047619047619047616,0.1171875,0.0606060606060606,0.10333333333333335,0.017837409997053216
0.15,36,8.463859558105469e-06,662,0,0,0,0.8214285714285714,0.0,0.10714285714285714,0.0,0.07142857142857142,0.9,0.0,0.1,0.0,0.0,0.7777777777777778,0.0,0.1111111111111111,0.0,0.1111111111111111,0.975,0.975,1.0,1.0,1.0,1.0,1.0,1.0,0.9458333333333333,0.9928571428571429,0.9972222222222222,0.152234471877329,0.0297294664641761,3.25,0.09769230769230768,0.02352911064091188,2.8,0.18253567420234085,0.03317410858821177,3.5,0.0992063492063492,0.07142857142857142,0.045,0.21428571428571427,0.20539965986394557,0.026475849764327566,0.1516404428904429,0.02811453588358761,3.125,0.0620497557997558,0.013048485071286038,1.6875,0.21136756761756761,0.03815856975845533,4.083333333333333,0.08058608058608059,0.047619047619047616,0.09479166666666666,0.11363636363636363,0.19098214285714285,0.026061415049315466
0.15,37,7.808208465576172e-06,832,0,0,0,0.9285714285714286,0.03571428571428571,0.0,0.0,0.03571428571428571,1.0,0.0,0.0,0.0,0.0,0.8888888888888888,0.05555555555555555,0.0,0.0,0.05555555555555555,1.0,1.0,1.0,1.0,1.0,0.975,1.0,1.0,0.984375,0.9952380952380953,1.0,0.058163265306122446,0.005836836134949027,0.8928571428571429,0.01111111111111111,0.002040816326530612,0.3,0.08430335097001763,0.007945736028514814,1.2222222222222223,0.0,0.0,0.05416666666666666,0.07142857142857142,0.10331632653061225,0.005292812231884712,0.10275200493950494,0.009730372189051215,1.6,0.010850694444444444,0.0012755102040816326,0.25,0.16401954526954524,0.015366946845697602,2.5,0.0,0.09523809523809523,0.09635416666666666,0.045454545454545456,0.14892857142857144,0.008562370594249632
0.15,38,7.718801498413086e-06,404,0,0,0,0.8571428571428571,0.0,0.07142857142857142,0.0,0.07142857142857142,1.0,0.0,0.0,0.0,0.0,0.7777777777777778,0.0,0.1111111111111111,0.0,0.1111111111111111,1.0,0.925,0.875,0.875,1.0,0.975,1.0,1.0,0.953125,0.9821428571428572,1.0,0.06620360265318248,0.010453562891643385,1.2142857142857142,0.01810457516339869,0.00196078431372549,0.4,0.09292528459195125,0.015171773212708885,1.6666666666666667,0.018518518518518517,0.0,0.0,0.14285714285714285,0.12436224489795918,0.009235898266510513,0.09060371205591793,0.013035041434931356,1.625,0.03079700630252101,0.007475490196078432,0.875,0.13047484922484923,0.01674140892749997,2.125,0.029304029304029304,0.047619047619047616,0.028645833333333332,0.13636363636363635,0.14491071428571428,0.011446518441127606
0.15,39,9.179115295410156e-06,543,0,0,0,0.9285714285714286,0.0,0.03571428571428571,0.0,0.03571428571428571,0.9,0.0,0.0,0.0,0.1,0.9444444444444444,0.0,0.05555555555555555,0.0,0.0,1.0,0.875,1.0,1.0,1.0,0.925,1.0,1.0,0.9625,0.9576190476190476,1.0,0.09762925566496995,0.014434287065354994,1.8214285714285714,0.09133089133089134,0.0210997442455243,2.5,0.10112834696168031,0.010731255298594271,1.4444444444444444,0.11375661375661375,0.17857142857142858,0.09333333333333332,0.07142857142857142,0.12250566893424038,0.012115346628727453,0.11796071983571983,0.01944187251978814,2.25,0.02652625152625153,0.006177470988395358,0.6875,0.17891703204203205,0.028284806874049984,3.2916666666666665,0.11904761904761904,0.11904761904761904,0.10520833333333333,0.16666666666666666,0.1454563492063492,0.016340784757039366
0.15,40,7.987022399902344e-06,637,0,0,0,0.8571428571428571,0.0,0.10714285714285714,0.0,0.03571428571428571,0.9,0.0,0.1,0.0,0.0,0.8333333333333334,0.0,0.1111111111111111,0.0,0.05555555555555555,1.0,0.825,1.0,1.0,1.0,0.925,1.0,1.0,0.9692708333333333,0.9845238095238096,1.0,0.06291486291486291,0.007320723312353332,1.0357142857142858,0.0,0.0,0.0,0.0978675645342312,0.011387791819216293,1.6111111111111112,0.0,0.07142857142857142,0.025,0.10714285714285714,0.10083616780045353,0.005383989260039681,0.1078835053835054,0.011587133572536462,1.7,0.035752442002442,0.004950980392156863,0.75,0.15597088097088097,0.01601123569278953,2.3333333333333335,0.03296703296703296,0.14285714285714285,0.06770833333333333,0.06818181818181818,0.21433531746031748,0.009427060334623361
0.15,41,9.238719940185547e-06,736,0,0,0,0.9285714285714286,0.0,0.0,0.0,0.07142857142857142,0.9,0.0,0.0,0.0,0.1,0.9444444444444444,0.0,0.0,0.0,0.05555555555555555,1.0,0.825,1.0,1.0,1.0,0.925,1.0,1.0,0.9322916666666667,0.980952380952381,1.0,0.08798007548007548,0.028082488501145503,2.357142857142857,0.06221001221001221,0.018096989966555184,1.8,0.10229677729677729,0.03362998768702901,2.6666666666666665,0.02204585537918871,0.14285714285714285,0.05833333333333333,0.17857142857142858,0.13938492063492064,0.025285287706025318,0.07821386946386946,0.025187562276134466,2.175,0.056776556776556776,0.013761599121253852,1.5,0.09250541125541127,0.03280487104605489,2.625,0.04884004884004884,0.09523809523809523,0.078125,0.022727272727272728,0.10018849206349208,0.024485727572939757
0.15,42,8.285045623779297e-06,783,0,0,0,0.9285714285714286,0.0,0.03571428571428571,0.0,0.03571428571428571,1.0,0.0,0.0,0.0,0.0,0.8888888888888888,0.0,0.05555555555555555,0.0,0.05555555555555555,1.0,0.95,1.0,1.0,1.0,0.9,1.0,1.0,0.9609375,0.9619047619047619,1.0,0.08073979591836734,0.02322109713570719,2.0357142857142856,0.006666666666666666,0.01786087593793655,1.0,0.12189153439153438,0.026198997801135326,2.611111111111111,0.0,0.17857142857142858,0.12083333333333332,0.07142857142857142,0.09523809523809525,0.02089694987360643,0.12977855477855477,0.029773962909844576,3.0,0.03231646825396825,0.025234605432224836,1.75,0.1947532791282791,0.03280020122825774,3.8333333333333335,0.06181318681318681,0.2619047619047619,0.13802083333333331,0.0606060606060606,0.18622023809523808,0.026066729466801292
0.15,43,9.149312973022461e-06,714,0,0,0,0.8928571428571429,0.0,0.07142857142857142,0.0,0.03571428571428571,1.0,0.0,0.0,0.0,0.0,0.8333333333333334,0.0,0.1111111111111111,0.0,0.05555555555555555,1.0,0.975,0.75,1.0,1.0,0.95,0.875,1.0,0.9791666666666667,0.986904761904762,1.0,0.09486006523821651,0.01661664179012355,1.8571428571428572,0.016993464052287584,0.006270903010033445,0.6,0.13811928811928811,0.022364274445729165,2.5555555555555554,0.018518518518518517,0.0,0.07916666666666666,0.14285714285714285,0.14512471655328799,0.01554704701757277,0.1185349127996187,0.017478249140955412,2.225,0.04812091503267974,0.01176531963119696,1.375,0.16547757797757798,0.021286868814127714,2.7916666666666665,0.0202991452991453,0.09523809523809523,0.09114583333333333,0.0606060606060606,0.18762896825396824,0.015449665290223935
0.15,44,9.775161743164062e-06,867,0,0,0,0.7142857142857143,0.14285714285714285,0.10714285714285714,0.0,0.03571428571428571,0.8,0.2,0.0,0.0,0.0,0.6666666666666666,0.1111111111111111,0.16666666666666666,0.0,0.05555555555555555,1.0,0.875,1.0,1.0,1.0,0.925,1.0,1.0,0.9510416666666667,0.9880952380952381,1.0,0.12315670440670441,0.03148701687939203,2.892857142857143,0.06562881562881563,0.024649398704902868,2.2,0.1551166426166426,0.03528569364299712,3.2777777777777777,0.01984126984126984,0.17857142857142858,0.11666666666666667,0.10714285714285714,0.1855017006802721,0.028082671683882583,0.13216054778554778,0.029933758655233234,2.875,0.05212912087912088,0.015405874190564293,1.5625,0.18551483238983235,0.03961901496501252,3.75,0.013736263736263736,0.21428571428571427,0.09479166666666666,0.08333333333333333,0.20946428571428571,0.026537764126591777
0.15,45,7.62939453125e-06,1155,0,0,0,0.75,0.03571428571428571,0.14285714285714285,0.0,0.07142857142857142,1.0,0.0,0.0,0.0,0.0,0.6111111111111112,0.05555555555555555,0.2222222222222222,0.0,0.1111111111111111,1.0,0.825,1.0,1.0,1.0,0.975,1.0,1.0,0.953125,0.9833333333333334,1.0,0.1372113997113997,0.014239991486733505,2.0714285714285716,0.005555555555555555,0.0,0.1,0.21035353535353535,0.022151097868252118,3.1666666666666665,0.0,0.0,0.0875,0.0,0.2018140589569161,0.014300270065919647,0.13659867909867912,0.017320653256783537,2.275,0.003472222222222222,0.0013020833333333333,0.125,0.22534965034965038,0.027999699872417003,3.7083333333333335,0.01282051282051282,0.047619047619047616,0.06770833333333333,0.07575757575757575,0.20001984126984124,0.015808043871468058
0.15,46,9.506940841674805e-06,682,0,0,0,0.8571428571428571,0.0,0.03571428571428571,0.0,0.10714285714285714,0.9,0.0,0.1,0.0,0.0,0.8333333333333334,0.0,0.0,0.0,0.16666666666666666,1.0,0.8,1.0,1.0,1.0,0.925,1.0,1.0,1.0,1.0,1.0,0.07770602413459556,0.019613273850177127,1.8928571428571428,0.04658119658119658,0.018925831202046037,1.7,0.094997594997595,0.019995186432472178,2.0,0.046296296296296294,0.0,0.0375,0.0,0.15065192743764172,0.020000297744843836,0.06884813103563103,0.02155729732404048,1.925,0.039963942307692304,0.011828644501278771,1.25,0.08810425685425684,0.02804306587254829,2.375,0.04807692307692308,0.047619047619047616,0.04427083333333333,0.10606060606060606,0.12563492063492063,0.020210333017475327
0.15,47,9.894371032714844e-06,1249,0,0,0,0.8928571428571429,0.0,0.03571428571428571,0.0,0.07142857142857142,0.9,0.0,0.1,0.0,0.0,0.8888888888888888,0.0,0.0,0.0,0.1111111111111111,1.0,0.9,1.0,1.0,1.0,1.0,1.0,1.0,0.95625,0.9857142857142858,1.0,0.06313775510204081,0.013770872924085418,1.3928571428571428,0.04444444444444444,0.006388642413487133,1.1,0.07352292768959436,0.017872112096640018,1.5555555555555556,0.009259259259259259,0.14285714285714285,0.0,0.03571428571428571,0.09430272108843538,0.011407981539969117,0.07209956709956711,0.015190181287414051,1.6,0.03988095238095238,0.005351597160603371,0.9375,0.09357864357864358,0.021749237371954503,2.0416666666666665,0.026098901098901096,0.09523809523809523,0.010416666666666666,0.1590909090909091,0.1175297619047619,0.011486385128853641
0.15,48,9.834766387939453e-06,1407,0,0,0,0.8571428571428571,0.0,0.14285714285714285,0.0,0.0,0.9,0.0,0.1,0.0,0.0,0.8333333333333334,0.0,0.16666666666666666,0.0,0.0,1.0,0.9,1.0,1.0,1.0,0.975,1.0,1.0,0.9489583333333333,0.9976190476190476,1.0,0.11274350649350649,0.008721138563937752,1.5714285714285714,0.0,0.00196078431372549,0.1,0.17537878787878788,0.012476890925166788,2.388888888888889,0.0,0.0,0.09166666666666666,0.07142857142857142,0.1372590702947846,0.008103309014535574,0.13644494394494394,0.020902549813796606,2.55,0.035962301587301584,0.01854478162502459,1.4375,0.20343337218337218,0.022474395272977944,3.2916666666666665,0.017094017094017092,0.19047619047619047,0.11302083333333332,0.13636363636363635,0.21468253968253967,0.017620805608494675
0.15,49,7.748603820800781e-06,1146,0,0,0,0.9642857142857143,0.0,0.0,0.0,0.03571428571428571,1.0,0.0,0.0,0.0,0.0,0.9444444444444444,0.0,0.0,0.0,0.05555555555555555,1.0,0.8,1.0,1.0,1.0,0.95,1.0,1.0,1.0,0.9928571428571429,1.0,0.07246572871572873,0.008708457476135455,1.2142857142857142,0.0,0.0,0.0,0.11272446689113355,0.013546489407321819,1.8888888888888888,0.0,0.0,0.15833333333333335,0.0,0.06441326530612244,0.008879813922192944,0.09369996629187806,0.01179689500787008,1.6,0.015425857843137254,0.0012755102040816326,0.3125,0.14588270525770528,0.018811151543729043,2.4583333333333335,0.02564102564102564,0.0,0.1328125,0.045454545454545456,0.10544642857142858,0.011569394401938314
0.2,0,7.569789886474609e-06,1274,0,0,0,0.75,0.0,0.0,0.17857142857142858,0.07142857142857142,1.0,0.0,0.0,0.0,0.0,0.6111111111111112,0.0,0.0,0.2777777777777778,0.1111111111111111,0.725,0.7,1.0,1.0,0.825,0.75,1.0,1.0,0.953125,0.9380952380952381,0.9888888888888889,0.22541486291486293,0.04542350080628008,4.678571428571429,0.02777777777777778,0.020504190974048483,1.5,0.3352132435465769,0.059267561824186514,6.444444444444445,0.005291005291005291,0.39285714285714285,0.25833333333333336,0.25,0.2663690476190476,0.03872477320425453,0.2054059829059829,0.03918807906979843,4.125,0.003472222222222222,0.01642838531733764,0.875,0.34002849002849,0.05436120823810562,6.291666666666667,0.003205128205128205,0.30952380952380953,0.21093749999999997,0.18181818181818182,0.23770833333333333,0.03402780246971699
0.2,1,0.007170632481575012,2000,6,2,2,0.7142857142857143,0.10714285714285714,0.17857142857142858,0.0,0.0,0.8,0.0,0.2,0.0,0.0,0.6666666666666666,0.16666666666666666,0.16666666666666666,0.0,0.0,1.0,0.7,0.875,1.0,1.0,0.825,0.875,1.0,0.890625,0.9383333333333332,1.0,0.20985128900044867,0.03319670925375361,3.892857142857143,0.05620915032679739,0.004347826086956522,1.2,0.2952080327080327,0.04922386656864089,5.388888888888889,0.1388888888888889,0.03571428571428571,0.07083333333333333,0.17857142857142858,0.2682823129251701,0.030813523336506828,0.19492578908020083,0.03182137531253314,3.75,0.05749030381383322,0.01882133288097848,1.875,0.2865494459244459,0.040488070266902924,5.0,0.14560439560439561,0.11904761904761904,0.08333333333333331,0.23484848484848483,0.2425,0.02772308791103469
0.2,2,9.268522262573242e-06,1095,0,0,0,0.75,0.0,0.03571428571428571,0.0,0.21428571428571427,0.7,0.0,0.0,0.0,0.3,0.7777777777777778,0.0,0.05555555555555555,0.0,0.16666666666666666,1.0,0.8,0.875,1.0,1.0,0.95,0.875,1.0,0.9572916666666667,1.0,1.0,0.16352397019413825,0.014192900066980079,2.392857142857143,0.07478991596638655,0.01437237600512346,1.8,0.21282066698733368,0.014093191212455978,2.7222222222222223,0.030864197530864196,0.08928571428571429,0.09666666666666665,0.07142857142857142,0.2512471655328798,0.012329810510789489,0.21039865975527738,0.021249318082772438,3.575,0.14865818923723334,0.025712946109383766,3.625,0.25155897343397343,0.018273566065031555,3.5416666666666665,0.09218559218559218,0.20238095238095238,0.13385416666666666,0.11363636363636363,0.34224206349206343,0.0173075050586499
0.2,3,8.463859558105469e-06,764,0,0,0,0.6785714285714286,0.07142857142857142,0.10714285714285714,0.14285714285714285,0.0,0.9,0.1,0.0,0.0,0.0,0.5555555555555556,0.05555555555555555,0.16666666666666666,0.2222222222222222,0.0,0.95,0.725,0.75,0.875,0.9,0.875,0.875,0.875,0.8473958333333333,0.8614285714285714,1.0,0.2655541179175633,0.0665742561877051,6.25,0.1099332040508511,0.02402258562287791,2.9,0.35201018117684785,0.09021407316816464,8.11111111111111,0.054673721340388004,0.5,0.24,0.07142857142857142,0.36267006802721086,0.060700378190689484,0.22327167930109107,0.050709276690860915,5.025,0.055513808087337496,0.014715602587188722,1.5625,0.33511026011026007,0.07470505942664239,7.333333333333333,0.04700854700854701,0.23809523809523808,0.190625,0.25,0.30428571428571427,0.04502741920115487
0.2,4,0.01064753532409668,2000,16,7,5,0.6071428571428571,0.0,0.17857142857142858,0.03571428571428571,0.17857142857142858,0.9,0.0,0.0,0.0,0.1,0.4444444444444444,0.0,0.2777777777777778,0.05555555555555555,0.2222222222222222,0.925,0.625,1.0,1.0,0.85,0.75,1.0,1.0,0.7744791666666666,0.8328571428571429,0.9972222222222222,0.3643312045097759,0.05466725357060287,6.357142857142857,0.06324786324786325,0.02352242167770118,2.1,0.5315997274330608,0.07196993795554826,8.722222222222221,0.39506172839506176,0.14285714285714285,0.20083333333333334,0.21428571428571427,0.4647108843537415,0.051762436595783,0.3251275113775114,0.04639055948576626,5.725,0.060016025641025636,0.010621071798284532,1.5,0.5018685018685018,0.07023688461075409,8.541666666666666,0.3536324786324786,0.09523809523809523,0.18697916666666664,0.22727272727272727,0.40770833333333334,0.04309660559160391
0.2,5,8.612871170043945e-06,1052,0,0,0,0.75,0.07142857142857142,0.14285714285714285,0.0,0.03571428571428571,0.9,0.0,0.1,0.0,0.0,0.6666666666666666,0.1111111111111111,0.16666666666666666,0.0,0.05555555555555555,1.0,0.825,0.875,0.875,1.0,0.825,1.0,1.0,0.9625,0.9785714285714286,1.0,0.1438092661306947,0.0247239238569936,2.7142857142857144,0.03492063492063492,0.015384615384615385,1.3,0.20430295013628347,0.029912428563870386,3.5,0.05555555555555555,0.07142857142857142,0.0975,0.07142857142857142,0.22816043083900225,0.023036991175162964,0.2018059718059718,0.04393079298317844,4.475,0.07464133089133089,0.02631182406072797,2.4375,0.2865823990823991,0.05567677226481208,5.833333333333333,0.045787545787545784,0.2857142857142857,0.16249999999999998,0.18181818181818182,0.34102182539682535,0.03959332561507204
0.2,6,7.331371307373047e-06,1837,0,0,0,0.7857142857142857,0.0,0.10714285714285714,0.03571428571428571,0.07142857142857142,0.8,0.0,0.1,0.0,0.1,0.7777777777777778,0.0,0.1111111111111111,0.05555555555555555,0.05555555555555555,0.975,0.825,1.0,1.0,0.975,0.925,1.0,1.0,0.9260416666666667,0.9619047619047619,1.0,0.1808699237270666,0.03341410685011977,3.5,0.04047619047619048,0.01483345846699884,1.4,0.2588664421997755,0.04373668928518696,4.666666666666667,0.16049382716049385,0.03571428571428571,0.1125,0.07142857142857142,0.1914965986394558,0.03270511738812319,0.2491332625707626,0.0509649032240491,5.275,0.11936336233211232,0.04704685992289893,4.125,0.3356465293965294,0.05357693209148254,6.041666666666667,0.2289377289377289,0.2619047619047619,0.19010416666666666,0.2803030303030303,0.3417261904761905,0.044040058417081376
0.2,7,9.775161743164062e-06,866,0,0,0,0.7142857142857143,0.03571428571428571,0.14285714285714285,0.0,0.10714285714285714,0.7,0.0,0.1,0.0,0.2,0.7222222222222222,0.05555555555555555,0.16666666666666666,0.0,0.05555555555555555,1.0,0.75,1.0,1.0,1.0,0.9,1.0,1.0,0.9270833333333333,0.9357142857142857,1.0,0.17544320758606474,0.02900276718654893,3.357142857142857,0.08333333333333333,0.027675585284280935,2.6,0.22661535994869325,0.0297400904655867,3.7777777777777777,0.11485890652557319,0.07142857142857142,0.175,0.07142857142857142,0.20520124716553287,0.027635980500863605,0.19401698995448996,0.025202704993334296,3.4,0.06366662851037852,0.019017220391501083,1.9375,0.2809172309172309,0.029326361394556442,4.375,0.11675824175824176,0.14285714285714285,0.15208333333333332,0.1515151515151515,0.2893849206349206,0.02245911004578898
0.2,8,7.063150405883789e-06,985,0,0,0,0.9285714285714286,0.0,0.0,0.0,0.07142857142857142,1.0,0.0,0.0,0.0,0.0,0.8888888888888888,0.0,0.0,0.0,0.1111111111111111,0.825,0.875,1.0,1.0,1.0,0.925,0.875,1.0,0.9510416666666667,0.9619047619047619,1.0,0.18091412555698264,0.023323476715059844,3.142857142857143,0.10253357753357753,0.006347826086956522,2.0,0.22445887445887447,0.0327543937306728,3.7777777777777777,0.12654320987654322,0.10714285714285714,0.23666666666666666,0.07142857142857142,0.17694160997732428,0.020983086200706224,0.20178831585081589,0.024087608012203793,3.4,0.06273179945054945,0.00125,1.0625,0.2944926601176601,0.039312680020339656,4.958333333333333,0.1655982905982906,0.09523809523809523,0.2895833333333333,0.09848484848484848,0.1859126984126984,0.021861458945535466
0.2,9,9.179115295410156e-06,1046,0,0,0,0.6785714285714286,0.0,0.2857142857142857,0.0,0.03571428571428571,0.9,0.0,0.1,0.0,0.0,0.5555555555555556,0.0,0.3888888888888889,0.0,0.05555555555555555,1.0,0.875,1.0,1.0,1.0,0.8,1.0,1.0,0.915625,0.9571428571428571,1.0,0.2879259629259629,0.031225662018993294,4.5,0.09474969474969473,0.004081632653061224,1.7,0.3952461119127786,0.046305678333399984,6.055555555555555,0.10934744268077601,0.17857142857142858,0.10166666666666666,0.21428571428571427,0.4181831065759637,0.02762150968658978,0.2839609002109002,0.03963858483160872,5.1,0.11263736263736263,0.016947539885519426,2.625,0.3981765919265919,0.05476594812900159,6.75,0.14835164835164835,0.19047619047619047,0.16770833333333335,0.4090909090909091,0.4062797619047619,0.03221474751545145
0.2,10,9.417533874511719e-06,1037,0,0,0,0.6071428571428571,0.10714285714285714,0.14285714285714285,0.0,0.14285714285714285,0.7,0.1,0.2,0.0,0.0,0.5555555555555556,0.1111111111111111,0.1111111111111111,0.0,0.2222222222222222,1.0,0.725,1.0,1.0,1.0,0.775,1.0,1.0,0.9541666666666666,0.9438095238095238,1.0,0.2580567891492261,0.029301462367910258,4.392857142857143,0.2017004237592473,0.032494962348420475,4.6,0.2893658810325477,0.02752729571207125,4.277777777777778,0.0564373897707231,0.30357142857142855,0.2925,0.17857142857142858,0.36203231292517,0.023597096499354247,0.25698413718634305,0.029325151061710297,4.55,0.17774831887883358,0.027260544988649413,4.0625,0.30980801605801606,0.030701555110417552,4.875,0.061507936507936505,0.2976190476190476,0.30104166666666665,0.11363636363636363,0.36238095238095236,0.0246069197623819
0.2,11,8.165836334228516e-06,937,0,0,0,0.75,0.0,0.14285714285714285,0.0,0.10714285714285714,0.9,0.0,0.1,0.0,0.0,0.6666666666666666,0.0,0.16666666666666666,0.0,0.16666666666666666,1.0,0.775,1.0,1.0,1.0,0.8,1.0,1.0,0.9260416666666667,0.905952380952381,1.0,0.2108078079716735,0.02827821300822037,3.75,0.0781045751633987,0.01896815582420259,2.3,0.2845318261984928,0.03345046699934136,4.555555555555555,0.17746913580246912,0.0,0.17916666666666664,0.14285714285714285,0.25581065759637184,0.026733207626361742,0.23060863768584355,0.02698604689938806,3.975,0.06036049836601308,0.013157180723459953,1.6875,0.3441073972323972,0.03620529101667346,5.5,0.23931623931623933,0.0,0.21718749999999998,0.07575757575757575,0.24609126984126983,0.026303652382800323
0.2,12,9.804964065551758e-06,1331,0,0,0,0.7142857142857143,0.0,0.17857142857142858,0.03571428571428571,0.07142857142857142,0.9,0.0,0.1,0.0,0.0,0.6111111111111112,0.0,0.2222222222222222,0.05555555555555555,0.1111111111111111,0.975,0.775,1.0,1.0,0.975,0.9,0.875,1.0,0.9302083333333333,0.9380952380952381,1.0,0.19671686856560805,0.04705176111682691,4.5,0.05542483660130719,0.030858282258324238,2.4,0.2752124418791085,0.0560481382604395,5.666666666666667,0.010582010582010581,0.32142857142857145,0.15583333333333332,0.14285714285714285,0.26848072562358277,0.04258407524025309,0.23349143503555267,0.051651414424134,5.25,0.07023080065359477,0.03495061955526536,2.875,0.342331857956858,0.06278527767004642,6.833333333333333,0.014804639804639804,0.35714285714285715,0.22760416666666666,0.303030303030303,0.3193948412698413,0.04375563394831071
0.2,13,0.015570104122161865,2000,14,4,5,0.6785714285714286,0.14285714285714285,0.14285714285714285,0.03571428571428571,0.0,0.7,0.2,0.1,0.0,0.0,0.6666666666666666,0.1111111111111111,0.16666666666666666,0.05555555555555555,0.0,0.9,0.825,1.0,1.0,0.975,0.875,1.0,1.0,0.8364583333333333,0.8985714285714286,1.0,0.28712520556007953,0.04179406187683586,5.142857142857143,0.13388924800689508,0.027994884910485934,3.5,0.3722562930896264,0.049460271302585825,6.055555555555555,0.12433862433862432,0.35714285714285715,0.08916666666666666,0.35714285714285715,0.4518140589569161,0.03456641564221202,0.23377464855406033,0.0326315748466727,4.2,0.08378761761114702,0.018096499469352958,2.1875,0.33376600251600247,0.04232162509821919,5.541666666666667,0.18192918192918192,0.23809523809523808,0.10520833333333333,0.25,0.32960317460317456,0.027082831944495088
0.2,14,7.68899917602539e-06,1128,0,0,0,0.7142857142857143,0.14285714285714285,0.07142857142857142,0.0,0.07142857142857142,0.7,0.1,0.2,0.0,0.0,0.7222222222222222,0.16666666666666666,0.0,0.0,0.1111111111111111,1.0,0.9,0.875,1.0,1.0,0.9,1.0,1.0,0.865625,0.9928571428571429,1.0,0.20790162218733643,0.044777135307895385,4.571428571428571,0.12228327228327229,0.06359315327924381,5.0,0.2554673721340388,0.03432379199047958,4.333333333333333,0.20105820105820107,0.35714285714285715,0.21583333333333332,0.21428571428571427,0.273171768707483,0.039586866024828825,0.21457473082473083,0.04181455943117975,4.6,0.11180555555555555,0.04682046374018191,4.0625,0.28308751433751433,0.038477289891844985,4.958333333333333,0.16437728937728938,0.30952380952380953,0.25468749999999996,0.1590909090909091,0.2678571428571429,0.03718959296792611
0.2,15,6.765127182006836e-06,1588,0,0,0,0.6785714285714286,0.03571428571428571,0.07142857142857142,0.14285714285714285,0.07142857142857142,0.9,0.1,0.0,0.0,0.0,0.5555555555555556,0.0,0.1111111111111111,0.2222222222222222,0.1111111111111111,0.75,0.8,1.0,1.0,0.85,0.95,1.0,1.0,0.8880208333333333,0.9071428571428571,0.9972222222222222,0.3202930006501435,0.058051874897663905,6.214285714285714,0.015384615384615385,0.002040816326530612,0.3,0.48968654801988126,0.08916912965940463,9.5,0.37566137566137564,0.03571428571428571,0.27083333333333337,0.17857142857142858,0.3554138321995465,0.05639034588464177,0.23032328782328784,0.0301027239932528,3.975,0.03163919413919414,0.006384205856255545,0.75,0.3627793502793503,0.04591506941791763,6.125,0.2765567765567765,0.09523809523809523,0.1953125,0.09090909090909091,0.28039682539682537,0.02870688737000887
0.2,16,8.910894393920898e-06,1637,0,0,0,0.75,0.0,0.17857142857142858,0.0,0.07142857142857142,1.0,0.0,0.0,0.0,0.0,0.6111111111111112,0.0,0.2777777777777778,0.0,0.1111111111111111,1.0,0.7,1.0,1.0,1.0,0.875,0.75,0.875,0.95625,0.9530952380952381,1.0,0.23444379500051765,0.03130070989487577,4.071428571428571,0.0968286288874524,0.015084294587400177,2.3,0.3108966650633317,0.04030982951013998,5.055555555555555,0.021164021164021163,0.35714285714285715,0.14583333333333334,0.21428571428571427,0.3966836734693877,0.024902985551956597,0.22255349838070426,0.03153743890025644,4.025,0.08699358749910222,0.018542267450458446,2.3125,0.31292677230177235,0.040200886533455105,5.166666666666667,0.00641025641025641,0.2857142857142857,0.18229166666666666,0.14393939393939392,0.35294642857142855,0.025461093997191032
0.2,17,0.002342700958251953,2000,6,2,2,0.9285714285714286,0.0,0.03571428571428571,0.0,0.03571428571428571,1.0,0.0,0.0,0.0,0.0,0.8888888888888888,0.0,0.05555555555555555,0.0,0.05555555555555555,1.0,0.7,0.875,1.0,0.975,0.95,0.875,1.0,0.9270833333333333,0.9357142857142857,1.0,0.1561891423235961,0.04623779128018328,4.071428571428571,0.01764705882352941,0.008270903010033446,0.7,0.2331569664902998,0.06733050698582208,5.944444444444445,0.05555555555555555,0.25,0.025,0.39285714285714285,0.2312074829931973,0.04053061506831558,0.12225312473474237,0.02431936946276261,2.575,0.02981661414565826,0.009048991252019203,0.9375,0.18387746512746514,0.034499621603258215,3.6666666666666665,0.0,0.07142857142857142,0.08854166666666666,0.18181818181818182,0.20740079365079364,0.022144306635717273
0.2,18,7.927417755126953e-06,825,0,0,0,0.8571428571428571,0.0,0.10714285714285714,0.0,0.03571428571428571,0.9,0.0,0.1,0.0,0.0,0.8333333333333334,0.0,0.1111111111111111,0.0,0.05555555555555555,1.0,0.875,1.0,1.0,1.0,0.975,1.0,1.0,0.9333333333333333,0.9714285714285714,1.0,0.15940825047967902,0.03142308182368248,3.357142857142857,0.07356532356532355,0.022475485661424606,2.3,0.20709876543209876,0.03639396858049242,3.9444444444444446,0.027777777777777776,0.14285714285714285,0.05583333333333333,0.17857142857142858,0.2317176870748299,0.027443343102261396,0.1028578712953713,0.029668801058702156,2.65,0.040162355006105,0.01948196114708603,1.5625,0.14465488215488218,0.036460027666446244,3.375,0.04700854700854701,0.16666666666666666,0.0515625,0.18181818181818182,0.1450892857142857,0.02568541561036518
0.2,19,8.52346420288086e-06,718,0,0,0,0.5714285714285714,0.0,0.32142857142857145,0.0,0.10714285714285714,0.8,0.0,0.0,0.0,0.2,0.4444444444444444,0.0,0.5,0.0,0.05555555555555555,1.0,0.8,0.5,0.75,1.0,0.875,0.5,0.875,0.9098958333333333,0.9278571428571429,1.0,0.20771605845135258,0.03316574285556547,4.0,0.11746354952237306,0.017865493169444538,2.6,0.25785634118967454,0.0416658815700771,4.777777777777778,0.06701940035273368,0.17857142857142858,0.1375,0.14285714285714285,0.3363945578231292,0.029534994516005216,0.2673686485083544,0.044623535369613686,5.3,0.11753674226100697,0.02187187907077725,2.9375,0.367256586006586,0.05979130623550466,6.875,0.09584859584859586,0.3333333333333333,0.2265625,0.25,0.40610119047619053,0.036761862748652084
0.2,20,9.059906005859375e-06,1107,0,0,0,0.8214285714285714,0.0,0.03571428571428571,0.0,0.14285714285714285,0.8,0.0,0.0,0.0,0.2,0.8333333333333334,0.0,0.05555555555555555,0.0,0.1111111111111111,0.925,0.85,1.0,1.0,0.975,0.925,1.0,1.0,0.9791666666666667,0.969047619047619,1.0,0.14932950452908433,0.02723982382331201,2.9285714285714284,0.02366013071895425,0.006095481670929241,0.7,0.21914582331248997,0.03898668057463577,4.166666666666667,0.018518518518518517,0.0,0.16833333333333333,0.0,0.17898242630385486,0.027610412951509615,0.14394148539369128,0.02407267554700738,2.85,0.038733514239028946,0.01514386189258312,1.375,0.2140801328301328,0.030025217983290216,3.8333333333333335,0.09706959706959707,0.14285714285714285,0.20156249999999998,0.01515151515151515,0.14746031746031746,0.022823047252405592
0.2,21,7.331371307373047e-06,1302,0,0,0,0.8214285714285714,0.0,0.14285714285714285,0.0,0.03571428571428571,1.0,0.0,0.0,0.0,0.0,0.7222222222222222,0.0,0.2222222222222222,0.0,0.05555555555555555,1.0,0.7,1.0,1.0,1.0,0.775,1.0,1.0,0.8869791666666667,0.9292857142857143,1.0,0.23487154185683595,0.02409827368403277,3.8214285714285716,0.07301910507792861,0.014434168316155894,1.8,0.32478956228956224,0.029467221110631034,4.944444444444445,0.028439153439153438,0.14285714285714285,0.18916666666666668,0.21428571428571427,0.3582766439909297,0.020388628648409544,0.2339399938296997,0.02472737439628423,3.825,0.035914718451483155,0.0064703347894341685,0.875,0.36595684408184415,0.03689873413418427,5.791666666666667,0.016025641025641024,0.14285714285714285,0.29531250000000003,0.09090909090909091,0.3181547619047619,0.023008402323731383
0.2,22,9.506940841674805e-06,941,0,0,0,0.8571428571428571,0.0,0.10714285714285714,0.0,0.03571428571428571,0.9,0.0,0.1,0.0,0.0,0.8333333333333334,0.0,0.1111111111111111,0.0,0.05555555555555555,1.0,0.825,1.0,1.0,1.0,0.925,1.0,1.0,0.971875,0.9888095238095238,1.0,0.14510921501467716,0.01418163871553575,2.5,0.16613624937154348,0.012830349531116794,3.4,0.1334275292608626,0.014932354929101839,2.0,0.02998236331569665,0.14285714285714285,0.20750000000000002,0.03571428571428571,0.210515873015873,0.012187325789801263,0.17574602480852483,0.022414345835287,3.2,0.11123607295482296,0.011986359761295824,2.375,0.2187526593776594,0.02936633655128112,3.75,0.046855921855921856,0.19047619047619047,0.26875,0.0,0.246765873015873,0.02075091028261995
0.2,23,9.298324584960938e-06,1343,0,0,0,0.75,0.0,0.03571428571428571,0.0,0.21428571428571427,1.0,0.0,0.0,0.0,0.0,0.6111111111111112,0.0,0.05555555555555555,0.0,0.3333333333333333,1.0,0.75,1.0,1.0,1.0,0.825,0.75,0.75,0.953125,0.9880952380952381,1.0,0.16609719645433926,0.023600453964391154,2.8214285714285716,0.005555555555555555,0.004301572617946346,0.3,0.2552869969536636,0.03432205471241605,4.222222222222222,0.14814814814814814,0.0,0.05833333333333333,0.07142857142857142,0.20195578231292516,0.023290756917651412,0.19880251692751694,0.029289646427944117,3.575,0.010416666666666666,0.005405874190564292,0.4375,0.3243930837680838,0.04521216125286399,5.666666666666667,0.23076923076923078,0.047619047619047616,0.09114583333333333,0.16666666666666666,0.23434523809523808,0.027150961582243137
0.2,24,8.761882781982422e-06,1989,0,0,0,0.6428571428571429,0.0,0.21428571428571427,0.0,0.14285714285714285,0.8,0.0,0.1,0.0,0.1,0.5555555555555556,0.0,0.2777777777777778,0.0,0.16666666666666666,1.0,0.625,0.875,1.0,1.0,0.825,1.0,1.0,0.9333333333333333,0.9259523809523809,1.0,0.20237496513757017,0.02743603841423384,3.75,0.12186274509803922,0.018013947199886145,2.8,0.24710397627064296,0.0326705335333159,4.277777777777778,0.05842151675485008,0.125,0.29999999999999993,0.10714285714285714,0.22491496598639457,0.024227546472374704,0.20012057999190352,0.028158865289587477,3.85,0.12158832282913165,0.011825188571835194,2.625,0.2524754181004181,0.03904798310142233,4.666666666666667,0.08577533577533576,0.15476190476190477,0.18489583333333331,0.06818181818181818,0.28535714285714286,0.024909359794769513
0.2,25,5.900859832763672e-06,1340,0,0,0,0.6785714285714286,0.0,0.2857142857142857,0.0,0.03571428571428571,0.8,0.0,0.1,0.0,0.1,0.6111111111111112,0.0,0.3888888888888889,0.0,0.0,0.95,0.7,1.0,1.0,0.975,0.8,1.0,1.0,0.9270833333333333,0.8773809523809524,1.0,0.24741366243467083,0.045437901306510375,5.0,0.09635854341736694,0.040064093494794915,3.5,0.33133317299983966,0.04842335009079674,5.833333333333333,0.12257495590828923,0.2857142857142857,0.2966666666666667,0.0,0.28929988662131517,0.042182131422181406,0.22628081273301862,0.04562417856602154,4.825,0.09885256185807656,0.04956705673356655,3.9375,0.31123297998298,0.04299559312099153,5.416666666666667,0.038461538461538464,0.21428571428571427,0.28541666666666665,0.022727272727272728,0.30477182539682535,0.042507156597840566
0.2,26,9.387731552124023e-06,655,0,0,0,0.7857142857142857,0.0,0.07142857142857142,0.0,0.14285714285714285,1.0,0.0,0.0,0.0,0.0,0.6666666666666666,0.0,0.1111111111111111,0.0,0.2222222222222222,0.975,0.775,1.0,1.0,1.0,0.875,1.0,1.0,0.9244791666666667,0.927142857142857,1.0,0.20090702947845807,0.03714747509798076,3.9642857142857144,0.05277777777777778,0.01575319090847041,1.5,0.28320105820105823,0.049033188536597626,5.333333333333333,0.037037037037037035,0.10714285714285714,0.20166666666666666,0.14285714285714285,0.24855442176870748,0.035092090173474796,0.20811025779775782,0.03911553997357059,4.25,0.04418402777777778,0.01924241163856847,1.625,0.31739441114441114,0.05236429219690534,6.0,0.059829059829059825,0.19047619047619047,0.2119791666666667,0.045454545454545456,0.24818452380952377,0.03704750243233011
0.2,27,7.539987564086914e-06,972,0,0,0,0.5357142857142857,0.10714285714285714,0.32142857142857145,0.0,0.03571428571428571,0.7,0.0,0.3,0.0,0.0,0.4444444444444444,0.16666666666666666,0.3333333333333333,0.0,0.05555555555555555,1.0,0.55,0.5,1.0,1.0,0.8,1.0,1.0,0.7416666666666667,0.8314285714285714,1.0,0.36986616324851623,0.07488247192926208,7.964285714285714,0.1957767722473605,0.03173100433512906,4.9,0.4665824915824916,0.09885550948155816,9.666666666666666,0.2257495590828924,0.35714285714285715,0.20583333333333337,0.32142857142857145,0.5122874149659864,0.06569408475605995,0.23136926594647184,0.04494696196297796,5.0,0.15001060520361992,0.026123987638533675,3.8125,0.2856083731083731,0.05749561151260748,5.791666666666667,0.14774114774114772,0.23809523809523808,0.1140625,0.18181818181818182,0.3420535714285714,0.04030002161622771
0.2,28,8.463859558105469e-06,1022,0,0,0,0.75,0.03571428571428571,0.14285714285714285,0.03571428571428571,0.03571428571428571,1.0,0.0,0.0,0.0,0.0,0.6111111111111112,0.05555555555555555,0.2222222222222222,0.05555555555555555,0.05555555555555555,0.975,0.75,1.0,1.0,0.975,0.9,1.0,1.0,0.984375,0.9738095238095238,1.0,0.1377529216814931,0.04033522019596899,3.5714285714285716,0.013247863247863248,0.008695652173913044,0.6,0.20692239858906525,0.057912757986000075,5.222222222222222,0.0,0.2857142857142857,0.10833333333333335,0.25,0.2266156462585034,0.035304086178313224,0.1624376318126318,0.042291018018189,4.05,0.045032051282051275,0.012088463102632356,1.3125,0.24070801883301884,0.062426054628560095,5.875,0.004273504273504273,0.2857142857142857,0.11458333333333333,0.36363636363636365,0.28116071428571426,0.03472507572106705
0.2,29,7.927417755126953e-06,1666,0,0,0,0.7142857142857143,0.0,0.21428571428571427,0.0,0.07142857142857142,0.9,0.0,0.1,0.0,0.0,0.6111111111111112,0.0,0.2777777777777778,0.0,0.1111111111111111,1.0,0.65,0.75,0.875,1.0,0.8,0.75,0.875,0.871875,0.8707142857142857,1.0,0.16875168482311337,0.035291628936434914,3.4642857142857144,0.0834859584859585,0.047716401610811546,3.5,0.21612153278819946,0.028388977450670125,3.4444444444444446,0.01763668430335097,0.10714285714285714,0.09666666666666666,0.21428571428571427,0.24947562358276643,0.03220714464736752,0.23607871295371297,0.04612963586116878,4.85,0.09267971611721612,0.053615756503270204,4.0625,0.3316780441780442,0.041138888766434505,5.375,0.05433455433455432,0.30952380952380953,0.14947916666666666,0.2727272727272727,0.3874900793650794,0.03810399527603815
0.2,30,9.5367431640625e-06,1518,0,0,0,0.8214285714285714,0.07142857142857142,0.07142857142857142,0.03571428571428571,0.0,0.8,0.2,0.0,0.0,0.0,0.8333333333333334,0.0,0.1111111111111111,0.05555555555555555,0.0,0.975,0.925,0.875,0.875,0.975,0.925,0.875,0.875,0.9739583333333333,0.9785714285714286,1.0,0.14142484499627356,0.02339953668951179,2.607142857142857,0.034279609279609276,0.0038461538461538464,0.7,0.20094997594997596,0.03426252715804398,3.6666666666666665,0.042328042328042326,0.10714285714285714,0.14333333333333334,0.03571428571428571,0.15433673469387757,0.02164843188749575,0.15174908424908423,0.018348801229383677,2.525,0.030353327228327225,0.0036793563579277863,0.625,0.23267958892958893,0.0281284311436876,3.7916666666666665,0.020146520146520144,0.11904761904761904,0.1989583333333333,0.08333333333333333,0.17258928571428572,0.01588122299295573
0.2,31,0.0003947019577026367,2000,3,1,1,0.75,0.07142857142857142,0.07142857142857142,0.03571428571428571,0.07142857142857142,0.8,0.1,0.1,0.0,0.0,0.7222222222222222,0.05555555555555555,0.05555555555555555,0.05555555555555555,0.1111111111111111,0.725,0.8,1.0,1.0,0.925,0.975,1.0,1.0,0.909375,0.9261904761904762,0.9805555555555556,0.23575809111523396,0.05275445226516546,5.142857142857143,0.06031746031746031,0.026823311748381123,2.3,0.3332251082251082,0.06716064144115676,6.722222222222222,0.12169312169312169,0.2857142857142857,0.2,0.21428571428571427,0.29604591836734695,0.04735988654961978,0.17060151653901653,0.03483427008035145,3.675,0.071412355006105,0.018066653176071538,2.0625,0.2367276242276242,0.04601268134987139,4.75,0.04304029304029303,0.2619047619047619,0.12239583333333333,0.14393939393939392,0.25246031746031744,0.02974913821876881
0.2,32,9.000301361083984e-06,739,0,0,0,0.6071428571428571,0.07142857142857142,0.2857142857142857,0.0,0.03571428571428571,0.8,0.1,0.1,0.0,0.0,0.5,0.05555555555555555,0.3888888888888889,0.0,0.05555555555555555,0.975,0.925,1.0,1.0,1.0,0.85,1.0,1.0,0.8505208333333334,0.9321428571428572,0.9861111111111112,0.27393515681330805,0.0480550736349612,5.321428571428571,0.1126100696688932,0.02704347826086957,3.1,0.3635602052268718,0.05972818217612322,6.555555555555555,0.08994708994708994,0.32142857142857145,0.18833333333333332,0.25,0.3881802721088436,0.04270473485077865,0.2432599793996853,0.04352219268543084,4.875,0.10919196204122673,0.019038330005915413,2.625,0.33263865763865763,0.0598447678051078,6.375,0.10866910866910864,0.30952380952380953,0.15208333333333332,0.1590909090909091,0.39077380952380947,0.03863748858498101
0.2,33,0.008124232292175293,2000,1,0,0,0.8214285714285714,0.0,0.14285714285714285,0.0,0.03571428571428571,1.0,0.0,0.0,0.0,0.0,0.7222222222222222,0.0,0.2222222222222222,0.0,0.05555555555555555,1.0,0.75,1.0,1.0,1.0,0.85,1.0,1.0,0.8984375,0.894047619047619,1.0,0.18948026180169036,0.021194881134299372,3.0357142857142856,0.03492063492063492,0.006270903010033445,0.9,0.27534672118005443,0.02948598009222488,4.222222222222222,0.00992063492063492,0.21428571428571427,0.2208333333333333,0.03571428571428571,0.20484693877551022,0.01813218976065694,0.18847631535131534,0.019916558926206963,3.125,0.04920253357753358,0.006793478260869565,1.125,0.2813255032005032,0.028665279369765224,4.458333333333333,0.022893772893772892,0.14285714285714285,0.23697916666666666,0.06818181818181818,0.23830357142857142,0.01789499241221428
0.2,34,9.387731552124023e-06,1616,0,0,0,0.7857142857142857,0.0,0.14285714285714285,0.0,0.07142857142857142,0.8,0.0,0.0,0.0,0.2,0.7777777777777778,0.0,0.2222222222222222,0.0,0.0,1.0,0.85,1.0,1.0,1.0,0.925,1.0,1.0,0.8666666666666667,0.9411904761904761,0.9777777777777779,0.2069425614068471,0.047212720561460524,5.035714285714286,0.26735042735042736,0.05162308401621518,6.6,0.1733826358826359,0.04476251864215239,4.166666666666667,0.12213403880070546,0.21428571428571427,0.1325,0.10714285714285714,0.25999149659863946,0.04349823868180155,0.18940014846264847,0.04336265226248102,4.65,0.2392561431623932,0.049026936861701204,6.125,0.15616281866281867,0.03958646252966757,3.6666666666666665,0.1572039072039072,0.21428571428571427,0.1125,0.16666666666666666,0.26372023809523804,0.038275956835757984
0.2,35,9.179115295410156e-06,1185,0,0,0,0.9285714285714286,0.0,0.03571428571428571,0.0,0.03571428571428571,1.0,0.0,0.0,0.0,0.0,0.8888888888888888,0.0,0.05555555555555555,0.0,0.05555555555555555,1.0,0.85,0.875,0.875,1.0,0.925,0.875,0.875,0.9479166666666667,0.9785714285714286,1.0,0.12088615749330035,0.015062841800175687,2.0714285714285716,0.03603174603174603,0.012065366244697551,1.2,0.16802749719416388,0.016728105997663542,2.5555555555555554,0.053791887125220456,0.125,0.135,0.0,0.12563775510204084,0.013107160036723148,0.1776525557775558,0.025003670759985736,3.15,0.06349206349206349,0.024155651996086273,2.1875,0.25375955063455063,0.025569016602585374,3.7916666666666665,0.08852258852258853,0.15476190476190477,0.18854166666666664,0.06818181818181818,0.18785714285714286,0.022131839207383795
0.2,36,9.864568710327148e-06,1438,0,0,0,0.7142857142857143,0.0,0.17857142857142858,0.0,0.10714285714285714,0.7,0.0,0.2,0.0,0.1,0.7222222222222222,0.0,0.16666666666666666,0.0,0.1111111111111111,1.0,0.675,1.0,1.0,1.0,0.825,1.0,1.0,0.9,0.9164285714285714,1.0,0.28014728618720214,0.03409021309829427,4.714285714285714,0.13355742296918768,0.05151481983243735,4.6,0.36158609908609907,0.024409876023770333,4.777777777777778,0.029100529100529095,0.4642857142857143,0.3708333333333333,0.07142857142857142,0.3721938775510204,0.02649217708060342,0.24638930513930513,0.030586381037127984,4.2,0.0695436507936508,0.029268929027883833,2.5,0.36428640803640805,0.03146468237662409,5.333333333333333,0.014804639804639804,0.30952380952380953,0.23177083333333331,0.16666666666666666,0.35538690476190476,0.025324794106231258
0.2,37,9.894371032714844e-06,1174,0,0,0,0.6071428571428571,0.03571428571428571,0.2857142857142857,0.0,0.07142857142857142,0.9,0.1,0.0,0.0,0.0,0.4444444444444444,0.0,0.4444444444444444,0.0,0.1111111111111111,1.0,0.75,1.0,1.0,1.0,0.85,1.0,1.0,0.9479166666666667,0.9833333333333334,1.0,0.17254342879342882,0.021494972422810392,2.7857142857142856,0.025470085470085467,0.004347826086956522,0.6,0.2542508417508417,0.031021164831618098,4.0,0.10934744268077602,0.07142857142857142,0.029166666666666664,0.03571428571428571,0.20323129251700678,0.019824505683198542,0.19863854895104893,0.02552337453893232,3.375,0.055241720085470084,0.00910159716060337,1.25,0.29423643486143486,0.03647122612448495,4.791666666666667,0.11660561660561661,0.14285714285714285,0.09375,0.11363636363636363,0.2539285714285714,0.022651372913642675
0.2,38,9.924173355102539e-06,1588,0,0,0,0.7142857142857143,0.07142857142857142,0.17857142857142858,0.03571428571428571,0.0,0.7,0.2,0.1,0.0,0.0,0.7222222222222222,0.0,0.2222222222222222,0.05555555555555555,0.0,0.975,0.85,1.0,1.0,0.975,0.875,1.0,1.0,0.840625,0.9452380952380952,1.0,0.19945659499230925,0.03860767666741804,4.25,0.15299145299145298,0.03926931976804099,4.4,0.22527056277056273,0.03824009716707195,4.166666666666667,0.12389770723104057,0.25,0.1825,0.35714285714285715,0.29968820861678,0.03053324063776856,0.20783747502497504,0.03222603134103195,4.075,0.1413165827228327,0.03371452050719953,3.9375,0.25218473655973656,0.031233705230253567,4.166666666666667,0.1285103785103785,0.23809523809523808,0.15052083333333333,0.18181818181818182,0.30561507936507937,0.025637375129809625
0.2,39,7.599592208862305e-06,1772,0,0,0,0.5357142857142857,0.07142857142857142,0.17857142857142858,0.0,0.21428571428571427,0.7,0.0,0.1,0.0,0.2,0.4444444444444444,0.1111111111111111,0.2222222222222222,0.0,0.2222222222222222,1.0,0.725,0.75,0.875,1.0,0.85,0.875,0.875,0.8838541666666666,0.8809523809523809,1.0,0.281082806082806,0.04910441745677459,5.642857142857143,0.16846764346764348,0.05570485987036955,5.3,0.34364678531345194,0.04543750500477739,5.833333333333333,0.11000881834215166,0.25,0.25583333333333336,0.10714285714285714,0.3719954648526077,0.04619310420377138,0.25965284715284714,0.048484118199211515,5.425,0.12520795177045177,0.04100892510014039,3.9375,0.3492827774077774,0.05346758026525894,6.416666666666667,0.17719780219780218,0.14285714285714285,0.1859375,0.09090909090909091,0.35249007936507937,0.04670686129719439
0.2,40,8.463859558105469e-06,1495,0,0,0,0.7142857142857143,0.03571428571428571,0.17857142857142858,0.0,0.07142857142857142,0.8,0.1,0.1,0.0,0.0,0.6666666666666666,0.0,0.2222222222222222,0.0,0.1111111111111111,1.0,0.925,1.0,1.0,1.0,0.875,0.875,0.875,0.9432291666666667,0.9916666666666667,1.0,0.2153144766064934,0.028991582153661485,3.7857142857142856,0.10556812468577174,0.010603371783496008,2.2,0.27628467211800545,0.0392072545815312,4.666666666666667,0.053791887125220456,0.21428571428571427,0.1425,0.0,0.28408446712018137,0.02739697439945122,0.20142703089394268,0.03689531875283255,4.2,0.12281291523019464,0.025977937370600418,3.1875,0.25383644133644134,0.04417357300765398,4.875,0.040903540903540904,0.30952380952380953,0.18541666666666665,0.1590909090909091,0.30162698412698413,0.030600336445265452
0.2,41,8.761882781982422e-06,1885,0,0,0,0.75,0.0,0.10714285714285714,0.03571428571428571,0.10714285714285714,1.0,0.0,0.0,0.0,0.0,0.6111111111111112,0.0,0.16666666666666666,0.05555555555555555,0.16666666666666666,0.95,0.775,1.0,1.0,0.975,0.95,1.0,1.0,0.9479166666666667,0.9833333333333334,1.0,0.16804396000824573,0.0479800524027958,4.178571428571429,0.02222222222222222,0.008695652173913044,0.8,0.24905603655603656,0.06980471919661957,6.055555555555555,0.037037037037037035,0.07142857142857142,0.06666666666666667,0.2857142857142857,0.25162981859410427,0.04495000548068978,0.1759192196692197,0.04539147129294173,4.35,0.06867177960927962,0.009293478260869565,1.5625,0.24741751304251303,0.06945679998098984,6.208333333333333,0.07203907203907203,0.16666666666666666,0.0828125,0.45454545454545453,0.2798313492063492,0.038627225589162414
0.2,42,6.985664367675781e-05,2000,6,2,1,0.6785714285714286,0.03571428571428571,0.10714285714285714,0.0,0.17857142857142858,0.9,0.0,0.1,0.0,0.0,0.5555555555555556,0.05555555555555555,0.1111111111111111,0.0,0.2777777777777778,1.0,0.725,1.0,1.0,1.0,0.875,1.0,1.0,0.9515625,0.9785714285714286,1.0,0.17446841790329184,0.0382164717538828,3.8214285714285716,0.059200603318250375,0.00196078431372549,1.0,0.23850609267275935,0.058358520331747966,5.388888888888889,0.042328042328042326,0.21428571428571427,0.10333333333333332,0.10714285714285714,0.27090419501133783,0.03492878696743274,0.18259665987607163,0.04400563995435969,4.35,0.08077136303239245,0.01748914783304626,2.125,0.2504801911051911,0.061683301368568644,5.833333333333333,0.029304029304029304,0.3333333333333333,0.1421875,0.23484848484848483,0.2912400793650794,0.03745291595831012
0.2,43,5.429983139038086e-05,2000,2,1,0,0.6785714285714286,0.03571428571428571,0.10714285714285714,0.03571428571428571,0.14285714285714285,0.9,0.0,0.0,0.0,0.1,0.5555555555555556,0.05555555555555555,0.16666666666666666,0.05555555555555555,0.16666666666666666,0.95,0.775,1.0,1.0,0.975,0.85,1.0,1.0,0.9328125,0.9619047619047619,0.9888888888888889,0.24148873418831399,0.05808523980452263,5.535714285714286,0.0769079939668175,0.012830349531116794,1.9,0.33292247875581205,0.08322684551197031,7.555555555555555,0.2707231040564374,0.10714285714285714,0.12250000000000001,0.21428571428571427,0.27980442176870746,0.054456948040653756,0.25192940025660615,0.05686424610653116,5.525,0.05678143853695324,0.01060315430520034,1.4375,0.3820280414030414,0.08770497397408505,8.25,0.322039072039072,0.07142857142857142,0.11927083333333333,0.3409090909090909,0.28776785714285713,0.05294682441829242
0.2,44,0.00010216236114501953,2000,13,3,1,0.75,0.0,0.07142857142857142,0.0,0.17857142857142858,0.9,0.0,0.0,0.0,0.1,0.6666666666666666,0.0,0.1111111111111111,0.0,0.2222222222222222,1.0,0.875,1.0,1.0,1.0,0.85,1.0,1.0,0.9479166666666667,0.9559523809523809,1.0,0.12464569160997732,0.02879833925149507,2.75,0.016666666666666666,0.004347826086956522,0.5,0.18463403880070547,0.0423819576762387,4.0,0.06172839506172839,0.07142857142857142,0.0375,0.03571428571428571,0.15433673469387754,0.02789675753402428,0.141693272005772,0.022848833931176947,2.725,0.03585069444444444,0.005434782608695652,0.875,0.21225499037999038,0.03445820147949781,3.9583333333333335,0.04594017094017094,0.09523809523809523,0.1484375,0.022727272727272728,0.16958333333333334,0.022049401576820275
0.2,45,7.748603820800781e-06,908,0,0,0,0.6428571428571429,0.10714285714285714,0.21428571428571427,0.0,0.03571428571428571,1.0,0.0,0.0,0.0,0.0,0.4444444444444444,0.16666666666666666,0.3333333333333333,0.0,0.05555555555555555,1.0,0.85,0.875,0.875,1.0,0.875,0.875,0.875,0.8671875,0.9238095238095239,1.0,0.2207292007712176,0.030429219597726535,3.892857142857143,0.06335200746965453,0.008122448979591837,1.4,0.3081609748276415,0.04282186994113471,5.277777777777778,0.005291005291005291,0.21428571428571427,0.26666666666666666,0.25,0.3144132653061224,0.025627493286426422,0.23912440296631474,0.029437491293051565,4.075,0.04647744514472456,0.00375,0.9375,0.36755570818070815,0.04656248548841927,6.166666666666667,0.003663003663003663,0.3333333333333333,0.24739583333333331,0.13636363636363635,0.35159722222222217,0.02458564444214898
0.2,46,8.463859558105469e-06,1504,0,0,0,0.6071428571428571,0.07142857142857142,0.14285714285714285,0.07142857142857142,0.10714285714285714,1.0,0.0,0.0,0.0,0.0,0.3888888888888889,0.1111111111111111,0.2222222222222222,0.1111111111111111,0.16666666666666666,0.975,0.725,1.0,1.0,0.95,0.875,1.0,1.0,0.884375,0.95,1.0,0.24651307492694044,0.03488034240249864,4.5,0.0669934640522876,0.008482523444160273,1.6,0.3462461920795254,0.049545797379353294,6.111111111111111,0.2222222222222222,0.07142857142857142,0.175,0.17857142857142858,0.3051303854875283,0.03259945682220643,0.23753043117013703,0.038997675040685395,4.575,0.03926674836601307,0.00937766410912191,1.125,0.3697062197062197,0.058744348995061056,6.875,0.21794871794871795,0.14285714285714285,0.18229166666666666,0.2727272727272727,0.2733035714285714,0.0338545878295418
0.2,47,0.0050726234912872314,2000,2,1,0,0.7142857142857143,0.03571428571428571,0.14285714285714285,0.0,0.10714285714285714,1.0,0.0,0.0,0.0,0.0,0.5555555555555556,0.05555555555555555,0.2222222222222222,0.0,0.16666666666666666,1.0,0.925,1.0,1.0,1.0,0.9,0.875,1.0,0.9203125,0.9523809523809523,1.0,0.25484075914748183,0.02526695140610466,4.0,0.0768225238813474,0.006521739130434782,1.6,0.3537397787397787,0.03568095822592126,5.333333333333333,0.13183421516754848,0.07142857142857142,0.185,0.07142857142857142,0.3321428571428572,0.023465717505766988,0.23458639603860193,0.02428040772484991,3.95,0.08943749775551246,0.01188858695652174,2.0,0.33135232822732824,0.032541621570402024,5.25,0.14133089133089133,0.11904761904761904,0.17395833333333333,0.09090909090909091,0.30228174603174607,0.021251545734924566
0.2,48,0.0026597976684570312,2000,2,0,1,0.6071428571428571,0.0,0.03571428571428571,0.03571428571428571,0.32142857142857145,0.9,0.0,0.0,0.0,0.1,0.4444444444444444,0.0,0.05555555555555555,0.05555555555555555,0.4444444444444444,0.975,0.75,1.0,1.0,0.975,0.725,1.0,1.0,0.9817708333333333,0.9821428571428572,1.0,0.26672298872929123,0.026699535894699596,4.142857142857143,0.1029246570423041,0.0058823529411764705,1.9,0.3577220618887285,0.03826463753554578,5.388888888888889,0.03968253968253967,0.14285714285714285,0.27166666666666667,0.07142857142857142,0.3248724489795918,0.02432606939877377,0.31470073635514806,0.028065733408991732,4.825,0.11224839294692235,0.007552083333333333,2.1875,0.44966896529396533,0.041741500126097335,6.583333333333333,0.04349816849816849,0.09523809523809523,0.36614583333333334,0.022727272727272728,0.41830357142857144,0.026682765131331408
0.2,49,8.702278137207031e-06,1732,0,0,0,0.6785714285714286,0.03571428571428571,0.21428571428571427,0.0,0.07142857142857142,0.9,0.0,0.1,0.0,0.0,0.5555555555555556,0.05555555555555555,0.2777777777777778,0.0,0.1111111111111111,0.975,0.875,1.0,1.0,1.0,0.9,1.0,1.0,0.909375,0.9559523809523809,0.9888888888888889,0.28033940266083124,0.027839915627373157,4.178571428571429,0.041880341880341884,0.019783264476359103,1.6,0.41281665864999195,0.03231583293349208,5.611111111111111,0.08465608465608465,0.17857142857142858,0.20833333333333331,0.32142857142857145,0.4204790249433107,0.02297488492791252,0.2780760212010212,0.030739192554520667,4.5,0.05554029304029304,0.025024256358061617,2.0625,0.42643317330817326,0.0345491500188267,6.125,0.09157509157509157,0.23809523809523808,0.23177083333333331,0.2424242424242424,0.42177579365079365,0.026082568776740984
0.25,0,8.761882781982422e-06,930,0,0,0,0.35714285714285715,0.0,0.07142857142857142,0.0,0.5714285714285714,0.8,0.0,0.1,0.0,0.1,0.1111111111111111,0.0,0.05555555555555555,0.0,0.8333333333333334,1.0,0.675,0.75,1.0,1.0,0.8,1.0,1.0,0.83125,0.8178571428571428,1.0,0.47329532045918604,0.05418985580958147,7.607142857142857,0.20278100983983335,0.0527066037117188,5.9,0.6235810485810486,0.05501388475283851,8.555555555555555,0.31723985890652556,0.25,0.36,0.21428571428571427,0.5255810657596373,0.04984632656402151,0.43468390269860857,0.051744333159314634,7.4,0.2058323008690656,0.04761234343235622,5.625,0.5872516372516373,0.05449899297728691,8.583333333333334,0.30387667887667885,0.19047619047619047,0.36302083333333335,0.28787878787878785,0.5012003968253967,0.045705591342276794
0.25,1,6.4373016357421875e-06,1906,0,0,0,0.4642857142857143,0.0,0.5357142857142857,0.0,0.0,0.7,0.0,0.3,0.0,0.0,0.3333333333333333,0.0,0.6666666666666666,0.0,0.0,0.975,0.6,0.875,0.875,1.0,0.625,0.75,0.75,0.8505208333333334,0.8761904761904762,1.0,0.44048084851656283,0.048964168066537785,6.892857142857143,0.09236874236874236,0.0202693947144075,2.5,0.6338764630431297,0.06490570881772129,9.333333333333334,0.46428571428571425,0.14285714285714285,0.3208333333333333,0.25,0.5323696145124717,0.04486982785341411,0.3947828213453214,0.045689846685865024,6.5,0.1274105235042735,0.028090907558675646,3.4375,0.5730310199060199,0.057422472770657935,8.541666666666666,0.3592796092796093,0.2857142857142857,0.2630208333333333,0.3181818181818182,0.526140873015873,0.038084325346230186
0.25,2,4.3451786041259766e-05,2000,3,1,1,0.5,0.0,0.17857142857142858,0.10714285714285714,0.21428571428571427,0.7,0.0,0.3,0.0,0.0,0.3888888888888889,0.0,0.1111111111111111,0.16666666666666666,0.3333333333333333,0.825,0.625,1.0,1.0,0.925,0.75,1.0,1.0,0.7614583333333333,0.8138095238095238,1.0,0.3558915932340302,0.08427599997909543,8.142857142857142,0.15776269482151833,0.061107747446804805,5.4,0.46596320346320347,0.09714725138592359,9.666666666666666,0.3423721340388007,0.25,0.3375,0.32142857142857145,0.40058106575963714,0.0785558220159779,0.3472219549241608,0.08180018472313252,8.175,0.20844886832938303,0.08334144987426409,7.25,0.439737345987346,0.08077267462237815,8.791666666666666,0.29090354090354087,0.3333333333333333,0.3572916666666667,0.32575757575757575,0.3931150793650794,0.07404218576270011
0.25,3,9.119510650634766e-06,1365,0,0,0,0.39285714285714285,0.0,0.42857142857142855,0.0,0.17857142857142858,0.6,0.0,0.1,0.0,0.3,0.2777777777777778,0.0,0.6111111111111112,0.0,0.1111111111111111,1.0,0.7,0.5,0.5,1.0,0.8,0.5,0.5,0.8885416666666667,0.9388095238095238,1.0,0.30558743310844155,0.07200520950500032,7.0,0.13195072900955254,0.02927663202191145,3.5,0.4020522687189354,0.09574330810671634,8.944444444444445,0.13315696649029982,0.2857142857142857,0.2908333333333334,0.2857142857142857,0.4149092970521541,0.06787429581834699,0.3279807794329853,0.07514193659348611,7.675,0.18612362412913885,0.03945685316217143,4.875,0.42255221630221634,0.09893199221436257,9.541666666666666,0.17704517704517703,0.40476190476190477,0.27760416666666665,0.36363636363636365,0.4789781746031746,0.06624904450464698
0.25,4,0.0020906925201416016,2000,5,2,0,0.42857142857142855,0.07142857142857142,0.03571428571428571,0.03571428571428571,0.42857142857142855,0.7,0.0,0.0,0.0,0.3,0.2777777777777778,0.1111111111111111,0.05555555555555555,0.05555555555555555,0.5,0.925,0.625,0.875,1.0,0.975,0.675,0.875,1.0,0.8276041666666667,0.8754761904761905,0.95,0.4061497675993474,0.08041365974499164,8.5,0.2712669683257919,0.05968411043347105,7.1,0.481084656084656,0.09193007602916974,9.277777777777779,0.29210758377425045,0.32142857142857145,0.2458333333333333,0.07142857142857142,0.5233134920634921,0.07653139407928715,0.345468708170914,0.06373387943450304,7.15,0.21121901484952954,0.03094478426822234,4.8125,0.43496850371850376,0.0855932762120235,8.708333333333334,0.25045787545787546,0.30952380952380953,0.23385416666666664,0.29545454545454547,0.4823313492063492,0.057198891788286764
0.25,5,0.005308419466018677,2000,15,7,2,0.32142857142857145,0.03571428571428571,0.2857142857142857,0.07142857142857142,0.2857142857142857,0.4,0.0,0.0,0.0,0.6,0.2777777777777778,0.05555555555555555,0.4444444444444444,0.1111111111111111,0.1111111111111111,0.85,0.625,1.0,1.0,0.975,0.75,1.0,1.0,0.8005208333333333,0.7928571428571429,0.9888888888888889,0.40208569441762715,0.06032526574987114,7.428571428571429,0.2482281117575235,0.04899184397305496,6.3,0.4875621292287959,0.0666216111814357,8.055555555555555,0.2213403880070547,0.5,0.285,0.42857142857142855,0.5834892290249433,0.049601063379530755,0.37235769949005243,0.05284603824800631,6.925,0.20582556740644975,0.03714031499599057,5.0625,0.4833791208791209,0.0633165204160168,8.166666666666666,0.1703296703296703,0.5238095238095238,0.20416666666666666,0.4090909090909091,0.5973115079365079,0.04070633074721939
0.25,6,9.119510650634766e-06,1915,0,0,0,0.42857142857142855,0.0,0.07142857142857142,0.2857142857142857,0.21428571428571427,0.5,0.0,0.1,0.0,0.4,0.3888888888888889,0.0,0.05555555555555555,0.4444444444444444,0.1111111111111111,0.575,0.6,1.0,1.0,0.7,0.725,1.0,1.0,0.8708333333333333,0.8895238095238095,0.9972222222222222,0.3700276439247027,0.08227526638972327,8.285714285714286,0.16773324714501184,0.05635119986940198,5.4,0.4824134199134199,0.09667752556767956,9.88888888888889,0.10317460317460317,0.32142857142857145,0.445,0.32142857142857145,0.5467828798185941,0.07515633408721321,0.31245371254562426,0.0701065523428165,7.225,0.14511526565754507,0.03915827188877401,4.1875,0.42401267713767715,0.09073873931217817,9.25,0.05219780219780219,0.3333333333333333,0.3822916666666667,0.29545454545454547,0.4909027777777778,0.06287434057065086
0.25,7,8.64267349243164e-06,1104,0,0,0,0.6071428571428571,0.0,0.32142857142857145,0.0,0.07142857142857142,0.9,0.0,0.0,0.0,0.1,0.4444444444444444,0.0,0.5,0.0,0.05555555555555555,1.0,0.675,1.0,1.0,1.0,0.75,0.875,0.875,0.9270833333333333,0.9226190476190477,1.0,0.33271489831363776,0.04672452422293665,5.928571428571429,0.1256385118149824,0.02880412109339573,3.4,0.44775733525733524,0.05668030373934828,7.333333333333333,0.03218694885361552,0.3392857142857143,0.3366666666666666,0.32142857142857145,0.4613803854875283,0.03926642435892626,0.3385160631851808,0.04744364067401121,6.175,0.16652010163039574,0.04404937211933802,4.8125,0.4531800375550376,0.04970648637712666,7.083333333333333,0.03128815628815629,0.36904761904761907,0.34270833333333334,0.3106060606060606,0.4975198412698413,0.0392572435602787
0.25,8,2.0563602447509766e-05,2000,2,1,0,0.4642857142857143,0.0,0.5,0.0,0.03571428571428571,0.8,0.0,0.2,0.0,0.0,0.2777777777777778,0.0,0.6666666666666666,0.0,0.05555555555555555,0.975,0.55,1.0,1.0,1.0,0.625,1.0,1.0,0.8317708333333333,0.835952380952381,0.9944444444444445,0.3576555972039165,0.04124351180268197,5.892857142857143,0.15669180492709905,0.02081970179376098,3.6,0.46930214846881513,0.052590072918749196,7.166666666666667,0.061507936507936505,0.42857142857142855,0.35416666666666663,0.17857142857142858,0.5158021541950113,0.03451256201527029,0.4139736366574602,0.050599875421942685,7.275,0.20972267111972992,0.04264327470118482,5.4375,0.550140947015947,0.055904275902447925,8.5,0.04029304029304029,0.5238095238095238,0.46614583333333326,0.2424242424242424,0.6413690476190477,0.04031601860955685
0.25,9,7.510185241699219e-06,1360,0,0,0,0.5,0.10714285714285714,0.35714285714285715,0.0,0.03571428571428571,0.7,0.2,0.1,0.0,0.0,0.3888888888888889,0.05555555555555555,0.5,0.0,0.05555555555555555,1.0,0.825,0.875,1.0,1.0,0.9,0.875,1.0,0.9135416666666667,0.9402380952380952,1.0,0.3210126183340469,0.043899664407927856,5.535714285714286,0.1371794871794872,0.02231501296170642,3.2,0.42314213564213565,0.055891137433606436,6.833333333333333,0.07539682539682539,0.32142857142857145,0.17916666666666664,0.21428571428571427,0.48088151927437645,0.03858443161575098,0.32988102175602174,0.047238518696361004,6.0,0.16972680097680096,0.03893449771212833,4.625,0.43665050227550223,0.05277453268584945,6.916666666666667,0.1024114774114774,0.38095238095238093,0.23177083333333331,0.29545454545454547,0.5112896825396825,0.03923192871108353
0.25,10,8.64267349243164e-06,1268,0,0,0,0.6071428571428571,0.0,0.39285714285714285,0.0,0.0,0.9,0.0,0.1,0.0,0.0,0.4444444444444444,0.0,0.5555555555555556,0.0,0.0,0.95,0.875,1.0,1.0,1.0,0.8,1.0,1.0,0.8776041666666667,0.9,1.0,0.3155776413129354,0.04196628546871624,5.357142857142857,0.1013158083746319,0.026163360811484633,2.8,0.4346119929453262,0.050745688056067134,6.777777777777778,0.2517636684303351,0.23214285714285715,0.1825,0.14285714285714285,0.374546485260771,0.03807936827253187,0.3343594008116067,0.04053182338523391,5.6,0.10497283047834519,0.021730270797032967,2.6875,0.48728378103378106,0.05306619177736787,7.541666666666667,0.2532051282051282,0.2261904761904762,0.23333333333333334,0.25,0.3950396825396826,0.035592737723995724
0.25,11,0.0010457634925842285,2000,3,2,0,0.4642857142857143,0.0,0.10714285714285714,0.10714285714285714,0.32142857142857145,0.8,0.0,0.1,0.0,0.1,0.2777777777777778,0.0,0.1111111111111111,0.16666666666666666,0.4444444444444444,0.9,0.775,1.0,1.0,0.9,0.775,1.0,1.0,0.8145833333333333,0.9088095238095238,0.976388888888889,0.33215564197707054,0.05304123786772647,6.214285714285714,0.1752991452991453,0.041181475080603644,4.6,0.41929814013147343,0.059629994971683614,7.111111111111111,0.2054673721340388,0.17857142857142858,0.30833333333333335,0.21428571428571427,0.3936933106575964,0.048435674956627824,0.3294406635031635,0.06523302594011089,6.975,0.15795463217338218,0.0502288286649962,4.875,0.44376468438968436,0.07523582412352066,8.375,0.16346153846153846,0.21428571428571427,0.3072916666666667,0.20454545454545456,0.4020138888888889,0.05969510186534863
0.25,12,0.00040656328201293945,2000,1,1,0,0.5,0.10714285714285714,0.21428571428571427,0.03571428571428571,0.14285714285714285,0.8,0.1,0.0,0.0,0.1,0.3333333333333333,0.1111111111111111,0.3333333333333333,0.05555555555555555,0.16666666666666666,1.0,0.65,0.875,0.875,0.975,0.8,1.0,1.0,0.821875,0.8504761904761904,1.0,0.35430965509747014,0.06493835709054868,7.25,0.2665223012281836,0.06633657595963739,7.4,0.4030804072470739,0.06416156882994384,7.166666666666667,0.2566137566137566,0.32142857142857145,0.39249999999999996,0.32142857142857145,0.4249291383219954,0.05735489457224547,0.3334388283285342,0.05428918314223898,6.575,0.20564151942828413,0.03856997667244511,5.0625,0.4186370342620343,0.06476865412210155,7.583333333333333,0.23794261294261296,0.2619047619047619,0.34739583333333335,0.25,0.43548611111111113,0.048707938778298696
0.25,13,7.331371307373047e-06,1372,0,0,0,0.6071428571428571,0.0,0.2857142857142857,0.0,0.10714285714285714,0.5,0.0,0.2,0.0,0.3,0.6666666666666666,0.0,0.3333333333333333,0.0,0.0,1.0,0.7,0.875,1.0,1.0,0.725,0.875,1.0,0.884375,0.9183333333333333,1.0,0.30037449128835686,0.05518292945169995,6.107142857142857,0.2365355885944121,0.08442042636452574,7.7,0.3358405483405483,0.03893987561124119,5.222222222222222,0.13139329805996472,0.4642857142857143,0.1716666666666667,0.4642857142857143,0.43819444444444444,0.046122753536193425,0.34487992195712786,0.06087304651271158,7.075,0.24205692693744166,0.0867990342039826,8.0,0.4134285853035853,0.0435890547185309,6.458333333333333,0.206959706959707,0.40476190476190477,0.2713541666666667,0.4318181818181818,0.46542658730158737,0.04972986038837533
0.25,14,8.89599323272705e-06,1074,0,0,0,0.6071428571428571,0.0,0.21428571428571427,0.07142857142857142,0.10714285714285714,0.8,0.0,0.1,0.0,0.1,0.5,0.0,0.2777777777777778,0.1111111111111111,0.1111111111111111,0.85,0.8,1.0,1.0,0.95,0.75,1.0,1.0,0.8239583333333333,0.8769047619047619,1.0,0.28169182008467725,0.06776091642366922,6.464285714285714,0.12633089133089132,0.045656576157823835,4.1,0.36800344717011385,0.08004110546024999,7.777777777777778,0.12962962962962962,0.35714285714285715,0.18833333333333332,0.42857142857142855,0.3926870748299319,0.05997592670769219,0.2982162629037629,0.05941948097022994,6.425,0.1758899954212454,0.05851944612435453,5.5625,0.3797671078921079,0.060019504200813555,7.0,0.08012820512820513,0.38095238095238093,0.24635416666666665,0.25,0.4579861111111111,0.05158513091687415
0.25,15,0.0011068284511566162,2000,1,1,0,0.32142857142857145,0.0,0.2857142857142857,0.03571428571428571,0.35714285714285715,0.7,0.0,0.3,0.0,0.0,0.1111111111111111,0.0,0.2777777777777778,0.05555555555555555,0.5555555555555556,0.625,0.6,1.0,1.0,0.95,0.725,1.0,1.0,0.7265625,0.8226190476190476,0.975,0.44153168260311115,0.07896312103289267,8.571428571428571,0.12275335775335776,0.037919470129188795,3.7,0.6186307519640853,0.10176514931272815,11.277777777777779,0.4991181657848325,0.21428571428571427,0.33166666666666667,0.35714285714285715,0.483375850340136,0.07340133019178971,0.4487899600399601,0.06009114681849296,7.675,0.10167124542124542,0.04653415965048227,3.875,0.6802024364524364,0.06912913826383342,10.208333333333334,0.4694749694749695,0.2619047619047619,0.359375,0.25,0.534345238095238,0.05298021458821232
0.25,16,9.506940841674805e-06,1765,0,0,0,0.5,0.17857142857142858,0.17857142857142858,0.0,0.14285714285714285,0.8,0.2,0.0,0.0,0.0,0.3333333333333333,0.16666666666666666,0.2777777777777778,0.0,0.2222222222222222,0.925,0.625,1.0,1.0,0.95,0.8,1.0,1.0,0.9114583333333333,0.915,1.0,0.37265360106746664,0.048509338770317094,6.285714285714286,0.1310166630754866,0.03389238638599252,3.7,0.5068963443963445,0.05662986787271963,7.722222222222222,0.058421516754850085,0.32142857142857145,0.39249999999999996,0.21428571428571427,0.45031179138322,0.042408487158355344,0.31204876006346594,0.04980855685502206,5.975,0.13721394006320478,0.043873854725836825,4.25,0.4286053067303068,0.053765024941145545,7.125,0.06547619047619047,0.40476190476190477,0.35052083333333334,0.20454545454545456,0.3724801587301587,0.04356030124963329
0.25,17,8.794665336608887e-05,2000,2,1,0,0.5,0.07142857142857142,0.39285714285714285,0.0,0.03571428571428571,0.6,0.2,0.2,0.0,0.0,0.4444444444444444,0.0,0.5,0.0,0.05555555555555555,0.95,0.55,1.0,1.0,0.975,0.65,0.875,1.0,0.8395833333333333,0.8373809523809523,0.9833333333333334,0.3566581527715981,0.0526593670597463,6.428571428571429,0.13937154348919054,0.04048561145087082,4.3,0.47737293570626904,0.05942256462023267,7.611111111111111,0.19246031746031744,0.25,0.4666666666666667,0.07142857142857142,0.38514739229024947,0.05016655171672181,0.37472120200061376,0.05791521988391983,7.125,0.1619469582704877,0.04617707397482582,4.9375,0.5165706978206979,0.0657406504899825,8.583333333333334,0.20955433455433456,0.38095238095238093,0.42916666666666664,0.13636363636363635,0.4634424603174604,0.05159020639813784
0.25,18,9.119510650634766e-06,1062,0,0,0,0.5714285714285714,0.0,0.32142857142857145,0.0,0.10714285714285714,0.9,0.0,0.1,0.0,0.0,0.3888888888888889,0.0,0.4444444444444444,0.0,0.16666666666666666,1.0,0.675,0.875,0.875,1.0,0.8,1.0,1.0,0.90625,0.8935714285714286,1.0,0.2898656199076367,0.04185980580509826,5.464285714285714,0.15976226387991094,0.03410551511574529,4.3,0.3621452621452621,0.046167745076961024,6.111111111111111,0.20612874779541443,0.07142857142857142,0.2483333333333333,0.10714285714285714,0.38477891156462585,0.04025018576863953,0.35368296939988114,0.04825903110032572,6.475,0.1764225000897795,0.03678950321767503,4.625,0.47185661560661557,0.05590538302209285,7.708333333333333,0.26862026862026855,0.14285714285714285,0.26197916666666665,0.22727272727272727,0.48324404761904755,0.04388064680552787
0.25,19,9.298324584960938e-06,1353,0,0,0,0.4642857142857143,0.14285714285714285,0.2857142857142857,0.03571428571428571,0.07142857142857142,0.6,0.1,0.2,0.0,0.1,0.3888888888888889,0.16666666666666666,0.3333333333333333,0.05555555555555555,0.05555555555555555,1.0,0.875,0.5,0.875,0.975,0.775,0.625,0.875,0.89375,0.9297619047619048,1.0,0.38508931544645836,0.05863667725759507,7.0,0.1472039072039072,0.05590873904532282,5.0,0.5172478755812089,0.060152198486635194,8.11111111111111,0.029100529100529095,0.35714285714285715,0.41916666666666674,0.25,0.5265164399092971,0.05324713318443135,0.3197710275835276,0.05217130816131953,6.175,0.15678514194139195,0.05525952602897702,5.0625,0.4284282846782846,0.05011249624954787,6.916666666666667,0.05463980463980464,0.40476190476190477,0.36093749999999997,0.11363636363636363,0.4774999999999999,0.04688019473602793
0.25,20,0.019383668899536133,2000,5,2,1,0.4642857142857143,0.03571428571428571,0.21428571428571427,0.07142857142857142,0.21428571428571427,0.6,0.1,0.1,0.0,0.2,0.3888888888888889,0.0,0.2777777777777778,0.1111111111111111,0.2222222222222222,0.925,0.75,1.0,1.0,0.9,0.75,0.875,1.0,0.96875,0.9338095238095239,0.9944444444444445,0.2989757791228379,0.06346097936806297,6.607142857142857,0.18361847303023773,0.044058861714471605,5.1,0.3630631713965047,0.07423993362005818,7.444444444444445,0.19620811287477954,0.375,0.2808333333333334,0.07142857142857142,0.31649659863945573,0.058637242875692865,0.31518658424908425,0.05726716921547873,6.425,0.14838121947496946,0.029710656210644792,3.8125,0.4263901607651608,0.07563817788536803,8.166666666666666,0.19291819291819293,0.35714285714285715,0.27760416666666665,0.2424242424242424,0.35907738095238095,0.050227845283565185
0.25,21,9.179115295410156e-06,1440,0,0,0,0.32142857142857145,0.0,0.21428571428571427,0.0,0.4642857142857143,0.7,0.0,0.3,0.0,0.0,0.1111111111111111,0.0,0.16666666666666666,0.0,0.7222222222222222,1.0,0.65,1.0,1.0,1.0,0.725,1.0,1.0,0.853125,0.8728571428571428,1.0,0.41829030563274255,0.07099611461461071,8.0,0.15928284134166487,0.048768974294335965,4.8,0.562183341350008,0.08334452590365223,9.777777777777779,0.03373015873015873,0.5357142857142857,0.3483333333333334,0.2857142857142857,0.5996882086167802,0.06286039593086855,0.4058908554680613,0.07390206961707901,8.225,0.16426388664440136,0.06096961536429131,5.625,0.5669755013505013,0.08252370578560415,9.958333333333334,0.06196581196581196,0.5238095238095238,0.3067708333333333,0.25,0.6104067460317462,0.0646692230382218
0.25,22,0.0028264522552490234,2000,2,1,1,0.42857142857142855,0.07142857142857142,0.35714285714285715,0.0,0.14285714285714285,0.6,0.2,0.2,0.0,0.0,0.3333333333333333,0.0,0.4444444444444444,0.0,0.2222222222222222,1.0,0.675,0.875,0.875,1.0,0.725,0.875,0.875,0.8015625,0.8792857142857142,1.0,0.3227418939603814,0.0500640274868542,5.821428571428571,0.15765998707175174,0.03913380856505414,4.4,0.41445406445406446,0.056136371332298686,6.611111111111111,0.10449735449735449,0.35714285714285715,0.19999999999999998,0.2857142857142857,0.4938350340136054,0.04255954385399977,0.3009694145723557,0.048103012697154536,5.7,0.11398888080873375,0.02975361519492163,3.25,0.42562310374810375,0.06033594436530979,7.333333333333333,0.043498168498168496,0.3333333333333333,0.26666666666666666,0.26515151515151514,0.4400198412698413,0.04149899125005411
0.25,23,8.314847946166992e-06,1630,0,0,0,0.4642857142857143,0.0,0.17857142857142858,0.0,0.35714285714285715,0.8,0.0,0.1,0.0,0.1,0.2777777777777778,0.0,0.2222222222222222,0.0,0.5,1.0,0.75,0.875,1.0,1.0,0.65,0.75,1.0,0.8598958333333333,0.8542857142857143,1.0,0.3227463304669187,0.06402954153142999,6.714285714285714,0.13714932126696833,0.04178091217985806,4.3,0.42585578002244673,0.07638989117119219,8.055555555555555,0.04343033509700177,0.21428571428571427,0.24916666666666662,0.21428571428571427,0.44231859410430835,0.05996803043430667,0.360809870276782,0.07044336090502057,7.65,0.19029612646340588,0.050221732599145114,5.5,0.4744856994856994,0.08392444644227087,9.083333333333334,0.10454822954822955,0.35714285714285715,0.37187499999999996,0.18939393939393936,0.4469742063492063,0.064024742640025
0.25,24,0.00020247697830200195,2000,1,0,1,0.5,0.10714285714285714,0.10714285714285714,0.07142857142857142,0.21428571428571427,0.7,0.2,0.0,0.0,0.1,0.3888888888888889,0.05555555555555555,0.16666666666666666,0.1111111111111111,0.2777777777777778,0.925,0.625,1.0,1.0,0.9,0.725,1.0,1.0,0.8536458333333333,0.8371428571428572,1.0,0.34516298943819945,0.072090928181203,7.464285714285714,0.19975723622782446,0.05584642453010522,5.9,0.42594396344396335,0.08111565243181287,8.333333333333334,0.11089065255731922,0.32142857142857145,0.3183333333333333,0.17857142857142858,0.427125850340136,0.06613088321105143,0.30947805666555667,0.04896629199852648,5.725,0.1087921626984127,0.02482145993849045,3.0,0.44326865264365267,0.06506284670521717,7.541666666666667,0.12744200244200243,0.14285714285714285,0.23802083333333332,0.0606060606060606,0.39836309523809527,0.047069704659023125
0.25,25,8.851289749145508e-06,1308,0,0,0,0.5714285714285714,0.21428571428571427,0.10714285714285714,0.0,0.10714285714285714,1.0,0.0,0.0,0.0,0.0,0.3333333333333333,0.3333333333333333,0.16666666666666666,0.0,0.16666666666666666,0.95,0.7,0.875,1.0,0.975,0.85,0.875,1.0,0.875,0.9011904761904762,1.0,0.2718955939018964,0.04640173342840554,5.178571428571429,0.05437764849529555,0.010056265984654731,1.4,0.3927388969055635,0.06659365978604488,7.277777777777778,0.09722222222222222,0.2857142857142857,0.15999999999999998,0.2857142857142857,0.3520833333333333,0.04013392381851655,0.2577619459788577,0.03746725884848138,4.625,0.09259313501041441,0.017723456230318214,2.375,0.3678744866244866,0.050629793927256826,6.125,0.05341880341880341,0.2619047619047619,0.14270833333333333,0.2196969696969697,0.4050595238095238,0.031468204900640326
0.25,26,9.626150131225586e-06,1219,0,0,0,0.6071428571428571,0.0,0.32142857142857145,0.0,0.07142857142857142,0.6,0.0,0.4,0.0,0.0,0.6111111111111112,0.0,0.2777777777777778,0.0,0.1111111111111111,0.975,0.7,1.0,1.0,0.975,0.85,0.875,0.875,0.8625,0.8692857142857142,1.0,0.34628729697007005,0.04633703698399817,6.071428571428571,0.21591395532572003,0.04665000921025921,5.5,0.4187169312169312,0.04616316352496425,6.388888888888889,0.17482363315696647,0.5357142857142857,0.34,0.17857142857142858,0.48014455782312926,0.03810859666648118,0.311932756785698,0.054249781526123975,6.4,0.24286746749982044,0.040993822304770486,5.6875,0.357976282976283,0.06308708767369298,6.875,0.19246031746031747,0.4523809523809524,0.24270833333333336,0.25,0.4562202380952381,0.044720972187295746
0.25,27,9.298324584960938e-06,1286,0,0,0,0.35714285714285715,0.03571428571428571,0.42857142857142855,0.0,0.17857142857142858,0.4,0.1,0.5,0.0,0.0,0.3333333333333333,0.0,0.3888888888888889,0.0,0.2777777777777778,1.0,0.625,0.75,0.75,1.0,0.675,0.75,0.75,0.8317708333333333,0.9345238095238095,1.0,0.3990453640663724,0.05789591952415501,7.321428571428571,0.2590081160669396,0.08529498756024148,8.3,0.4768438351771685,0.042674215059662526,6.777777777777778,0.12698412698412698,0.5357142857142857,0.35500000000000004,0.4642857142857143,0.5560232426303855,0.047562316520405,0.4352268319915379,0.06226332127893512,8.075,0.2776538820656468,0.09241043971936601,8.9375,0.5402754652754652,0.04216524231864786,7.5,0.16849816849816848,0.5476190476190477,0.41041666666666665,0.38636363636363635,0.6022222222222222,0.051649080024197325
0.25,28,9.059906005859375e-06,1060,0,0,0,0.42857142857142855,0.03571428571428571,0.21428571428571427,0.0,0.32142857142857145,0.7,0.1,0.0,0.0,0.2,0.2777777777777778,0.0,0.3333333333333333,0.0,0.3888888888888889,0.75,0.8,0.75,1.0,0.85,0.7,0.875,0.875,0.8526041666666666,0.8928571428571428,0.9388888888888889,0.48319240283526,0.09110072657445498,9.607142857142858,0.11935286935286935,0.040501174382796594,3.9,0.6853254769921436,0.11921158890315407,12.777777777777779,0.28968253968253965,0.2857142857142857,0.35,0.21428571428571427,0.5532171201814059,0.08690747658495053,0.4629154179154179,0.07600481093800952,8.775,0.08173840048840048,0.028382222454199073,2.75,0.7170334295334295,0.10775320326054982,12.791666666666666,0.25244200244200243,0.3333333333333333,0.4036458333333333,0.09090909090909091,0.537797619047619,0.07163288230973208
0.25,29,9.313225746154785e-06,913,0,0,0,0.6428571428571429,0.03571428571428571,0.17857142857142858,0.0,0.14285714285714285,0.8,0.0,0.1,0.0,0.1,0.5555555555555556,0.05555555555555555,0.2222222222222222,0.0,0.16666666666666666,1.0,0.9,0.375,0.75,1.0,0.875,0.625,0.75,0.8526041666666666,0.9166666666666667,1.0,0.3141947280077532,0.047773174224873816,5.821428571428571,0.1985078646843353,0.04485613643450691,5.3,0.3784652076318743,0.049393750775077655,6.111111111111111,0.06988536155202822,0.25,0.2533333333333333,0.21428571428571427,0.46386054421768713,0.043786285391437675,0.2592420039111215,0.04323483680037428,5.125,0.13716265352294765,0.037151435406938695,4.0625,0.34062823750323745,0.047290437729331336,5.833333333333333,0.08333333333333333,0.30952380952380953,0.18125,0.09090909090909091,0.36848214285714287,0.038143352744053546
0.25,30,0.0005779862403869629,2000,19,6,5,0.42857142857142855,0.07142857142857142,0.17857142857142858,0.07142857142857142,0.25,0.5,0.1,0.3,0.0,0.1,0.3888888888888889,0.05555555555555555,0.1111111111111111,0.1111111111111111,0.3333333333333333,0.95,0.825,0.875,1.0,0.95,0.875,1.0,1.0,0.75,0.9238095238095239,0.9861111111111112,0.3403258622796438,0.04731561477723798,6.107142857142857,0.22014185161243982,0.04160577114927662,5.6,0.40709475709475706,0.05048775012610539,6.388888888888889,0.07980599647266313,0.4642857142857143,0.2516666666666666,0.07142857142857142,0.4978883219954649,0.03889310830225341,0.3059344944271415,0.0397720509426286,5.4,0.17166222258134023,0.028394911316123973,4.125,0.39544934232434237,0.0473568106936317,6.25,0.10637973137973138,0.4523809523809524,0.2510416666666666,0.11363636363636363,0.47968253968253965,0.031527000730752076
0.25,31,9.417533874511719e-06,1456,0,0,0,0.5,0.03571428571428571,0.21428571428571427,0.14285714285714285,0.10714285714285714,0.7,0.1,0.2,0.0,0.0,0.3888888888888889,0.0,0.2222222222222222,0.2222222222222222,0.16666666666666666,0.725,0.475,1.0,1.0,0.85,0.65,1.0,1.0,0.8197916666666667,0.7849999999999999,0.9555555555555555,0.40454094225102627,0.07486818817296788,8.428571428571429,0.3305573511455865,0.09029635823588668,9.5,0.44564293730960397,0.06629698258245743,7.833333333333333,0.0736331569664903,0.5535714285714286,0.5458333333333333,0.21428571428571427,0.4557681405895691,0.06585901262142826,0.33855135061017416,0.0591000089003962,6.85,0.18958759785965668,0.05339173961675327,5.625,0.43786051911051915,0.06290552175615816,7.666666666666667,0.05677655677655678,0.5119047619047619,0.3734375,0.13636363636363635,0.4534920634920635,0.05139211554877293
0.25,32,0.0002148151397705078,2000,25,10,6,0.4642857142857143,0.0,0.4642857142857143,0.0,0.07142857142857142,0.8,0.0,0.1,0.0,0.1,0.2777777777777778,0.0,0.6666666666666666,0.0,0.05555555555555555,0.925,0.575,1.0,1.0,0.975,0.7,1.0,1.0,0.8552083333333333,0.9023809523809524,1.0,0.39401929186593054,0.060392063006682074,7.071428571428571,0.11697335344394166,0.018720157073004964,2.8,0.5479337021003687,0.08354312185872491,9.444444444444445,0.08619929453262787,0.48214285714285715,0.3541666666666667,0.10714285714285714,0.5057397959183674,0.052175554380636084,0.3434202602952603,0.05289008434966713,6.475,0.1353556166056166,0.019325319801833777,3.0625,0.4821300227550227,0.07526659404822272,8.75,0.05586080586080586,0.42857142857142855,0.4255208333333333,0.18939393939393936,0.46836309523809516,0.045206884336465955
0.25,33,8.285045623779297e-06,743,0,0,0,0.35714285714285715,0.0,0.5357142857142857,0.0,0.10714285714285714,0.6,0.0,0.1,0.0,0.3,0.2222222222222222,0.0,0.7777777777777778,0.0,0.0,1.0,0.6,1.0,1.0,1.0,0.6,1.0,1.0,0.7520833333333333,0.8904761904761904,1.0,0.4227236349085089,0.05460138367679462,7.285714285714286,0.22112978524743232,0.04471663715653486,5.7,0.5347202180535514,0.06009290952138339,8.166666666666666,0.05268959435626102,0.39285714285714285,0.34500000000000003,0.25,0.5957908163265306,0.04750189880211273,0.4108749440918558,0.04911436979134286,7.05,0.19595661181139123,0.03736081870038985,5.0,0.5541538322788323,0.05695007051864484,8.416666666666666,0.05937118437118437,0.4523809523809524,0.36458333333333326,0.2651515151515152,0.5818452380952381,0.0405298532683672
0.25,34,2.232193946838379e-05,2000,2,1,0,0.5,0.07142857142857142,0.35714285714285715,0.03571428571428571,0.03571428571428571,0.6,0.0,0.4,0.0,0.0,0.4444444444444444,0.1111111111111111,0.3333333333333333,0.05555555555555555,0.05555555555555555,0.95,0.675,0.5,1.0,0.95,0.825,0.5,1.0,0.7697916666666667,0.9321428571428572,1.0,0.36157959104387677,0.05842667790280403,6.714285714285714,0.11903540903540903,0.0445313429719714,4.1,0.4963263588263588,0.06614630841993328,8.166666666666666,0.16534391534391535,0.42857142857142855,0.2625,0.42857142857142855,0.4521116780045351,0.049108099902680766,0.31752154095904095,0.05291350896682743,6.2,0.1542134081196581,0.05254223428501835,5.0,0.4263936295186295,0.053161025421366824,7.0,0.1633089133089133,0.3333333333333333,0.20052083333333331,0.4090909090909091,0.42836309523809524,0.04365685081592016
0.25,35,9.000301361083984e-06,1467,0,0,0,0.5714285714285714,0.10714285714285714,0.25,0.0,0.07142857142857142,0.8,0.0,0.0,0.0,0.2,0.4444444444444444,0.16666666666666666,0.3888888888888889,0.0,0.0,1.0,0.625,0.25,1.0,1.0,0.8,0.125,1.0,0.8270833333333334,0.8535714285714286,0.9972222222222222,0.27517303541463206,0.059145894839129964,6.178571428571429,0.18404510522157583,0.028128759195986085,4.2,0.32579966329966326,0.07637763686309879,7.277777777777778,0.07032627865961198,0.2857142857142857,0.10999999999999999,0.35714285714285715,0.44805839002267583,0.05359923282949497,0.26146512800924565,0.05307264697324362,5.75,0.13990799845579258,0.015455241252019202,3.0,0.34250321437821435,0.0781509174540599,7.583333333333333,0.06211843711843711,0.3333333333333333,0.1489583333333333,0.3409090909090909,0.38893849206349207,0.045217837146357576
0.25,36,0.0036126673221588135,2000,2,1,1,0.42857142857142855,0.03571428571428571,0.21428571428571427,0.07142857142857142,0.25,0.6,0.0,0.1,0.0,0.3,0.3333333333333333,0.05555555555555555,0.2777777777777778,0.1111111111111111,0.2222222222222222,0.875,0.75,1.0,1.0,0.95,0.85,1.0,1.0,0.8223958333333333,0.9452380952380952,1.0,0.30307440575297717,0.06837132787892473,6.785714285714286,0.1775152625152625,0.06466677689363655,5.9,0.37282948532948534,0.07042941175964039,7.277777777777778,0.16446208112874777,0.4642857142857143,0.17416666666666664,0.4642857142857143,0.4619614512471655,0.059233991895275506,0.3173373154623155,0.07120487119646188,7.225,0.1785485347985348,0.06449076734515055,5.9375,0.4098631692381692,0.07568094043066942,8.083333333333334,0.1555250305250305,0.4523809523809524,0.2375,0.4090909090909091,0.4770535714285714,0.060332525660723134
0.25,37,0.00013244152069091797,2000,3,1,0,0.4642857142857143,0.0,0.17857142857142858,0.21428571428571427,0.14285714285714285,0.8,0.0,0.2,0.0,0.0,0.2777777777777778,0.0,0.16666666666666666,0.3333333333333333,0.2222222222222222,0.75,0.7,1.0,1.0,0.8,0.75,1.0,1.0,0.8177083333333333,0.8080952380952381,1.0,0.3919394272860659,0.09427167191093523,8.964285714285714,0.20824929971988798,0.06976968298171043,6.7,0.49398949815616483,0.10788388798272676,10.222222222222221,0.16159611992945327,0.6785714285714286,0.3183333333333333,0.25,0.5172477324263038,0.08405049807748363,0.312408078033078,0.06994472899908002,6.9,0.09771062271062271,0.0354293908198731,3.25,0.4555397149147149,0.09295495445188466,9.333333333333334,0.07341269841269842,0.47619047619047616,0.21458333333333332,0.3409090909090909,0.4596726190476191,0.060189361026484256
0.25,38,9.238719940185547e-06,979,0,0,0,0.5357142857142857,0.0,0.21428571428571427,0.0,0.25,0.7,0.0,0.1,0.0,0.2,0.4444444444444444,0.0,0.2777777777777778,0.0,0.2777777777777778,0.975,0.65,1.0,1.0,1.0,0.775,1.0,1.0,0.8291666666666666,0.8264285714285714,0.95,0.4262567089772972,0.09080199759210465,9.107142857142858,0.23618473030237733,0.08880792183093973,7.8,0.531852252685586,0.09190981745941852,9.833333333333334,0.5052910052910052,0.35714285714285715,0.29583333333333334,0.25,0.5411139455782312,0.08583768957395273,0.33979525988717163,0.08113864622029417,7.825,0.13990311669539612,0.06578336413997038,5.375,0.47305668868168865,0.09137550094051004,9.458333333333334,0.32554945054945056,0.38095238095238093,0.24635416666666665,0.4621212121212121,0.5058630952380951,0.07196771409569695
0.25,39,9.119510650634766e-06,1106,0,0,0,0.5714285714285714,0.03571428571428571,0.35714285714285715,0.0,0.03571428571428571,0.8,0.1,0.0,0.0,0.1,0.4444444444444444,0.0,0.5555555555555556,0.0,0.0,1.0,0.7,0.75,0.875,1.0,0.725,0.75,0.875,0.8828125,0.9666666666666667,1.0,0.29348449169877744,0.05286674404488121,5.928571428571429,0.12085470085470087,0.05048511043213272,4.4,0.38938993105659775,0.0541898738297415,6.777777777777778,0.03725749559082892,0.5357142857142857,0.2891666666666667,0.2857142857142857,0.36678004535147396,0.04403110363629378,0.330796078921079,0.05935686105248785,6.8,0.13800557081807083,0.04672695917832016,4.5,0.4593230843230843,0.0677767956352663,8.333333333333334,0.04120879120879121,0.5476190476190477,0.3125,0.2727272727272727,0.4525198412698412,0.04969066149266788
0.25,40,0.001646280288696289,2000,1,0,0,0.4642857142857143,0.0,0.07142857142857142,0.39285714285714285,0.07142857142857142,0.9,0.0,0.1,0.0,0.0,0.2222222222222222,0.0,0.05555555555555555,0.6111111111111112,0.1111111111111111,0.6,0.5,0.875,1.0,0.6,0.55,0.875,1.0,0.8229166666666667,0.8595238095238096,1.0,0.3384317363308959,0.07183745780316021,7.142857142857143,0.05065359477124183,0.018169575522516697,1.7,0.49830848164181496,0.10165294795907327,10.166666666666666,0.010582010582010581,0.42857142857142855,0.3875,0.2857142857142857,0.41454081632653056,0.06506611537479955,0.3390668563462681,0.07964302758600555,7.825,0.09830036181139122,0.036206204680869,3.3125,0.4995778527028527,0.10860090952276324,10.833333333333334,0.018467643467643468,0.5238095238095238,0.4041666666666667,0.22727272727272727,0.44254960317460307,0.07170768517515513
0.25,41,0.007115066051483154,2000,1,0,1,0.2857142857142857,0.07142857142857142,0.03571428571428571,0.0,0.6071428571428571,0.6,0.2,0.0,0.0,0.2,0.1111111111111111,0.0,0.05555555555555555,0.0,0.8333333333333334,1.0,0.525,0.75,1.0,1.0,0.625,0.875,1.0,0.8489583333333333,0.835952380952381,1.0,0.32869840826773594,0.08954499548958349,8.321428571428571,0.20193923723335488,0.03554534102832053,5.0,0.3991201699535033,0.11954480352361847,10.166666666666666,0.08928571428571429,0.4642857142857143,0.19083333333333335,0.17857142857142858,0.5112953514739229,0.08264934124697398,0.32557017533120475,0.08887802711813461,8.35,0.19432958279465634,0.04026911380078965,5.0625,0.4130639036889037,0.12128396932969791,10.541666666666666,0.0815018315018315,0.5952380952380952,0.19374999999999998,0.25757575757575757,0.5250496031746031,0.07768921996284102
0.25,42,8.463859558105469e-06,810,0,0,0,0.42857142857142855,0.10714285714285714,0.32142857142857145,0.0,0.14285714285714285,0.7,0.0,0.3,0.0,0.0,0.2777777777777778,0.16666666666666666,0.3333333333333333,0.0,0.2222222222222222,1.0,0.75,0.625,0.75,1.0,0.75,0.625,0.625,0.8119791666666667,0.8292857142857143,1.0,0.31601533387247666,0.052064959252913934,6.321428571428571,0.26034798534798537,0.04174164916802841,6.0,0.3469416386083053,0.05780013152229477,6.5,0.08465608465608465,0.2857142857142857,0.2883333333333333,0.17857142857142858,0.4179421768707483,0.04686645070001546,0.32789438094585155,0.055323070201612846,6.8,0.2447987368024133,0.03799540013205169,5.75,0.383291477041477,0.06687485024798694,7.5,0.0953907203907204,0.44047619047619047,0.2869791666666667,0.21969696969696972,0.43562499999999993,0.045904661946478645
0.25,43,5.6862831115722656e-05,2000,10,1,1,0.39285714285714285,0.10714285714285714,0.21428571428571427,0.03571428571428571,0.25,0.6,0.2,0.1,0.0,0.1,0.2777777777777778,0.05555555555555555,0.2777777777777778,0.05555555555555555,0.3333333333333333,0.975,0.675,0.75,1.0,0.975,0.775,0.875,1.0,0.9020833333333333,0.9185714285714286,1.0,0.27944651053894753,0.07522002975863207,6.75,0.09071141277023631,0.033993382452247964,3.0,0.38429934263267596,0.09812372270662324,8.833333333333334,0.028439153439153438,0.42857142857142855,0.17083333333333334,0.07142857142857142,0.40188492063492065,0.07056238382456995,0.2938698556345615,0.07539010627008452,7.175,0.14858642174818645,0.05535852812002906,5.0,0.39072547822547826,0.08874449170345484,8.625,0.038614163614163616,0.40476190476190477,0.20885416666666665,0.29545454545454547,0.47280753968253963,0.06708659971392325
0.25,44,1.0371208190917969e-05,2000,1,0,1,0.4642857142857143,0.0,0.39285714285714285,0.03571428571428571,0.10714285714285714,0.7,0.0,0.2,0.0,0.1,0.3333333333333333,0.0,0.5,0.05555555555555555,0.1111111111111111,0.925,0.725,1.0,1.0,1.0,0.725,1.0,1.0,0.890625,0.9328571428571428,0.9722222222222222,0.38071937982652276,0.07249196375818281,7.5,0.09273504273504274,0.047305429679165484,3.7,0.5407106782106783,0.08648448269097024,9.61111111111111,0.19841269841269843,0.2857142857142857,0.2841666666666667,0.25,0.5085175736961451,0.06857784275014665,0.3408164751914752,0.05963356591677742,6.525,0.0915903540903541,0.05681401018743796,4.1875,0.5069672225922225,0.06151326973633706,8.083333333333334,0.18376068376068375,0.3333333333333333,0.2453125,0.22727272727272727,0.4656646825396825,0.05423334836525503
0.25,45,7.18235969543457e-06,1415,0,0,0,0.75,0.03571428571428571,0.14285714285714285,0.0,0.07142857142857142,0.9,0.1,0.0,0.0,0.0,0.6666666666666666,0.0,0.2222222222222222,0.0,0.1111111111111111,0.875,0.7,1.0,1.0,0.975,0.85,1.0,1.0,0.9317708333333333,0.930952380952381,1.0,0.21662801484230054,0.03493871960090827,4.107142857142857,0.12,0.03127772848269743,3.5,0.2703102453102453,0.03697260355546986,4.444444444444445,0.12301587301587301,0.14285714285714285,0.16666666666666666,0.07142857142857142,0.27373866213151926,0.032276349745497306,0.25350156787656786,0.03970344076308465,4.925,0.13449900793650793,0.03436668145519078,3.9375,0.33283660783660785,0.04326128030168056,5.583333333333333,0.13614163614163613,0.14285714285714285,0.2234375,0.12878787878787878,0.3316170634920635,0.03634187675481741
0.25,46,8.285045623779297e-06,1378,0,0,0,0.5714285714285714,0.0,0.14285714285714285,0.03571428571428571,0.25,0.9,0.0,0.0,0.0,0.1,0.3888888888888889,0.0,0.2222222222222222,0.05555555555555555,0.3333333333333333,0.75,0.8,1.0,1.0,0.975,0.85,1.0,1.0,0.8932291666666667,0.9119047619047619,0.9416666666666667,0.3316969386822328,0.051723146117096185,5.928571428571429,0.05913021618903972,0.010231687323758936,1.5,0.48312289562289557,0.0747739565578391,8.38888888888889,0.1649029982363316,0.17857142857142858,0.25749999999999995,0.21428571428571427,0.38317743764172335,0.047890455843173745,0.30531753989474575,0.04079063283933937,5.425,0.12130372180923653,0.024207038166437142,3.125,0.4279934186184186,0.0518463626212742,6.958333333333333,0.15231990231990233,0.23809523809523808,0.22864583333333333,0.16666666666666666,0.4293055555555555,0.03660320586455097
0.25,47,9.59634780883789e-06,1874,0,0,0,0.75,0.0,0.17857142857142858,0.0,0.07142857142857142,1.0,0.0,0.0,0.0,0.0,0.6111111111111112,0.0,0.2777777777777778,0.0,0.1111111111111111,0.975,0.85,1.0,1.0,1.0,0.925,1.0,1.0,0.9453125,0.9571428571428571,1.0,0.1687970409609065,0.04129521086320283,3.75,0.02895927601809955,0.016446416693767806,1.2,0.24648468815135482,0.055100096512888955,5.166666666666667,0.05555555555555555,0.14285714285714285,0.135,0.10714285714285714,0.2622307256235828,0.03923810412684211,0.21575259095479682,0.04800327025509256,4.875,0.0979444421999569,0.03125261726764284,3.0625,0.29429135679135676,0.0591703722467257,6.083333333333333,0.11477411477411478,0.2619047619047619,0.15208333333333332,0.2121212121212121,0.33945436507936505,0.04219365895404288
0.25,48,9.119510650634766e-06,1108,0,0,0,0.4642857142857143,0.10714285714285714,0.07142857142857142,0.0,0.35714285714285715,0.5,0.3,0.0,0.0,0.2,0.4444444444444444,0.0,0.1111111111111111,0.0,0.4444444444444444,1.0,0.675,0.625,0.625,1.0,0.7,0.625,0.625,0.8572916666666667,0.8642857142857143,1.0,0.26520113290071273,0.04788057508613478,5.285714285714286,0.09451483157365512,0.026371186601730996,2.8,0.3600268558601892,0.05983023535524801,6.666666666666667,0.010582010582010581,0.5,0.2641666666666667,0.0,0.3703798185941043,0.042710666839010994,0.3010290159187218,0.048984264896935664,5.9,0.14296790831717301,0.028210139406933343,3.625,0.4064030876530877,0.06283368189027055,7.416666666666667,0.030219780219780217,0.4523809523809524,0.3302083333333333,0.10606060606060606,0.4500992063492063,0.042156542742270986
0.25,49,9.447336196899414e-06,1118,0,0,0,0.42857142857142855,0.10714285714285714,0.14285714285714285,0.17857142857142858,0.14285714285714285,0.4,0.2,0.1,0.0,0.3,0.4444444444444444,0.05555555555555555,0.16666666666666666,0.2777777777777778,0.05555555555555555,0.625,0.525,1.0,1.0,0.825,0.8,1.0,1.0,0.7145833333333333,0.7361904761904762,0.9194444444444445,0.5049450199660283,0.09199876292736238,9.964285714285714,0.27005817711700064,0.10574837961940628,9.3,0.6354377104377105,0.08436008698733798,10.333333333333334,0.30709876543209874,0.5714285714285714,0.44499999999999995,0.35714285714285715,0.6287556689342404,0.0821332768439004,0.36208826916547504,0.06261226400658532,7.175,0.16812148737700208,0.06507421760510225,5.8125,0.49139945702445703,0.06097096160757404,8.083333333333334,0.2670940170940171,0.5,0.296875,0.37121212121212116,0.49831349206349207,0.05135722046365605
0.3,0,9.59634780883789e-06,1402,0,0,0,0.35714285714285715,0.21428571428571427,0.21428571428571427,0.0,0.21428571428571427,0.6,0.2,0.2,0.0,0.0,0.2222222222222222,0.2222222222222222,0.2222222222222222,0.0,0.3333333333333333,1.0,0.575,0.75,1.0,1.0,0.75,0.5,1.0,0.8,0.812142857142857,1.0,0.4326034376454544,0.07594121516550843,8.428571428571429,0.2527109818286289,0.05940781492985723,6.8,0.5325436908770241,0.08512643751864798,9.333333333333334,0.3366402116402117,0.19642857142857142,0.2791666666666667,0.32142857142857145,0.5133645124716553,0.06992119307882724,0.39084978542699134,0.059565956766195007,7.375,0.22238926820728291,0.03603574038310976,5.25,0.5031567969067968,0.07525276768825183,8.791666666666666,0.34493284493284493,0.2857142857142857,0.24010416666666665,0.29545454545454547,0.4901289682539682,0.053084823997730304
0.3,1,8.52346420288086e-06,1419,0,0,0,0.25,0.14285714285714285,0.17857142857142858,0.42857142857142855,0.0,0.5,0.4,0.1,0.0,0.0,0.1111111111111111,0.0,0.2222222222222222,0.6666666666666666,0.0,1.0,0.475,0.375,0.375,1.0,0.525,0.375,0.375,0.7489583333333334,0.8402380952380952,1.0,0.4329785935353162,0.11226547344225692,10.392857142857142,0.22105939811822162,0.07032485234896635,6.8,0.5507114798781465,0.135565818494085,12.38888888888889,0.544973544973545,0.4642857142857143,0.24666666666666667,0.17857142857142858,0.4839994331065759,0.1070017511652757,0.38655904144874736,0.10399557398241702,9.65,0.20912137290813762,0.07171265558899145,6.6875,0.5048508204758205,0.12551751957803403,11.625,0.4719169719169719,0.40476190476190477,0.26718749999999997,0.36363636363636365,0.41061507936507935,0.09603566777692134
0.3,2,7.808208465576172e-06,1144,0,0,0,0.35714285714285715,0.03571428571428571,0.4642857142857143,0.0,0.14285714285714285,0.3,0.0,0.3,0.0,0.4,0.3888888888888889,0.05555555555555555,0.5555555555555556,0.0,0.0,0.975,0.65,0.5,1.0,1.0,0.725,0.375,1.0,0.8411458333333333,0.8426190476190476,1.0,0.3206257969388221,0.07001831610181532,7.25,0.25022337139984197,0.09597522547053404,8.6,0.3597382555715889,0.055597810896971564,6.5,0.25881834215167543,0.26785714285714285,0.14666666666666667,0.2857142857142857,0.4303996598639456,0.06467598588826061,0.41619699336611105,0.08595992572360807,9.15,0.30478704302233717,0.12421000502777071,10.8125,0.4904702935952936,0.0604598728541663,8.041666666666666,0.3524114774114774,0.44047619047619047,0.2609375,0.4772727272727273,0.5380952380952382,0.07476442951134457
0.3,3,0.0036864876747131348,2000,2,1,0,0.25,0.14285714285714285,0.17857142857142858,0.10714285714285714,0.32142857142857145,0.4,0.0,0.3,0.0,0.3,0.16666666666666666,0.2222222222222222,0.1111111111111111,0.16666666666666666,0.3333333333333333,0.65,0.65,0.875,0.875,0.85,0.75,1.0,1.0,0.7177083333333334,0.8678571428571429,0.9472222222222222,0.4495140072345956,0.07346248604287602,8.428571428571429,0.12984773396538102,0.022811200734474395,3.3,0.627106381273048,0.10160208899198804,11.277777777777779,0.21979717813051144,0.35714285714285715,0.3083333333333333,0.21428571428571427,0.6170634920634921,0.06768335522234623,0.404007471286883,0.05780760949578777,7.375,0.18344993446096386,0.03354788800971893,4.625,0.5510458291708291,0.073980757153167,9.208333333333334,0.17445054945054944,0.4523809523809524,0.23020833333333332,0.37121212121212116,0.6281349206349207,0.04704459493822873
0.3,4,8.821487426757812e-06,1257,0,0,0,0.21428571428571427,0.07142857142857142,0.21428571428571427,0.0,0.5,0.2,0.2,0.1,0.0,0.5,0.2222222222222222,0.0,0.2777777777777778,0.0,0.5,0.95,0.6,0.875,0.875,0.975,0.65,1.0,1.0,0.8223958333333333,0.8352380952380952,1.0,0.427499478812504,0.06990511588822962,8.428571428571429,0.27722581340228397,0.03982693910126493,6.5,0.5109848484848486,0.08661521410320999,9.5,0.24955908289241618,0.48214285714285715,0.33416666666666667,0.17857142857142858,0.5674319727891157,0.06310385001317607,0.4524573567772097,0.06925639012679749,9.0,0.36126570019033255,0.049519864664182046,8.25,0.5132517945017945,0.08241407376854111,9.5,0.24358974358974358,0.5595238095238095,0.3885416666666667,0.25,0.6397619047619048,0.05883603196954461
0.3,5,0.009219110012054443,2000,4,2,1,0.2857142857142857,0.0,0.6071428571428571,0.0,0.10714285714285714,0.2,0.0,0.7,0.0,0.1,0.3333333333333333,0.0,0.5555555555555556,0.0,0.1111111111111111,0.975,0.575,1.0,1.0,0.95,0.725,1.0,1.0,0.7380208333333333,0.8904761904761904,1.0,0.4299540387250471,0.047725207103808,7.321428571428571,0.285375637434461,0.038802979385734224,6.6,0.5102753727753728,0.05268200028051565,7.722222222222222,0.1642416225749559,0.39285714285714285,0.41166666666666674,0.17857142857142858,0.6143140589569162,0.040150238194259315,0.4576434084706144,0.057393558558740135,8.3,0.342217183347698,0.042646376694490506,7.5625,0.5345942252192252,0.06722501313490656,8.791666666666666,0.2597680097680098,0.47619047619047616,0.3770833333333333,0.3181818181818182,0.6908829365079365,0.045350673542556535
0.3,6,9.655952453613281e-06,1492,0,0,0,0.25,0.03571428571428571,0.25,0.0,0.4642857142857143,0.4,0.1,0.4,0.0,0.1,0.16666666666666666,0.0,0.16666666666666666,0.0,0.6666666666666666,1.0,0.575,0.875,0.875,1.0,0.65,0.875,0.875,0.8572916666666667,0.7735714285714286,1.0,0.5440736784224179,0.07148922987657548,9.714285714285714,0.4175982187746893,0.10737735361703209,11.9,0.614337822671156,0.05155138335409959,8.5,0.6203703703703703,0.07142857142857142,0.4208333333333333,0.35714285714285715,0.5646967120181405,0.06895151804359341,0.5182225372666549,0.06714482906491373,9.3,0.3619146376499318,0.09362612331721987,10.25,0.6224278036778037,0.04949063289670965,8.666666666666666,0.6431623931623932,0.07142857142857142,0.36249999999999993,0.37878787878787884,0.5446329365079364,0.06342653445039625
0.3,7,0.002845257520675659,2000,1,0,1,0.35714285714285715,0.07142857142857142,0.42857142857142855,0.0,0.14285714285714285,0.4,0.0,0.3,0.0,0.3,0.3333333333333333,0.1111111111111111,0.5,0.0,0.05555555555555555,1.0,0.75,1.0,1.0,1.0,0.75,0.875,0.875,0.80625,0.8835714285714286,1.0,0.4377706268987781,0.08108187531574881,8.714285714285714,0.22488113193995543,0.09603751649382447,8.2,0.5560425685425686,0.07277318577237345,9.0,0.2365520282186949,0.6428571428571429,0.4133333333333334,0.2857142857142857,0.6123724489795918,0.07204781144179807,0.4240271982919042,0.08516749636557727,8.9,0.22915151637578107,0.10192210129177268,8.5,0.5539443195693196,0.07399775974811368,9.166666666666666,0.19795482295482295,0.7380952380952381,0.38697916666666665,0.20454545454545456,0.6188095238095238,0.07416890227484402
0.3,8,8.52346420288086e-06,1661,0,0,0,0.21428571428571427,0.10714285714285714,0.10714285714285714,0.0,0.5714285714285714,0.2,0.0,0.1,0.0,0.7,0.2222222222222222,0.16666666666666666,0.1111111111111111,0.0,0.5,0.95,0.475,0.75,0.75,1.0,0.7,0.875,0.875,0.6786458333333334,0.6754761904761905,1.0,0.49141846715376125,0.06081279753995057,8.357142857142858,0.258446455505279,0.08811794465170969,8.3,0.620847362514029,0.04564327136675107,8.38888888888889,0.12014991181657847,0.32142857142857145,0.5075,0.4642857142857143,0.6203514739229025,0.0536460474611888,0.43890416160636747,0.059237973409831925,7.95,0.2709164354844502,0.09599879446904358,8.9375,0.5508959790209791,0.03473075937035749,7.291666666666667,0.15934065934065933,0.5,0.4203125,0.3409090909090909,0.5739484126984127,0.04963873254700963
0.3,9,8.881092071533203e-06,1220,0,0,0,0.35714285714285715,0.03571428571428571,0.25,0.17857142857142858,0.17857142857142858,0.7,0.1,0.2,0.0,0.0,0.16666666666666666,0.0,0.2777777777777778,0.2777777777777778,0.2777777777777778,0.7,0.675,1.0,1.0,0.8,0.775,1.0,1.0,0.7255208333333334,0.7885714285714285,1.0,0.4890545087498869,0.06525948744415269,8.464285714285714,0.27615276879982764,0.059595674916946076,7.2,0.6073332531665865,0.06840604995926747,9.166666666666666,0.3994708994708994,0.2857142857142857,0.37333333333333335,0.42857142857142855,0.5944727891156463,0.05765242564999708,0.42894213425463423,0.04835743719887418,7.1,0.18839571886446885,0.02673354877067884,4.25,0.5893064111814112,0.06277336281767107,9.0,0.3447802197802198,0.2619047619047619,0.31614583333333335,0.3409090909090909,0.5356944444444445,0.041870029228151875
0.3,10,6.341934204101562e-05,2000,6,2,2,0.25,0.03571428571428571,0.10714285714285714,0.07142857142857142,0.5357142857142857,0.5,0.0,0.1,0.0,0.4,0.1111111111111111,0.05555555555555555,0.1111111111111111,0.1111111111111111,0.6111111111111112,0.95,0.675,0.875,0.875,0.95,0.75,1.0,1.0,0.8109375,0.8821428571428571,0.9861111111111112,0.4394231702004811,0.08495192960174736,9.178571428571429,0.2851684263448969,0.06950704343503572,7.8,0.5251202501202501,0.09353242191658717,9.944444444444445,0.13910934744268075,0.39285714285714285,0.395,0.2857142857142857,0.5413690476190476,0.07860560899370853,0.41401407212068975,0.08415072416490728,9.1,0.3047498406413848,0.08901829031085856,9.125,0.4868568931068931,0.08090568006760641,9.083333333333334,0.16727716727716727,0.5476190476190477,0.2942708333333333,0.3409090909090909,0.5815178571428572,0.07367609405294324
0.3,11,9.894371032714844e-06,909,0,0,0,0.21428571428571427,0.25,0.17857142857142858,0.0,0.35714285714285715,0.3,0.5,0.2,0.0,0.0,0.16666666666666666,0.1111111111111111,0.16666666666666666,0.0,0.5555555555555556,0.975,0.8,1.0,1.0,1.0,0.85,1.0,1.0,0.8619791666666667,0.8704761904761904,1.0,0.464685577028014,0.06158847467344036,8.392857142857142,0.36598613804496155,0.053463210517253223,8.4,0.5195185986852653,0.06610251031576657,8.38888888888889,0.3055555555555556,0.42857142857142855,0.32749999999999996,0.4642857142857143,0.6361252834467119,0.052511253183871676,0.4314790173062232,0.05806832001254146,8.175,0.3448461516016663,0.05215495091155369,8.125,0.4892342611092611,0.06201056607986664,8.208333333333334,0.28021978021978017,0.4523809523809524,0.3265625,0.41666666666666663,0.6019543650793651,0.04761315500108988
0.3,12,9.47713851928711e-06,860,0,0,0,0.21428571428571427,0.14285714285714285,0.5714285714285714,0.0,0.07142857142857142,0.2,0.3,0.4,0.0,0.1,0.2222222222222222,0.05555555555555555,0.6666666666666666,0.0,0.05555555555555555,1.0,0.6,0.0,0.75,1.0,0.55,0.125,0.75,0.6229166666666667,0.6826190476190477,1.0,0.4315889934062203,0.085374630922719,9.392857142857142,0.40570387129210655,0.09418284307959289,11.1,0.4459696168029501,0.08048117972445572,8.444444444444445,0.09634038800705468,0.6071428571428571,0.45833333333333337,0.21428571428571427,0.5489795918367347,0.07658807377498068,0.4005225738313973,0.07207339917430897,8.425,0.34457653253609133,0.07230527641658671,9.0,0.4378199346949347,0.07191881434612381,8.041666666666666,0.09310134310134312,0.5714285714285714,0.4125,0.11363636363636363,0.5280059523809524,0.06507815458320416
0.3,13,8.58306884765625e-06,1191,0,0,0,0.25,0.17857142857142858,0.35714285714285715,0.0,0.21428571428571427,0.1,0.5,0.4,0.0,0.0,0.3333333333333333,0.0,0.3333333333333333,0.0,0.3333333333333333,0.7,0.5,1.0,1.0,0.95,0.625,1.0,1.0,0.5729166666666667,0.5578571428571428,0.8722222222222222,0.5985855531023597,0.09132918973666204,11.392857142857142,0.45812468577174464,0.08481731979776896,11.4,0.676619368286035,0.09494689525826928,11.38888888888889,0.53505291005291,0.42857142857142855,0.6383333333333334,0.17857142857142858,0.6153202947845805,0.084364877579588,0.5279839686457334,0.07431372818081072,10.05,0.4375393907563025,0.0692339282453891,10.3125,0.5882803539053539,0.07770026147109182,9.875,0.4044566544566544,0.42857142857142855,0.6145833333333333,0.10606060606060606,0.5788888888888889,0.06780465438764498
0.3,14,8.702278137207031e-06,1556,0,0,0,0.4642857142857143,0.07142857142857142,0.21428571428571427,0.0,0.25,0.6,0.1,0.2,0.0,0.1,0.3888888888888889,0.05555555555555555,0.2222222222222222,0.0,0.3333333333333333,0.95,0.8,0.625,0.875,1.0,0.775,0.625,0.875,0.7036458333333333,0.8497619047619047,1.0,0.38516574461952613,0.06302393182247894,7.535714285714286,0.22988544135602956,0.052493069212314544,6.3,0.4714325797659131,0.06887441105034806,8.222222222222221,0.09303350970017636,0.4107142857142857,0.33499999999999996,0.03571428571428571,0.5447137188208617,0.0568585671614356,0.3241216524488583,0.059966446310409205,6.9,0.21123427736479208,0.05100365071756305,5.875,0.3993799025049025,0.06594164337230664,7.583333333333333,0.03449328449328448,0.3333333333333333,0.35,0.2196969696969697,0.4763591269841269,0.05345811575680428
0.3,15,8.58306884765625e-06,814,0,0,0,0.32142857142857145,0.0,0.14285714285714285,0.2857142857142857,0.25,0.7,0.0,0.2,0.0,0.1,0.1111111111111111,0.0,0.1111111111111111,0.4444444444444444,0.3333333333333333,0.525,0.45,1.0,1.0,0.65,0.575,1.0,1.0,0.771875,0.7416666666666667,0.9722222222222222,0.5487990184418756,0.08282722029590006,9.821428571428571,0.18226495726495726,0.06663516826356244,6.1,0.7524290524290526,0.09182280475830987,11.88888888888889,0.6102292768959435,0.14285714285714285,0.5016666666666666,0.17857142857142858,0.535813492063492,0.08109354418356407,0.4755181277056277,0.06556617099111642,8.425,0.13537183302808303,0.03891346075361761,4.125,0.7022823241573241,0.08333464448278231,11.291666666666666,0.4731379731379731,0.21428571428571427,0.46510416666666665,0.1590909090909091,0.524484126984127,0.06260430535573912
0.3,16,9.611248970031738e-06,1414,0,0,0,0.2857142857142857,0.03571428571428571,0.17857142857142858,0.0,0.5,0.4,0.1,0.5,0.0,0.0,0.2222222222222222,0.0,0.0,0.0,0.7777777777777778,1.0,0.525,0.625,0.75,1.0,0.525,0.875,0.875,0.8916666666666666,0.8797619047619047,1.0,0.40951223146601295,0.060847429953739054,7.464285714285714,0.24586224233283058,0.05185610625093986,6.5,0.5004288920955587,0.0658426097886275,8.0,0.20480599647266315,0.14285714285714285,0.2841666666666666,0.14285714285714285,0.5312216553287982,0.057220778322614296,0.4360903455204926,0.06252522243005854,8.2,0.31349773082309845,0.06104878276294508,8.0625,0.5178187553187553,0.0635095155414675,8.291666666666666,0.2448107448107448,0.3333333333333333,0.34375,0.23484848484848483,0.5745039682539682,0.05478020112001366
0.3,17,0.009935140609741211,2000,1,0,0,0.35714285714285715,0.0,0.32142857142857145,0.0,0.32142857142857145,0.4,0.0,0.3,0.0,0.3,0.3333333333333333,0.0,0.3333333333333333,0.0,0.3333333333333333,1.0,0.675,0.875,1.0,1.0,0.8,0.875,1.0,0.9203125,0.9145238095238095,1.0,0.3694562382062382,0.05564100218774244,6.892857142857143,0.2219413919413919,0.05427598780208019,6.1,0.4514089305755972,0.056399343513110364,7.333333333333333,0.3194444444444444,0.2857142857142857,0.32166666666666666,0.21428571428571427,0.5394274376417234,0.05048434295857091,0.41442553973803975,0.06006576345540675,7.75,0.23715945512820513,0.050918712059825705,6.25,0.5326029294779294,0.06616379771912745,8.75,0.3524114774114774,0.30952380952380953,0.33854166666666663,0.37878787878787873,0.605843253968254,0.050793198332543865
0.3,18,9.655952453613281e-06,842,0,0,0,0.25,0.07142857142857142,0.03571428571428571,0.14285714285714285,0.5,0.5,0.2,0.0,0.0,0.3,0.1111111111111111,0.0,0.05555555555555555,0.2222222222222222,0.6111111111111112,0.525,0.675,1.0,1.0,0.65,0.725,1.0,1.0,0.83125,0.8404761904761905,1.0,0.4919761027954306,0.0722247642067975,8.857142857142858,0.17129210658622424,0.01670173584270398,3.7,0.6701338784672118,0.10307089107573837,11.722222222222221,0.4874338624338624,0.10714285714285714,0.4616666666666666,0.10714285714285714,0.5287840136054422,0.06979209259681698,0.4885942652119123,0.06824436663911582,8.9,0.21783514687926453,0.04989330076120678,6.0,0.6691003441003441,0.08047841055772186,10.833333333333334,0.43940781440781446,0.23809523809523808,0.4744791666666667,0.09090909090909091,0.5775,0.06264216335466923
0.3,19,8.761882781982422e-06,1161,0,0,0,0.39285714285714285,0.07142857142857142,0.07142857142857142,0.0,0.4642857142857143,0.7,0.2,0.1,0.0,0.0,0.2222222222222222,0.0,0.05555555555555555,0.0,0.7222222222222222,0.95,0.55,0.875,0.875,0.975,0.675,1.0,1.0,0.8447916666666666,0.888095238095238,1.0,0.4487215690471994,0.0464486237966104,7.178571428571429,0.19640235581412052,0.029609336084821747,4.6,0.5888989097322431,0.05580378363649298,8.61111111111111,0.06525573192239859,0.5,0.42833333333333334,0.03571428571428571,0.576388888888889,0.03825461353802996,0.40879266770810896,0.040566825302281624,6.475,0.1352352559613589,0.0233282803354744,3.25,0.5911642755392755,0.05205918861348644,8.625,0.053724053724053714,0.42857142857142855,0.4041666666666666,0.01515151515151515,0.5329960317460317,0.033595829267856196
0.3,20,9.775161743164062e-06,941,0,0,0,0.21428571428571427,0.07142857142857142,0.07142857142857142,0.0,0.6428571428571429,0.5,0.2,0.2,0.0,0.1,0.05555555555555555,0.0,0.0,0.0,0.9444444444444444,1.0,0.55,0.125,0.375,1.0,0.575,0.125,0.25,0.8395833333333333,0.8745238095238095,1.0,0.3749850639556521,0.09328742188512738,8.75,0.1425339366515837,0.02824412622801914,3.6,0.5041245791245791,0.12942258613907645,11.61111111111111,0.37918871252204583,0.5178571428571429,0.1758333333333333,0.21428571428571427,0.5072420634920635,0.08573113077328512,0.39605913490104666,0.09560832696910238,9.375,0.20005459715937657,0.03860562461749091,5.0625,0.5267288267288267,0.13361012853684337,12.25,0.356990231990232,0.4880952380952381,0.2588541666666666,0.36363636363636365,0.4975992063492063,0.08520040306118984
0.3,21,9.655952453613281e-06,1436,0,0,0,0.35714285714285715,0.0,0.35714285714285715,0.10714285714285714,0.17857142857142858,0.7,0.0,0.2,0.0,0.1,0.16666666666666666,0.0,0.4444444444444444,0.16666666666666666,0.2222222222222222,0.925,0.625,1.0,1.0,0.9,0.7,0.875,1.0,0.7994791666666667,0.8392857142857143,0.9861111111111112,0.3869973921969721,0.05902343439763893,7.0,0.1199238669826905,0.03302743840010921,3.6,0.5353715728715728,0.07346565439626654,8.88888888888889,0.23104056437389767,0.25,0.21999999999999997,0.5,0.4893990929705216,0.051906180183629975,0.397812857077563,0.06999663148201334,7.95,0.1824768368886016,0.04492610443006634,5.125,0.5413702038702038,0.08671031618331133,9.833333333333334,0.23717948717948717,0.3333333333333333,0.24791666666666667,0.45454545454545453,0.5504166666666667,0.06037001499319185
0.3,22,9.417533874511719e-06,1162,0,0,0,0.17857142857142858,0.25,0.32142857142857145,0.03571428571428571,0.21428571428571427,0.1,0.6,0.0,0.0,0.3,0.2222222222222222,0.05555555555555555,0.5,0.05555555555555555,0.16666666666666666,0.95,0.75,0.5,0.75,0.975,0.775,0.375,1.0,0.746875,0.8178571428571428,0.9416666666666667,0.5012386073310442,0.0524208220820211,8.178571428571429,0.3103512174100409,0.033663807998115636,6.7,0.6072871572871572,0.06284138546196857,9.0,0.23677248677248675,0.5,0.46499999999999997,0.21428571428571427,0.6508361678004535,0.043069894463403945,0.49428765474721353,0.05383414873918927,8.525,0.37357884660274365,0.04437079862899404,8.1875,0.5747601935101935,0.06014304881265275,8.75,0.19948107448107447,0.5952380952380952,0.4369791666666666,0.17424242424242423,0.708829365079365,0.04232870378131455
0.3,23,8.761882781982422e-06,1072,0,0,0,0.35714285714285715,0.21428571428571427,0.2857142857142857,0.0,0.14285714285714285,0.5,0.1,0.3,0.0,0.1,0.2777777777777778,0.2777777777777778,0.2777777777777778,0.0,0.16666666666666666,1.0,0.6,0.25,0.5,1.0,0.675,0.5,0.625,0.7776041666666667,0.8216666666666668,1.0,0.44186222274457565,0.074083017625882,8.714285714285714,0.3589819004524887,0.1020363358322764,10.5,0.4879068462401795,0.05855339640010736,7.722222222222222,0.13646384479717813,0.6428571428571429,0.3983333333333333,0.5,0.5505385487528345,0.06228680313431105,0.41899854842869544,0.06733897724213793,8.3,0.34473628393665157,0.09541834097369112,9.9375,0.4685067247567247,0.04861940142110247,7.208333333333333,0.16636141636141635,0.5476190476190477,0.35781250000000003,0.303030303030303,0.5517857142857142,0.05670628634295555
0.3,24,9.59634780883789e-06,1058,0,0,0,0.25,0.10714285714285714,0.14285714285714285,0.0,0.5,0.4,0.3,0.2,0.0,0.1,0.16666666666666666,0.0,0.1111111111111111,0.0,0.7222222222222222,1.0,0.675,0.0,0.0,1.0,0.65,0.5,0.625,0.7239583333333333,0.8123809523809524,1.0,0.4230301269692026,0.0739251898369163,8.5,0.3256640091934209,0.08454308130425017,9.3,0.4771224146224146,0.06802636124395305,8.055555555555555,0.08796296296296297,0.7142857142857143,0.33166666666666667,0.17857142857142858,0.7014030612244897,0.06183625981884468,0.40563119682604976,0.07138469370670913,8.275,0.2540999492745817,0.062153491115189405,7.125,0.5066520285270285,0.07753882876772228,9.041666666666666,0.059829059829059825,0.5952380952380952,0.3041666666666667,0.22727272727272727,0.6388591269841271,0.059852956182012806
0.3,25,7.62939453125e-06,930,0,0,0,0.35714285714285715,0.07142857142857142,0.4642857142857143,0.0,0.10714285714285714,0.4,0.2,0.4,0.0,0.0,0.3333333333333333,0.0,0.5,0.0,0.16666666666666666,0.975,0.55,0.125,0.875,1.0,0.675,0.25,1.0,0.8494791666666667,0.8095238095238095,0.95,0.36985053345347463,0.0795746362754342,8.178571428571429,0.28318250377073906,0.07612916724364263,8.0,0.41799943883277213,0.08148878573754062,8.277777777777779,0.053791887125220456,0.6428571428571429,0.3275,0.25,0.5571853741496599,0.06934283041924608,0.34098394864938986,0.07338534571749997,7.6,0.1864791509552539,0.06215943580075593,6.0,0.4439871471121471,0.08086928566199598,8.666666666666666,0.05967643467643468,0.5476190476190477,0.315625,0.25,0.5003571428571428,0.0628000951680185
0.3,26,0.004147827625274658,2000,4,2,0,0.2857142857142857,0.14285714285714285,0.39285714285714285,0.03571428571428571,0.14285714285714285,0.6,0.2,0.1,0.0,0.1,0.1111111111111111,0.1111111111111111,0.5555555555555556,0.05555555555555555,0.16666666666666666,0.825,0.575,1.0,1.0,0.85,0.7,1.0,1.0,0.8286458333333333,0.8773809523809524,1.0,0.4737174531817389,0.06363829252422251,8.285714285714286,0.21362026862026862,0.020214139167372636,4.3,0.6182158890492224,0.08776282216691687,10.5,0.18231922398589065,0.35714285714285715,0.38333333333333336,0.17857142857142858,0.6330073696145124,0.05850529764069407,0.42868218586968593,0.06315401542166237,8.025,0.22324576465201468,0.03207117713306058,5.0,0.5656398000148001,0.08387590761406355,10.041666666666666,0.1906288156288156,0.40476190476190477,0.3255208333333333,0.1590909090909091,0.592123015873016,0.05762800958173649
0.3,27,0.025865554809570312,2000,44,14,12,0.2857142857142857,0.03571428571428571,0.4642857142857143,0.0,0.21428571428571427,0.7,0.0,0.2,0.0,0.1,0.05555555555555555,0.05555555555555555,0.6111111111111112,0.0,0.2777777777777778,0.9,0.45,0.625,0.625,1.0,0.575,0.625,0.625,0.7276041666666666,0.799047619047619,0.75,0.6059291898577612,0.10050805691929407,12.142857142857142,0.6115079365079364,0.10721890444073452,14.7,0.6028298861632195,0.09677980829627159,10.722222222222221,0.42658730158730157,0.35714285714285715,0.6725000000000001,0.14285714285714285,0.6379818594104308,0.09845005207989381,0.46865259332171094,0.07943326071754128,9.4,0.2682371345974287,0.05017859944981337,6.75,0.6022628991378991,0.09893636822935988,11.166666666666666,0.26465201465201466,0.2857142857142857,0.4546875,0.3181818181818182,0.5601884920634921,0.07305804644963669
0.3,28,0.013906091451644897,2000,14,5,5,0.17857142857142858,0.10714285714285714,0.35714285714285715,0.0,0.35714285714285715,0.3,0.3,0.4,0.0,0.0,0.1111111111111111,0.0,0.3333333333333333,0.0,0.5555555555555556,1.0,0.5,0.25,0.375,1.0,0.525,0.125,0.125,0.796875,0.7933333333333333,1.0,0.43938135277420987,0.09033619518732619,9.607142857142858,0.3235470085470085,0.06419117479767827,8.2,0.5037337662337662,0.10486120651490836,10.38888888888889,0.22178130511463842,0.5,0.43499999999999994,0.2857142857142857,0.5647675736961452,0.08339786858775174,0.4164935064935065,0.0767728465757791,8.85,0.3075873778998779,0.0545953207788132,7.5625,0.4890975922225922,0.09155786377375634,9.708333333333334,0.22283272283272282,0.40476190476190477,0.3911458333333333,0.2424242424242424,0.5359623015873016,0.07063631918275319
0.3,29,8.702278137207031e-06,1037,0,0,0,0.25,0.10714285714285714,0.14285714285714285,0.0,0.5,0.4,0.0,0.2,0.0,0.4,0.16666666666666666,0.16666666666666666,0.1111111111111111,0.0,0.5555555555555556,0.925,0.575,0.875,0.875,1.0,0.7,0.875,0.875,0.7109375,0.7397619047619047,1.0,0.49382985711767224,0.08637239080681293,10.142857142857142,0.4206492853551677,0.08767440692921301,11.1,0.5344857303190637,0.08564904851659066,9.61111111111111,0.2876984126984127,0.48214285714285715,0.5241666666666668,0.2857142857142857,0.6182823129251701,0.07619086548080331,0.47243397329794384,0.07945611949838041,9.625,0.37645796299288947,0.0750716415595627,9.6875,0.5364179801679801,0.08237910479092557,9.583333333333334,0.2812881562881563,0.5357142857142857,0.46041666666666664,0.20454545454545456,0.627797619047619,0.06867865398329875
0.3,30,0.029475629329681396,2000,11,2,7,0.21428571428571427,0.14285714285714285,0.25,0.03571428571428571,0.35714285714285715,0.3,0.0,0.5,0.0,0.2,0.16666666666666666,0.2222222222222222,0.1111111111111111,0.05555555555555555,0.4444444444444444,0.85,0.625,0.75,1.0,0.975,0.625,0.75,1.0,0.7,0.775,1.0,0.44053319462983326,0.11209570589244063,10.607142857142858,0.30798067945126767,0.10693744057076329,10.1,0.5141734808401475,0.11496140884892801,10.88888888888889,0.1984126984126984,0.6071428571428571,0.41916666666666663,0.39285714285714285,0.5397392290249433,0.0986143246449687,0.3696199348037584,0.11486038090060373,10.325,0.2954293255763844,0.09371325241919867,9.25,0.41908034095534097,0.12895846655487375,11.041666666666666,0.18406593406593408,0.5476190476190477,0.30416666666666664,0.4393939393939394,0.5111210317460317,0.10265167323560416
0.3,31,0.005276739597320557,2000,4,2,0,0.35714285714285715,0.0,0.0,0.4642857142857143,0.17857142857142858,0.7,0.0,0.0,0.0,0.3,0.16666666666666666,0.0,0.0,0.7222222222222222,0.1111111111111111,0.475,0.575,1.0,1.0,0.525,0.6,1.0,1.0,0.7734375,0.8397619047619047,1.0,0.4219890112222045,0.07479331410054116,8.321428571428571,0.2227055950585362,0.05306653118801068,5.9,0.5327020202020202,0.08686374905194699,9.666666666666666,0.07671957671957672,0.48214285714285715,0.37833333333333335,0.07142857142857142,0.5729450113378685,0.06890143870907177,0.39466747304982597,0.07408531588984504,8.2,0.1866195997629821,0.0492972328536837,5.375,0.5333660552410552,0.0906107045806193,10.083333333333334,0.11492673992673993,0.32142857142857145,0.3963541666666667,0.11363636363636363,0.4966269841269841,0.06925645613318074
0.3,32,9.328126907348633e-06,1535,0,0,0,0.25,0.0,0.14285714285714285,0.0,0.6071428571428571,0.4,0.0,0.2,0.0,0.4,0.16666666666666666,0.0,0.1111111111111111,0.0,0.7222222222222222,0.925,0.525,0.5,1.0,1.0,0.75,0.625,1.0,0.8130208333333333,0.8052380952380952,1.0,0.40137943289203787,0.07453663940182464,8.178571428571429,0.240666163901458,0.06643040906677906,7.1,0.490664582331249,0.07904010069907219,8.777777777777779,0.02821869488536155,0.5357142857142857,0.39416666666666667,0.10714285714285714,0.5388605442176871,0.06647865645119276,0.382510065506389,0.06564430261536255,7.775,0.23746706214537097,0.052154889618980016,6.375,0.47920540108040105,0.07463724461295093,8.708333333333334,0.04716117216117216,0.5476190476190477,0.35,0.29545454545454547,0.5678869047619047,0.05471481763489663
0.3,33,9.775161743164062e-06,2000,0,0,0,0.35714285714285715,0.0,0.2857142857142857,0.0,0.35714285714285715,0.5,0.0,0.3,0.0,0.2,0.2777777777777778,0.0,0.2777777777777778,0.0,0.4444444444444444,1.0,0.8,0.75,1.0,0.975,0.8,0.875,1.0,0.8,0.8895238095238095,1.0,0.3907225361006873,0.056271984396471145,7.107142857142857,0.2033304603892839,0.03792095433491122,5.2,0.49482924482924484,0.06646700109733779,8.166666666666666,0.31900352733686066,0.42857142857142855,0.29166666666666663,0.21428571428571427,0.5191326530612245,0.04898514782531303,0.38538146902117487,0.05275479634845668,7.075,0.23805719403145875,0.03563390050836388,5.5,0.4835976523476524,0.06416872690851853,8.125,0.2735042735042735,0.2619047619047619,0.31614583333333335,0.0606060606060606,0.5028869047619048,0.050030545343192526
0.3,34,0.017008766531944275,2000,7,4,1,0.21428571428571427,0.03571428571428571,0.42857142857142855,0.0,0.32142857142857145,0.2,0.0,0.2,0.0,0.6,0.2222222222222222,0.05555555555555555,0.5555555555555556,0.0,0.16666666666666666,1.0,0.575,0.0,0.0,1.0,0.6,0.0,0.0,0.6958333333333333,0.7211904761904762,1.0,0.5868025648487833,0.05514178158678467,9.5,0.4992232277526395,0.03941050946814362,9.8,0.6354577521244189,0.06388137720825192,9.333333333333334,0.24603174603174602,0.48214285714285715,0.6425000000000001,0.42857142857142855,0.7688633786848074,0.04224571263506456,0.5282826079149607,0.04458392964595099,8.5,0.4489498042806866,0.03379468872424085,8.75,0.5811711436711436,0.051776756927091085,8.333333333333334,0.2097069597069597,0.44047619047619047,0.5598958333333333,0.2727272727272727,0.7039384920634921,0.03330633986065823
0.3,35,9.626150131225586e-06,1054,0,0,0,0.32142857142857145,0.0,0.2857142857142857,0.17857142857142858,0.21428571428571427,0.4,0.0,0.0,0.0,0.6,0.2777777777777778,0.0,0.4444444444444444,0.2777777777777778,0.0,0.95,0.575,0.75,0.75,0.975,0.6,0.75,0.75,0.7677083333333333,0.8828571428571428,1.0,0.3694545184040982,0.07848926495226374,7.892857142857143,0.18696904402786757,0.07367134326868155,6.4,0.4708353375020041,0.0811658881098094,8.722222222222221,0.06437389770723104,0.5357142857142857,0.2416666666666667,0.42857142857142855,0.5148526077097506,0.06949948514850106,0.3781413480310539,0.08330975396663534,8.55,0.23193692541119013,0.0822698187650496,7.5625,0.4756109631109631,0.08400304410102583,9.208333333333334,0.08165445665445666,0.5952380952380952,0.29375,0.4318181818181818,0.5225000000000001,0.07159718419092424
0.3,36,0.03058210015296936,2000,23,8,5,0.25,0.07142857142857142,0.21428571428571427,0.10714285714285714,0.35714285714285715,0.5,0.2,0.3,0.0,0.0,0.1111111111111111,0.0,0.16666666666666666,0.16666666666666666,0.5555555555555556,0.575,0.575,1.0,1.0,0.625,0.625,1.0,1.0,0.7291666666666667,0.9095238095238095,0.9694444444444444,0.4896078419712874,0.09487481732638774,10.25,0.23839474251238957,0.0495484531249346,6.2,0.6291706750040084,0.12005613077163946,12.5,0.2755731922398589,0.6964285714285714,0.48999999999999994,0.2857142857142857,0.6387613378684807,0.08352637475041143,0.4900186822980941,0.09387220390153864,10.375,0.25139865240968184,0.0489930829969147,6.375,0.6490987022237023,0.12379161783795456,13.041666666666666,0.29853479853479853,0.6071428571428571,0.53125,0.28787878787878785,0.6199007936507936,0.08203227188877801
0.3,37,0.00012919306755065918,2000,3,0,0,0.35714285714285715,0.0,0.39285714285714285,0.03571428571428571,0.21428571428571427,0.6,0.0,0.3,0.0,0.1,0.2222222222222222,0.0,0.4444444444444444,0.05555555555555555,0.2777777777777778,0.95,0.525,1.0,1.0,0.975,0.575,1.0,1.0,0.7796875,0.8116666666666666,1.0,0.39976685312819765,0.0736124640165708,8.071428571428571,0.21536450477626948,0.04882405961744265,5.8,0.5022126022126021,0.0873837997938642,9.333333333333334,0.36706349206349204,0.30357142857142855,0.36416666666666664,0.17857142857142858,0.4832766439909296,0.0680318141680445,0.40695046579237754,0.0844395046929491,8.975,0.23560290302018244,0.055091196991676486,6.4375,0.5211821743071744,0.10400504316046418,10.666666666666666,0.31654456654456653,0.47619047619047616,0.38645833333333335,0.18939393939393936,0.5178174603174603,0.07588238897209724
0.3,38,8.791685104370117e-06,1007,0,0,0,0.21428571428571427,0.07142857142857142,0.5,0.0,0.21428571428571427,0.2,0.2,0.3,0.0,0.3,0.2222222222222222,0.0,0.6111111111111112,0.0,0.16666666666666666,0.875,0.525,1.0,1.0,0.95,0.55,1.0,1.0,0.7427083333333333,0.8211904761904761,0.9777777777777779,0.5451890837920249,0.08416190889670945,10.214285714285714,0.33304819363642896,0.07858494092862364,9.0,0.6630451338784673,0.08726022443453492,10.88888888888889,0.35626102292768963,0.44642857142857145,0.4908333333333334,0.25,0.6890022675736961,0.07518305904458665,0.5138077873923462,0.07010801410332226,9.45,0.35233724098613806,0.0781290906386037,9.25,0.6214548183298184,0.06476062974646797,9.583333333333334,0.34996947496947495,0.4880952380952381,0.453125,0.2727272727272727,0.6931845238095238,0.06059192192987697
0.3,39,0.005674928426742554,2000,8,1,4,0.17857142857142858,0.0,0.14285714285714285,0.25,0.42857142857142855,0.4,0.0,0.3,0.0,0.3,0.05555555555555555,0.0,0.05555555555555555,0.3888888888888889,0.5,0.725,0.6,0.625,1.0,0.8,0.65,0.875,1.0,0.7453125,0.8130952380952381,1.0,0.3625050136604759,0.10251026431671298,9.428571428571429,0.25849888673418087,0.057652662402753754,6.9,0.4202861952861953,0.12743115426891255,10.833333333333334,0.16446208112874777,0.32142857142857145,0.21749999999999997,0.5,0.4774659863945578,0.09550199189541554,0.36556607199989555,0.09822218992376021,9.35,0.22598488113193996,0.04671380801484473,5.9375,0.45862019924519926,0.1325611111963705,11.625,0.20497557997558,0.4523809523809524,0.21458333333333332,0.45454545454545453,0.4665079365079364,0.08819743459828058
0.3,40,0.009555459022521973,2000,19,8,5,0.35714285714285715,0.03571428571428571,0.17857142857142858,0.03571428571428571,0.39285714285714285,0.5,0.1,0.0,0.0,0.4,0.2777777777777778,0.0,0.2777777777777778,0.05555555555555555,0.3888888888888889,0.9,0.675,1.0,1.0,0.925,0.775,1.0,1.0,0.7536458333333333,0.8476190476190476,0.975,0.4439119412333698,0.07090387531263595,8.5,0.23881562881562882,0.04354785392417836,5.8,0.5578543370210036,0.08610166497289015,10.0,0.15432098765432098,0.4642857142857143,0.44333333333333325,0.17857142857142858,0.5698412698412699,0.06482244997608651,0.4184286546786547,0.061850004662048465,7.9,0.26870993589743586,0.05050785259756077,6.625,0.5182411338661338,0.06941143937170693,8.75,0.14178876678876678,0.40476190476190477,0.4286458333333333,0.20454545454545456,0.5444146825396825,0.055484138538778115
0.3,41,0.007567226886749268,2000,4,2,1,0.35714285714285715,0.0,0.4642857142857143,0.0,0.17857142857142858,0.6,0.0,0.0,0.0,0.4,0.2222222222222222,0.0,0.7222222222222222,0.0,0.05555555555555555,1.0,0.5,1.0,1.0,1.0,0.625,0.875,0.875,0.8390625,0.8585714285714285,1.0,0.4324863628435058,0.06040395897853805,7.535714285714286,0.1684004884004884,0.07242958101193939,6.1,0.5792007375340709,0.05372305784887064,8.333333333333334,0.47464726631393295,0.26785714285714285,0.4025,0.39285714285714285,0.43611111111111106,0.053220110052114446,0.4448873348873349,0.061106798859516455,7.9,0.16874236874236875,0.06340282338830358,5.75,0.628983978983979,0.05957611584032504,9.333333333333334,0.39285714285714285,0.34523809523809523,0.3734375,0.37121212121212116,0.5630753968253968,0.05153200393633252
0.3,42,9.059906005859375e-06,1183,0,0,0,0.35714285714285715,0.03571428571428571,0.03571428571428571,0.03571428571428571,0.5357142857142857,0.7,0.1,0.0,0.0,0.2,0.16666666666666666,0.0,0.05555555555555555,0.05555555555555555,0.7222222222222222,0.65,0.45,1.0,1.0,0.775,0.575,1.0,1.0,0.7828125,0.8845238095238095,0.9638888888888889,0.5428766669838099,0.07265265883903335,9.321428571428571,0.21051282051282053,0.02417181454521608,4.4,0.7275232483565818,0.09958646122448737,12.055555555555555,0.6333774250440917,0.0,0.3983333333333333,0.32142857142857145,0.5718962585034014,0.07005274027141567,0.49928900960150957,0.0614402544509239,8.5,0.2065676510989011,0.02828713153321529,4.5625,0.694436581936582,0.08354233639606297,11.125,0.5590659340659341,0.047619047619047616,0.35,0.29545454545454547,0.5883035714285715,0.05825190919989796
0.3,43,8.821487426757812e-06,950,0,0,0,0.25,0.17857142857142858,0.5,0.0,0.07142857142857142,0.3,0.5,0.1,0.0,0.1,0.2222222222222222,0.0,0.7222222222222222,0.0,0.05555555555555555,0.975,0.575,0.0,1.0,1.0,0.5,0.125,1.0,0.6552083333333334,0.7880952380952382,0.9722222222222222,0.4278283516203684,0.08987032220436598,9.714285714285714,0.45868778280542993,0.06680756985068274,10.6,0.41068422318422315,0.10268296240085667,9.222222222222221,0.12059082892416226,0.5714285714285714,0.43083333333333335,0.14285714285714285,0.5973072562358277,0.08316795920476883,0.4659527829196947,0.09534733421020683,10.65,0.4770463554011348,0.06755703577417589,10.875,0.45855706793206785,0.11387419983422743,10.5,0.15262515262515264,0.5952380952380952,0.4953125,0.22727272727272727,0.6307837301587301,0.08587489370294107
0.3,44,9.47713851928711e-06,1202,0,0,0,0.4642857142857143,0.07142857142857142,0.14285714285714285,0.0,0.32142857142857145,0.6,0.2,0.0,0.0,0.2,0.3888888888888889,0.0,0.2222222222222222,0.0,0.3888888888888889,0.825,0.6,1.0,1.0,0.825,0.725,1.0,1.0,0.8697916666666667,0.8690476190476191,1.0,0.33723875331018194,0.05105533344889312,6.142857142857143,0.08394383394383394,0.020753518798823877,2.3,0.477958152958153,0.06788967492115382,8.277777777777779,0.009259259259259259,0.21428571428571427,0.38666666666666666,0.03571428571428571,0.48958333333333337,0.04917583881976108,0.32471427877677883,0.04625937467889378,5.9,0.11548477564102563,0.02695777453958172,3.125,0.46420061420061415,0.05912710810510183,7.75,0.03891941391941391,0.2857142857142857,0.32135416666666666,0.11363636363636363,0.4748214285714285,0.04154128692476459
0.3,45,8.940696716308594e-06,1160,0,0,0,0.35714285714285715,0.0,0.5357142857142857,0.0,0.10714285714285714,0.7,0.0,0.1,0.0,0.2,0.16666666666666666,0.0,0.7777777777777778,0.0,0.05555555555555555,1.0,0.675,0.25,0.75,1.0,0.725,0.625,0.875,0.8020833333333333,0.8519047619047619,1.0,0.3644392955317325,0.08409988336953522,8.321428571428571,0.1938066508654744,0.041901713193638654,5.1,0.4592352092352092,0.1075433112450333,10.11111111111111,0.17592592592592593,0.39285714285714285,0.3591666666666667,0.32142857142857145,0.3934665532879818,0.07808701560867548,0.3625008427030486,0.08266757377756215,8.5,0.23785782742584213,0.05067254368302505,6.25,0.4455961862211863,0.10399759384058689,10.0,0.2123015873015873,0.38095238095238093,0.33177083333333335,0.3333333333333333,0.4323015873015873,0.07517191596054554
0.3,46,0.00015631318092346191,2000,5,2,2,0.32142857142857145,0.03571428571428571,0.6428571428571429,0.0,0.0,0.5,0.1,0.4,0.0,0.0,0.2222222222222222,0.0,0.7777777777777778,0.0,0.0,1.0,0.525,0.375,0.5,1.0,0.65,0.5,0.625,0.7479166666666667,0.7821428571428571,1.0,0.5242919253948666,0.05344675897641562,8.357142857142858,0.35911046469870006,0.08613154861318327,9.8,0.6160594035594036,0.03528854251154471,7.555555555555555,0.3412698412698412,0.32142857142857145,0.45166666666666666,0.35714285714285715,0.5657312925170068,0.04436565095145945,0.49386884561516914,0.05302866984633944,8.25,0.30412228192559077,0.061525548648976414,7.8125,0.6203665547415548,0.047364083977914785,8.541666666666666,0.35775335775335776,0.3333333333333333,0.3807291666666667,0.46969696969696967,0.5600198412698412,0.04247762530948747
0.3,47,0.0013432502746582031,2000,15,6,3,0.32142857142857145,0.07142857142857142,0.39285714285714285,0.0,0.21428571428571427,0.3,0.2,0.4,0.0,0.1,0.3333333333333333,0.0,0.3888888888888889,0.0,0.2777777777777778,0.975,0.7,0.875,0.875,1.0,0.75,0.875,0.875,0.9057291666666667,0.959047619047619,1.0,0.37500198214483926,0.058053485382340626,7.107142857142857,0.2378266178266178,0.03601323472532826,5.7,0.4512105178771846,0.07029806908068084,7.888888888888889,0.31922398589065254,0.32142857142857145,0.2816666666666666,0.0,0.4932539682539682,0.05367067100263205,0.4095387272041684,0.061857475176806044,7.95,0.30000173947784237,0.055343478808836555,7.625,0.4825633856883857,0.06620013942211904,8.166666666666666,0.3528693528693529,0.44047619047619047,0.36302083333333335,0.1515151515151515,0.5599305555555556,0.052317882228487114
0.3,48,9.655952453613281e-06,1266,0,0,0,0.35714285714285715,0.0,0.5357142857142857,0.03571428571428571,0.07142857142857142,0.4,0.0,0.5,0.0,0.1,0.3333333333333333,0.0,0.5555555555555556,0.05555555555555555,0.05555555555555555,0.975,0.525,0.875,0.875,0.975,0.575,0.875,0.875,0.8052083333333333,0.8397619047619047,0.9833333333333334,0.47082622676110075,0.08499521291791086,9.285714285714286,0.23215542627307334,0.09327876884760877,8.2,0.6034211159211159,0.08039323740141198,9.88888888888889,0.33289241622574955,0.4642857142857143,0.3741666666666667,0.25,0.572406462585034,0.07701182400964428,0.46831382465573645,0.08862609572016222,9.775,0.265757817550097,0.10013428248532033,9.0625,0.6033511627261627,0.08095397121005682,10.25,0.33516483516483514,0.4523809523809524,0.46562499999999996,0.29545454545454547,0.5799107142857143,0.07996090817297197
0.3,49,0.0003622472286224365,2000,3,1,1,0.42857142857142855,0.10714285714285714,0.10714285714285714,0.0,0.35714285714285715,0.7,0.3,0.0,0.0,0.0,0.2777777777777778,0.0,0.16666666666666666,0.0,0.5555555555555556,1.0,0.675,0.0,0.625,1.0,0.775,0.125,0.875,0.8567708333333333,0.9190476190476191,1.0,0.4036375622510076,0.07570398014618841,8.428571428571429,0.27315054226818936,0.06686383583533748,7.6,0.4761303511303512,0.08061517142999447,8.88888888888889,0.05401234567901235,0.4642857142857143,0.4966666666666667,0.2857142857142857,0.5638463718820861,0.06788168424890381,0.37128380606321787,0.07042525657149439,7.8,0.18733996803849745,0.04955171679875964,5.375,0.4939130314130314,0.08434094975331757,9.416666666666666,0.06303418803418803,0.4523809523809524,0.4223958333333333,0.22727272727272727,0.47933531746031743,0.06293802686748404
0.35,0,8.225440979003906e-06,1596,0,0,0,0.07142857142857142,0.03571428571428571,0.6785714285714286,0.0,0.21428571428571427,0.1,0.1,0.2,0.0,0.6,0.05555555555555555,0.0,0.9444444444444444,0.0,0.0,1.0,0.475,0.0,1.0,1.0,0.525,0.0,1.0,0.6020833333333333,0.7192857142857143,1.0,0.5336818060557557,0.11129717558404802,12.035714285714286,0.48986461251167135,0.050841834321432265,10.3,0.5580246913580248,0.14488347628550116,13.0,0.37059082892416223,0.5357142857142857,0.40333333333333343,0.32142857142857145,0.7556122448979593,0.10181002664751808,0.5474986206603853,0.10266909530953491,12.0,0.5240034475328592,0.04001888229941517,10.1875,0.5631620694120694,0.14443590398294806,13.208333333333334,0.393009768009768,0.40476190476190477,0.43072916666666666,0.4318181818181818,0.7706547619047619,0.09221781656609032
0.35,1,4.9173831939697266e-05,2000,4,0,1,0.14285714285714285,0.21428571428571427,0.4642857142857143,0.0,0.17857142857142858,0.1,0.2,0.3,0.0,0.4,0.16666666666666666,0.2222222222222222,0.5555555555555556,0.0,0.05555555555555555,0.975,0.575,0.375,0.375,1.0,0.6,0.625,0.625,0.7052083333333333,0.7138095238095239,0.95,0.5042174328939034,0.07259602492372211,9.5,0.4476168929110106,0.08181712027300068,10.9,0.5356621773288439,0.06747319417412292,8.722222222222221,0.30291005291005285,0.42857142857142855,0.49416666666666664,0.2857142857142857,0.6497307256235828,0.06718367652620197,0.5101489503143914,0.07773698829577882,10.0,0.4300708023594053,0.09146858852948422,11.25,0.5635343822843822,0.06858258813997521,9.166666666666666,0.29365079365079366,0.5,0.47916666666666663,0.303030303030303,0.6666765873015873,0.0691654285815096
0.35,2,9.119510650634766e-06,1520,0,0,0,0.25,0.03571428571428571,0.39285714285714285,0.03571428571428571,0.2857142857142857,0.5,0.0,0.1,0.0,0.4,0.1111111111111111,0.05555555555555555,0.5555555555555556,0.05555555555555555,0.2222222222222222,0.925,0.575,0.0,0.0,0.975,0.675,0.125,0.125,0.7682291666666667,0.8095238095238095,0.9944444444444445,0.5301337376442418,0.07894914374751043,9.75,0.27769697622638795,0.0708846471770235,7.9,0.6703763828763828,0.08342941962000316,10.777777777777779,0.17460317460317457,0.75,0.5341666666666666,0.17857142857142858,0.6637896825396826,0.06629001076139955,0.46426901529842707,0.07121729172131232,8.825,0.23699274581627522,0.06375350212133526,6.875,0.6157865282865282,0.07619315145463035,10.125,0.1427045177045177,0.6071428571428571,0.46458333333333335,0.2196969696969697,0.5974305555555556,0.06030977842430202
0.35,3,9.447336196899414e-06,1174,0,0,0,0.17857142857142858,0.10714285714285714,0.5714285714285714,0.07142857142857142,0.07142857142857142,0.3,0.3,0.0,0.2,0.2,0.1111111111111111,0.0,0.8888888888888888,0.0,0.0,1.0,0.5,0.0,0.0,1.0,0.6,0.0,0.0,0.7223958333333333,0.7678571428571428,1.0,0.4819603657313742,0.07962377553094113,9.178571428571429,0.273446455505279,0.056690134247679005,6.9,0.5978014269680938,0.09236468735497563,10.444444444444445,0.4010141093474427,0.42857142857142855,0.22416666666666668,0.4642857142857143,0.6574829931972789,0.07100728109747631,0.4938843203365263,0.0803293487918392,9.65,0.29933142327443796,0.054010136872474745,7.3125,0.6235862517112517,0.0978754900714155,11.208333333333334,0.4151404151404151,0.47619047619047616,0.25,0.5,0.7092857142857143,0.06852772728363657
0.35,4,9.715557098388672e-06,1342,0,0,0,0.10714285714285714,0.10714285714285714,0.7142857142857143,0.0,0.07142857142857142,0.2,0.2,0.4,0.0,0.2,0.05555555555555555,0.05555555555555555,0.8888888888888888,0.0,0.0,1.0,0.45,0.0,1.0,1.0,0.45,0.0,1.0,0.703125,0.8142857142857143,1.0,0.4704165115929822,0.10643255936181326,10.678571428571429,0.36842885872297637,0.10466278793592439,10.8,0.5270763187429854,0.10741576570952928,10.61111111111111,0.15123456790123455,0.5892857142857143,0.36249999999999993,0.6785714285714286,0.5948554421768708,0.09319307516561733,0.4420847371582665,0.10195606070859084,10.425,0.3799017363355599,0.1082749084654854,11.1875,0.483540071040071,0.09774349553732782,9.916666666666666,0.1742979242979243,0.6071428571428571,0.31718749999999996,0.4772727272727273,0.5527380952380951,0.08954129111413803
0.35,5,8.881092071533203e-06,1053,0,0,0,0.17857142857142858,0.14285714285714285,0.17857142857142858,0.0,0.5,0.2,0.4,0.1,0.0,0.3,0.16666666666666666,0.0,0.2222222222222222,0.0,0.6111111111111112,0.7,0.6,1.0,1.0,0.8,0.525,1.0,1.0,0.7338541666666667,0.7352380952380952,0.9111111111111111,0.5796590839132856,0.09623265826246143,11.142857142857142,0.34889319830496296,0.08732633362175726,9.6,0.7078623536956871,0.10118061639618595,12.0,0.3390652557319224,0.48214285714285715,0.6116666666666666,0.32142857142857145,0.6758928571428571,0.08674066492762837,0.5091362477391889,0.07845188149565432,9.875,0.3930601567550097,0.10370940145164306,11.1875,0.5865203083953084,0.06161353485832849,9.0,0.22970085470085466,0.5357142857142857,0.5239583333333333,0.25,0.6793353174603174,0.069250600065811
0.35,6,8.344650268554688e-06,826,0,0,0,0.25,0.0,0.5,0.0,0.25,0.4,0.0,0.3,0.0,0.3,0.16666666666666666,0.0,0.6111111111111112,0.0,0.2222222222222222,1.0,0.525,1.0,1.0,1.0,0.65,1.0,1.0,0.6338541666666666,0.789047619047619,0.95,0.5138350911460154,0.09287113301794521,10.464285714285714,0.40313940960999783,0.06937006835752162,9.5,0.5753326919993585,0.10592728005151388,11.0,0.12522045855379188,0.6964285714285714,0.5383333333333333,0.2857142857142857,0.6903486394557824,0.07970920606767082,0.47910130106821286,0.09555877757058735,10.375,0.3193025367198161,0.0717773460430212,8.5,0.5856338106338106,0.11141306525563144,11.625,0.09157509157509157,0.7976190476190477,0.4666666666666667,0.36363636363636365,0.6889583333333333,0.08058965480228494
0.35,7,0.017413735389709473,2000,11,3,3,0.14285714285714285,0.03571428571428571,0.5,0.03571428571428571,0.2857142857142857,0.2,0.1,0.3,0.0,0.4,0.1111111111111111,0.0,0.6111111111111112,0.05555555555555555,0.2222222222222222,1.0,0.6,0.5,0.5,1.0,0.6,0.875,0.875,0.6729166666666666,0.7826190476190475,1.0,0.5600518179299693,0.059994382125383834,8.928571428571429,0.28347698053580406,0.06787803951011843,7.7,0.713704505371172,0.055614572467197955,9.61111111111111,0.5970017636684304,0.21428571428571427,0.355,0.42857142857142855,0.6899092970521543,0.052889616735279366,0.5561014434911493,0.055662597152181345,8.975,0.29098759696186166,0.05557259965022798,7.375,0.7328440078440078,0.05572259548681693,10.041666666666666,0.5706654456654456,0.2857142857142857,0.34479166666666666,0.38636363636363635,0.6883928571428571,0.046841612439976345
0.35,8,9.387731552124023e-06,1091,0,0,0,0.14285714285714285,0.0,0.32142857142857145,0.0,0.5357142857142857,0.4,0.0,0.6,0.0,0.0,0.0,0.0,0.16666666666666666,0.0,0.8333333333333334,0.9,0.4,0.0,0.0,1.0,0.45,0.0,0.0,0.678125,0.6428571428571428,0.95,0.5434035385716057,0.07618385656824721,10.214285714285714,0.47421389068447883,0.08337086417858967,11.8,0.5818422318422319,0.0721910745625014,9.333333333333334,0.21031746031746032,0.42857142857142855,0.6166666666666666,0.14285714285714285,0.6615079365079365,0.0686610848267643,0.5214475516313751,0.0757403752462195,10.05,0.40362911190117073,0.05717027769444075,9.1875,0.5999931781181781,0.08812044028073866,10.625,0.1385836385836386,0.40476190476190477,0.5552083333333333,0.2727272727272727,0.7156448412698413,0.06823520038183195
0.35,9,8.52346420288086e-06,1506,0,0,0,0.10714285714285714,0.07142857142857142,0.14285714285714285,0.0,0.6785714285714286,0.3,0.2,0.4,0.0,0.1,0.0,0.0,0.0,0.0,1.0,0.975,0.475,0.125,1.0,0.975,0.525,0.125,1.0,0.6791666666666667,0.7661904761904762,1.0,0.47497236656900527,0.12269842126986065,11.821428571428571,0.34972060619119444,0.0556092913220223,8.3,0.5445566778900112,0.15997016012977083,13.777777777777779,0.33443562610229277,0.7678571428571429,0.42000000000000004,0.35714285714285715,0.642233560090703,0.11080478261455814,0.47987902212166916,0.11768621325972548,11.75,0.3691687091503268,0.06846738409837713,9.125,0.5536858974358974,0.15049876603395773,13.5,0.3163919413919414,0.7738095238095238,0.44947916666666665,0.6136363636363636,0.6808134920634921,0.10025030828878312
0.35,10,9.715557098388672e-06,1535,0,0,0,0.17857142857142858,0.03571428571428571,0.21428571428571427,0.21428571428571427,0.35714285714285715,0.3,0.1,0.2,0.0,0.4,0.1111111111111111,0.0,0.2222222222222222,0.3333333333333333,0.3333333333333333,0.9,0.65,1.0,1.0,0.775,0.65,1.0,0.875,0.8572916666666667,0.8235714285714286,0.9555555555555555,0.5046958643597298,0.08858380938213524,9.785714285714286,0.23750628456510808,0.09848669330394935,8.5,0.6531345198011863,0.08308220720334963,10.5,0.5756172839506173,0.32142857142857145,0.3891666666666667,0.35714285714285715,0.5723072562358276,0.08260132849676742,0.5077463263860322,0.09036089208969648,10.125,0.2573948008690656,0.11985123855010588,9.875,0.6746473433973433,0.07070066111609023,10.291666666666666,0.6256105006105006,0.38095238095238093,0.378125,0.32575757575757575,0.5684920634920634,0.08228797197283473
0.35,11,7.927417755126953e-06,994,0,0,0,0.17857142857142858,0.03571428571428571,0.39285714285714285,0.0,0.39285714285714285,0.3,0.0,0.6,0.0,0.1,0.1111111111111111,0.05555555555555555,0.2777777777777778,0.0,0.5555555555555556,0.975,0.525,0.0,1.0,1.0,0.55,0.0,1.0,0.7140625,0.7204761904761905,0.95,0.5553732856779074,0.09099076788449947,10.821428571428571,0.4330718954248366,0.10179676088751877,11.6,0.6233185024851691,0.08498743843837764,10.38888888888889,0.36574074074074076,0.30357142857142855,0.54,0.39285714285714285,0.682624716553288,0.08314689257392406,0.4589068835576189,0.08089868156073228,9.35,0.333199505763844,0.0893066620727847,9.5,0.5427118020868021,0.07529336121936399,9.25,0.3366910866910867,0.32142857142857145,0.3723958333333333,0.2727272727272727,0.6203273809523809,0.0738623172603639
0.35,12,9.119510650634766e-06,1114,0,0,0,0.07142857142857142,0.03571428571428571,0.25,0.07142857142857142,0.5714285714285714,0.2,0.1,0.7,0.0,0.0,0.0,0.0,0.0,0.1111111111111111,0.8888888888888888,0.925,0.6,0.875,0.875,0.95,0.575,1.0,0.75,0.6901041666666667,0.7947619047619048,1.0,0.5018165832766673,0.08048769797671909,9.75,0.40138152696976226,0.07956765824525214,10.2,0.5576138367805035,0.08099883116086741,9.5,0.37566137566137564,0.5178571428571429,0.39916666666666667,0.32142857142857145,0.6473356009070294,0.07014339067088064,0.4976822115792704,0.09369867050478872,10.625,0.4216891564318035,0.09799645697067697,11.4375,0.5483442483442483,0.09083347952752989,10.083333333333334,0.24328449328449325,0.6071428571428571,0.42864583333333334,0.4772727272727273,0.6938690476190477,0.08024109338213747
0.35,13,9.864568710327148e-06,1117,0,0,0,0.32142857142857145,0.10714285714285714,0.25,0.0,0.32142857142857145,0.4,0.3,0.0,0.0,0.3,0.2777777777777778,0.0,0.3888888888888889,0.0,0.3333333333333333,0.95,0.575,0.875,0.875,1.0,0.675,1.0,1.0,0.7734375,0.763095238095238,0.9,0.434580551334753,0.10146274414831023,10.25,0.46377720318896787,0.12247653174982367,12.9,0.4183601891935226,0.08978841770302502,8.777777777777779,0.17680776014109348,0.6428571428571429,0.4525,0.21428571428571427,0.5247307256235828,0.09393455701294029,0.38981938404732525,0.08442239385587877,9.0,0.3362664296487826,0.0741985945716079,8.9375,0.42552135364635363,0.09123826004539265,9.041666666666666,0.12194749694749693,0.6190476190476191,0.33906249999999993,0.2727272727272727,0.5258134920634921,0.07498885115795569
0.35,14,0.0008096098899841309,2000,22,8,4,0.07142857142857142,0.10714285714285714,0.32142857142857145,0.0,0.5,0.1,0.3,0.5,0.0,0.1,0.05555555555555555,0.0,0.2222222222222222,0.0,0.7222222222222222,0.925,0.45,0.125,0.375,1.0,0.45,0.375,0.375,0.6572916666666666,0.6366666666666667,0.85,0.5959741122556249,0.09073778773327783,11.535714285714286,0.6073278029160382,0.10136670878413274,14.5,0.5896665063331731,0.08483283159391397,9.88888888888889,0.26962081128747795,0.48214285714285715,0.6241666666666666,0.32142857142857145,0.7953514739229025,0.08230156500144119,0.5390027660248248,0.07232855035827865,10.0,0.43698028891043594,0.05983160272487989,9.8125,0.6070177507677508,0.08065984878054448,10.125,0.16804029304029303,0.5833333333333334,0.5682291666666666,0.28787878787878785,0.7639484126984126,0.060837751609579147
0.35,15,8.210539817810059e-06,1373,0,0,0,0.21428571428571427,0.03571428571428571,0.25,0.0,0.5,0.4,0.0,0.4,0.0,0.2,0.1111111111111111,0.05555555555555555,0.16666666666666666,0.0,0.6666666666666666,0.95,0.425,1.0,1.0,1.0,0.55,1.0,1.0,0.7963541666666667,0.7535714285714286,0.8833333333333333,0.5961444309658595,0.08496231826316829,11.071428571428571,0.5570940170940171,0.11281033517797641,14.0,0.6178391053391055,0.06949119775494159,9.444444444444445,0.318342151675485,0.6071428571428571,0.5458333333333334,0.21428571428571427,0.8144841269841269,0.0780539735751573,0.5043146212447682,0.0650920469509508,9.175,0.35986334437621204,0.06443114688058388,8.875,0.6006154724904724,0.06553264699786208,9.375,0.17414529914529916,0.6071428571428571,0.4692708333333333,0.25,0.7749603174603175,0.05301917159371881
0.35,16,9.953975677490234e-06,1614,0,0,0,0.14285714285714285,0.07142857142857142,0.21428571428571427,0.25,0.32142857142857145,0.3,0.0,0.4,0.0,0.3,0.05555555555555555,0.1111111111111111,0.1111111111111111,0.3888888888888889,0.3333333333333333,0.775,0.6,0.125,0.875,0.775,0.6,0.125,0.875,0.621875,0.8369047619047619,0.925,0.6012418312313271,0.13643203957822858,13.5,0.3344764059469942,0.07374015217700258,8.9,0.7494448452781788,0.17126086591224304,16.055555555555557,0.43386243386243384,0.5892857142857143,0.3783333333333333,0.25,0.8333333333333333,0.12717435775748137,0.5653406438332909,0.1176723806855964,12.425,0.3393075980392157,0.06802553332939237,8.6875,0.7160293410293411,0.15077027892306571,14.916666666666666,0.2718253968253968,0.6785714285714286,0.44791666666666674,0.29545454545454547,0.8260416666666666,0.1034494597599773
0.35,17,9.834766387939453e-06,1135,0,0,0,0.17857142857142858,0.17857142857142858,0.4642857142857143,0.0,0.17857142857142858,0.3,0.0,0.2,0.0,0.5,0.1111111111111111,0.2777777777777778,0.6111111111111112,0.0,0.0,0.95,0.425,1.0,1.0,1.0,0.6,0.875,0.875,0.83125,0.8771428571428571,0.85,0.49297817611893235,0.11717979002995516,11.642857142857142,0.436078431372549,0.09794947191144301,11.1,0.5245891454224787,0.12786330009579527,11.944444444444445,0.29541446208112876,0.3392857142857143,0.5541666666666666,0.4642857142857143,0.5430272108843538,0.11012208944658257,0.4311766175001469,0.10930427984198246,10.675,0.3392595660058895,0.09206456860478482,9.6875,0.4924546518296518,0.12079742066678088,11.333333333333334,0.23824786324786323,0.5357142857142857,0.44166666666666665,0.4696969696969697,0.5673412698412699,0.09766246182933193
0.35,18,0.0004673600196838379,2000,1,0,0,0.17857142857142858,0.2857142857142857,0.32142857142857145,0.0,0.21428571428571427,0.2,0.4,0.1,0.0,0.3,0.16666666666666666,0.2222222222222222,0.4444444444444444,0.0,0.16666666666666666,1.0,0.6,0.875,1.0,0.975,0.775,0.625,0.875,0.825,0.8759523809523809,1.0,0.46927616034758884,0.04572517670915956,7.321428571428571,0.3137423687423687,0.07917796063134569,8.6,0.5556838223504889,0.027140296752389496,6.611111111111111,0.08774250440917107,0.5,0.5241666666666667,0.21428571428571427,0.6118764172335601,0.03913216560170605,0.44791045759795756,0.05564472480626097,7.875,0.3055126297313797,0.0756019597318042,8.4375,0.5428423428423429,0.04233990152256548,7.5,0.11523199023199023,0.4523809523809524,0.4484375,0.2196969696969697,0.585218253968254,0.048390000451958425
0.35,19,0.00215834379196167,2000,5,0,0,0.10714285714285714,0.0,0.17857142857142858,0.14285714285714285,0.5714285714285714,0.2,0.0,0.4,0.0,0.4,0.05555555555555555,0.0,0.05555555555555555,0.2222222222222222,0.6666666666666666,0.95,0.5,0.625,0.625,0.875,0.5,0.625,0.625,0.715625,0.7123809523809523,1.0,0.5695858005206745,0.10581845917365004,11.571428571428571,0.3347500538677009,0.09636756471605934,10.0,0.7000501042167708,0.11106895609453375,12.444444444444445,0.6596119929453264,0.32142857142857145,0.5691666666666665,0.2857142857142857,0.555357142857143,0.10031493412139215,0.5759633973053091,0.10199244093021562,11.7,0.3516018346441141,0.09406898104007846,10.125,0.7255377724127725,0.10727474752364041,12.75,0.6347680097680097,0.35714285714285715,0.5677083333333333,0.2727272727272727,0.6001190476190476,0.09450377418613976
0.35,20,0.010635733604431152,2000,2,0,1,0.0,0.42857142857142855,0.10714285714285714,0.35714285714285715,0.10714285714285714,0.0,0.8,0.0,0.0,0.2,0.0,0.2222222222222222,0.16666666666666666,0.5555555555555556,0.05555555555555555,0.75,0.525,1.0,1.0,0.725,0.625,1.0,1.0,0.6953125,0.8307142857142857,0.9444444444444444,0.5420275336241722,0.08595635931649896,10.392857142857142,0.4227853192559075,0.08510917786313273,10.7,0.6082732082732082,0.08642701567948022,10.222222222222221,0.134700176366843,0.7142857142857143,0.5208333333333333,0.42857142857142855,0.7282029478458051,0.07235821690589406,0.4837419647346118,0.0772326089129022,9.525,0.38026837337499103,0.08428379195199037,10.125,0.552724358974359,0.07253182022017675,9.125,0.0989010989010989,0.7619047619047619,0.42604166666666665,0.40151515151515155,0.7306349206349207,0.061680107838633716
0.35,21,7.808208465576172e-06,821,0,0,0,0.14285714285714285,0.0,0.4642857142857143,0.03571428571428571,0.35714285714285715,0.3,0.0,0.4,0.0,0.3,0.05555555555555555,0.0,0.5,0.05555555555555555,0.3888888888888889,0.9,0.525,1.0,1.0,0.85,0.5,0.875,1.0,0.7552083333333333,0.7788095238095238,1.0,0.552239555495858,0.11789628055420144,12.214285714285714,0.4087671478847949,0.08306142572306799,10.5,0.6319464486131152,0.1372489776826089,13.166666666666666,0.25595238095238093,0.5357142857142857,0.4616666666666667,0.35714285714285715,0.6596655328798186,0.10918375992790562,0.5270306980601098,0.09589762365716753,11.05,0.39758111577964517,0.07378419709163107,10.0,0.6133304195804196,0.11063990803419184,11.75,0.2403846153846154,0.5476190476190477,0.48854166666666665,0.13636363636363635,0.6819444444444445,0.08898889484886026
0.35,22,9.685754776000977e-06,1630,0,0,0,0.07142857142857142,0.17857142857142858,0.10714285714285714,0.32142857142857145,0.32142857142857145,0.0,0.5,0.2,0.0,0.3,0.1111111111111111,0.0,0.05555555555555555,0.5,0.3333333333333333,0.7,0.5,1.0,1.0,0.7,0.575,1.0,1.0,0.6046875,0.6716666666666666,0.9527777777777777,0.6618167663335731,0.07955610171966346,11.214285714285714,0.4272211448682037,0.0758114565829178,10.5,0.7921476671476672,0.0816364601289666,11.61111111111111,0.3880070546737213,0.6964285714285714,0.6416666666666668,0.39285714285714285,0.8402210884353742,0.06631913495316047,0.592346238320503,0.07291114415644982,10.425,0.38398227079293257,0.07251230000379146,9.6875,0.7312555500055501,0.07317704025822207,10.916666666666666,0.36446886446886445,0.6071428571428571,0.5854166666666667,0.356060606060606,0.7774702380952381,0.05828157583536988
0.35,23,8.64267349243164e-06,957,0,0,0,0.21428571428571427,0.03571428571428571,0.10714285714285714,0.0,0.6428571428571429,0.5,0.1,0.2,0.0,0.2,0.05555555555555555,0.0,0.05555555555555555,0.0,0.8888888888888888,1.0,0.525,0.125,1.0,1.0,0.575,0.75,1.0,0.7807291666666667,0.7685714285714286,1.0,0.4272558440625667,0.07957073100982315,8.714285714285714,0.18460640666523018,0.05378027465166668,5.7,0.562061087061087,0.09389876231991007,10.38888888888889,0.047619047619047616,0.4642857142857143,0.4458333333333333,0.42857142857142855,0.5593962585034012,0.07086986317272698,0.43177233509954094,0.07633206515325171,8.7,0.18031432925734397,0.05110514962674033,5.4375,0.5994110056610057,0.09315000883759265,10.875,0.06761294261294261,0.5238095238095238,0.41145833333333337,0.4318181818181818,0.6039285714285714,0.0651608357949454
0.35,24,8.434057235717773e-06,1356,0,0,0,0.21428571428571427,0.0,0.17857142857142858,0.07142857142857142,0.5357142857142857,0.6,0.0,0.4,0.0,0.0,0.0,0.0,0.05555555555555555,0.1111111111111111,0.8333333333333334,0.925,0.525,1.0,0.875,0.95,0.5,0.875,1.0,0.8072916666666667,0.7907142857142857,1.0,0.4692436764915756,0.08556571727376183,9.321428571428571,0.23272067801479562,0.1041775667927457,8.8,0.600645342312009,0.07522580087432632,9.61111111111111,0.03306878306878307,0.7321428571428571,0.49833333333333335,0.32142857142857145,0.6409013605442176,0.07387298987105426,0.4531727463712758,0.08544946675653703,9.35,0.23207473694606046,0.09969911884913361,8.5,0.6005714193214192,0.07594969869480596,9.916666666666666,0.03449328449328449,0.75,0.5125,0.3181818181818182,0.6326686507936508,0.07261397539719519
0.35,25,0.010309308767318726,2000,3,1,2,0.17857142857142858,0.03571428571428571,0.10714285714285714,0.0,0.6785714285714286,0.4,0.1,0.1,0.0,0.4,0.05555555555555555,0.0,0.1111111111111111,0.0,0.8333333333333334,0.9,0.475,0.5,0.5,1.0,0.6,0.5,0.625,0.6875,0.7702380952380952,0.9722222222222222,0.5742263863587393,0.0921612095945067,10.821428571428571,0.27908568555627383,0.08260108213213414,8.5,0.7381934423601091,0.09747239151804703,12.11111111111111,0.35736331569664903,0.4642857142857143,0.5341666666666667,0.2857142857142857,0.6548469387755104,0.08154910946046919,0.5501077170378641,0.0818810177985482,10.2,0.256204156342024,0.07769956366343592,7.9375,0.7460434241684242,0.08466865388862306,11.708333333333334,0.33547008547008544,0.4523809523809524,0.5588541666666667,0.1590909090909091,0.652688492063492,0.07354594137899913
0.35,26,0.00032833218574523926,2000,3,0,1,0.39285714285714285,0.0,0.2857142857142857,0.07142857142857142,0.25,0.3,0.0,0.5,0.0,0.2,0.4444444444444444,0.0,0.16666666666666666,0.1111111111111111,0.2777777777777778,0.975,0.575,0.25,0.375,0.925,0.725,0.625,0.625,0.74375,0.7114285714285715,0.95,0.5022614465366566,0.10570323173674442,10.964285714285714,0.4073457588163471,0.1117268814307193,11.7,0.5549923841590509,0.10235675968453611,10.555555555555555,0.31525573192239853,0.4642857142857143,0.48500000000000004,0.4642857142857143,0.5667517006802721,0.09547510016805094,0.4034889191690662,0.09449725666801653,9.575,0.33284106110392875,0.10580841662075774,10.4375,0.4505874912124912,0.08695648336618904,9.0,0.31654456654456653,0.42857142857142855,0.33749999999999997,0.46969696969696967,0.5073511904761905,0.08209740380002964
0.35,27,9.238719940185547e-06,1680,0,0,0,0.21428571428571427,0.32142857142857145,0.25,0.0,0.21428571428571427,0.1,0.9,0.0,0.0,0.0,0.2777777777777778,0.0,0.3888888888888889,0.0,0.3333333333333333,0.925,0.725,0.375,0.625,1.0,0.775,0.375,0.625,0.7020833333333334,0.8711904761904762,0.9166666666666667,0.5397154899255739,0.07859153961250717,10.107142857142858,0.4632740788623142,0.08643950665016595,11.5,0.5821829405162738,0.07423155792491895,9.333333333333334,0.2317019400352734,0.4107142857142857,0.4625,0.35714285714285715,0.7439200680272109,0.06960283701405508,0.5220453484424072,0.06437644937672415,9.4,0.4428544494720965,0.08125036181572182,10.9375,0.5748392810892811,0.05312717441739238,8.375,0.18406593406593408,0.5119047619047619,0.4901041666666667,0.32575757575757575,0.7189285714285715,0.05305126126229752
0.35,28,9.506940841674805e-06,1546,0,0,0,0.17857142857142858,0.0,0.10714285714285714,0.07142857142857142,0.6428571428571429,0.3,0.0,0.2,0.0,0.5,0.1111111111111111,0.0,0.05555555555555555,0.1111111111111111,0.7222222222222222,0.825,0.525,1.0,1.0,0.95,0.675,1.0,1.0,0.5932291666666667,0.6021428571428571,0.8916666666666666,0.5837898737583611,0.12065686363703913,12.714285714285714,0.3995647489765137,0.07743828159599428,10.2,0.686137165303832,0.14466718699317518,14.11111111111111,0.541005291005291,0.5357142857142857,0.5958333333333332,0.35714285714285715,0.6248724489795919,0.11024269670500055,0.5064072692013869,0.09491653525429548,10.675,0.33107100211879625,0.06620369810558537,8.5625,0.6232981139231139,0.11405842668676891,12.083333333333334,0.4377289377289377,0.6428571428571429,0.4682291666666666,0.25757575757575757,0.6151686507936508,0.08196459243701608
0.35,29,8.64267349243164e-06,1839,0,0,0,0.10714285714285714,0.0,0.07142857142857142,0.0,0.8214285714285714,0.3,0.0,0.2,0.0,0.5,0.0,0.0,0.0,0.0,1.0,0.975,0.425,0.875,1.0,1.0,0.5,0.625,0.75,0.68125,0.7604761904761905,0.9722222222222222,0.4331381212158523,0.11638358067808982,10.785714285714286,0.2564411405587876,0.09060468602156581,8.5,0.5313031104697772,0.1307051888206031,12.055555555555555,0.053791887125220456,0.75,0.42333333333333334,0.5,0.5735969387755101,0.10249231428755681,0.4365174612968731,0.11157683551903623,10.725,0.27372771223874165,0.08742670479563062,8.5625,0.5450439606689607,0.12767692266797329,12.166666666666666,0.05555555555555555,0.9285714285714286,0.428125,0.5,0.6218154761904762,0.09367725037808762
0.35,30,8.404254913330078e-06,888,0,0,0,0.10714285714285714,0.07142857142857142,0.35714285714285715,0.0,0.4642857142857143,0.2,0.0,0.8,0.0,0.0,0.05555555555555555,0.1111111111111111,0.1111111111111111,0.0,0.7222222222222222,1.0,0.425,0.5,1.0,1.0,0.425,0.375,1.0,0.75,0.7657142857142858,1.0,0.5319395007420218,0.10535039940712919,11.785714285714286,0.5669342095812684,0.11442874563900847,14.6,0.5124979958313292,0.10030687372275185,10.222222222222221,0.20789241622574953,0.6071428571428571,0.5608333333333333,0.32142857142857145,0.6634070294784581,0.09537050120889819,0.5522770366888013,0.09762262760492094,11.75,0.579948197227609,0.11816945270600945,14.9375,0.5338295963295964,0.08392474420419525,9.625,0.284035409035409,0.5238095238095238,0.6,0.25,0.6793849206349207,0.08900818392620483
0.35,31,9.894371032714844e-06,768,0,0,0,0.25,0.07142857142857142,0.6785714285714286,0.0,0.0,0.4,0.0,0.6,0.0,0.0,0.16666666666666666,0.1111111111111111,0.7222222222222222,0.0,0.0,1.0,0.6,0.125,1.0,1.0,0.65,0.125,1.0,0.596875,0.7578571428571428,1.0,0.5718762213510112,0.05396186739918984,9.0,0.3510730446024563,0.03361660041516072,7.3,0.6945446528779863,0.06526479350142823,9.944444444444445,0.15983245149911818,0.6964285714285714,0.62,0.17857142857142858,0.7841553287981861,0.04270696469331686,0.5572621741004093,0.05201890669011723,9.1,0.37980455002513824,0.031165573555260003,7.625,0.6755672568172568,0.06592112878002204,10.083333333333334,0.17826617826617827,0.7142857142857143,0.584375,0.045454545454545456,0.8049107142857143,0.041634147277409814
0.35,32,8.344650268554688e-06,1997,0,0,0,0.10714285714285714,0.0,0.35714285714285715,0.21428571428571427,0.32142857142857145,0.1,0.0,0.0,0.0,0.9,0.1111111111111111,0.0,0.5555555555555556,0.3333333333333333,0.0,0.8,0.6,0.75,1.0,0.8,0.65,0.75,1.0,0.6333333333333333,0.799047619047619,0.9222222222222223,0.5458269088521189,0.10066852528514056,11.285714285714286,0.4760209724915607,0.09729841219914992,11.9,0.5846079846079846,0.10254081033291312,10.944444444444445,0.36353615520282184,0.4642857142857143,0.4608333333333333,0.5,0.673611111111111,0.08871865937846765,0.4856278770249358,0.08791833908272811,10.2,0.3928182009983481,0.08731375110262563,10.375,0.5475009943759944,0.08832139773612975,10.083333333333334,0.3031135531135531,0.5357142857142857,0.4541666666666666,0.5833333333333333,0.6226884920634921,0.07363151423392174
0.35,33,8.165836334228516e-06,870,0,0,0,0.07142857142857142,0.0,0.25,0.0,0.6785714285714286,0.2,0.0,0.7,0.0,0.1,0.0,0.0,0.0,0.0,1.0,1.0,0.55,0.25,1.0,1.0,0.525,0.375,1.0,0.6901041666666667,0.8554761904761905,1.0,0.48099267096115844,0.07547510130222015,9.035714285714286,0.2905781799899446,0.10277458650150448,9.7,0.5867784992784993,0.06030872063595108,8.666666666666666,0.0222663139329806,0.875,0.4366666666666667,0.14285714285714285,0.7188917233560091,0.062303665474114436,0.4800687874217286,0.0803307010896214,9.425,0.29121911585146876,0.10403904125070651,9.6875,0.6059685684685685,0.06452514098223133,9.25,0.02396214896214896,0.9166666666666666,0.4869791666666667,0.22727272727272727,0.7159623015873017,0.06483123106453333
0.35,34,9.864568710327148e-06,1198,0,0,0,0.17857142857142858,0.17857142857142858,0.10714285714285714,0.32142857142857145,0.21428571428571427,0.2,0.5,0.3,0.0,0.0,0.16666666666666666,0.0,0.0,0.5,0.3333333333333333,0.6,0.6,0.875,0.875,0.725,0.725,1.0,1.0,0.7958333333333334,0.8157142857142857,1.0,0.43540320557127277,0.09755313130721328,9.892857142857142,0.2967840982546865,0.08521366744947463,8.8,0.512413820747154,0.10440838900595699,10.5,0.3161375661375661,0.39285714285714285,0.25,0.6071428571428571,0.6332057823129251,0.08714299114904647,0.40145997589012294,0.08448302840888691,8.975,0.269866015316383,0.07536072542053183,7.9375,0.48918928293928293,0.09056456373445697,9.666666666666666,0.32051282051282054,0.4523809523809524,0.19479166666666664,0.5454545454545454,0.6071130952380952,0.07244371386378021
0.35,35,9.357929229736328e-06,961,0,0,0,0.10714285714285714,0.10714285714285714,0.35714285714285715,0.10714285714285714,0.32142857142857145,0.2,0.3,0.4,0.0,0.1,0.05555555555555555,0.0,0.3333333333333333,0.16666666666666666,0.4444444444444444,0.55,0.375,1.0,0.875,0.625,0.45,0.875,0.875,0.6578125,0.644047619047619,0.875,0.6366726469142436,0.11959135234210769,13.107142857142858,0.42869711987359044,0.1061901340625911,11.9,0.7522146063812731,0.12703647360850578,13.777777777777779,0.6122134038800705,0.2857142857142857,0.5824999999999999,0.17857142857142858,0.7738236961451246,0.1168061436339081,0.5525829338145515,0.09385562740658031,11.1,0.3543377527292968,0.08975432385471088,9.9375,0.684746387871388,0.09658982977449326,11.875,0.38125763125763124,0.5238095238095238,0.5119791666666667,0.18939393939393936,0.7327480158730159,0.08527614300965383
0.35,36,9.238719940185547e-06,1125,0,0,0,0.25,0.0,0.5,0.0,0.25,0.3,0.0,0.7,0.0,0.0,0.2222222222222222,0.0,0.3888888888888889,0.0,0.3888888888888889,1.0,0.7,0.0,1.0,1.0,0.675,0.25,1.0,0.7734375,0.78,1.0,0.43766260000503693,0.07357072412459945,8.714285714285714,0.33467966673849026,0.07710155634160018,9.1,0.4948753407086741,0.07160915067071018,8.5,0.16512345679012344,0.4642857142857143,0.44333333333333336,0.35714285714285715,0.5949121315192744,0.06481573205494204,0.41719489864710446,0.07479014340197795,8.9,0.3505333463513611,0.08418978628240595,9.6875,0.4616359335109335,0.06852371481502596,8.375,0.18025030525030525,0.5476190476190477,0.4177083333333333,0.4090909090909091,0.5678075396825397,0.06347209603999186
0.35,37,8.404254913330078e-06,1046,0,0,0,0.25,0.03571428571428571,0.03571428571428571,0.4642857142857143,0.21428571428571427,0.6,0.1,0.0,0.0,0.3,0.05555555555555555,0.0,0.05555555555555555,0.7222222222222222,0.16666666666666666,0.475,0.55,1.0,1.0,0.5,0.65,1.0,1.0,0.76875,0.7892857142857144,0.9930555555555556,0.521741552098695,0.06970836788104713,9.035714285714286,0.249981684981685,0.038281013707696133,5.7,0.6727192560525894,0.08716800908846435,10.88888888888889,0.16269841269841268,0.5714285714285714,0.5583333333333333,0.07142857142857142,0.584608843537415,0.06434610873053552,0.4656738053613053,0.07884801298196077,9.175,0.20914510836385836,0.035628112635860576,5.0625,0.6366929366929367,0.1076612798793609,11.916666666666666,0.0757020757020757,0.5238095238095238,0.515625,0.06818181818181818,0.6308531746031746,0.07319652136464579
0.35,38,9.298324584960938e-06,1101,0,0,0,0.14285714285714285,0.14285714285714285,0.6428571428571429,0.0,0.07142857142857142,0.3,0.0,0.5,0.0,0.2,0.05555555555555555,0.2222222222222222,0.7222222222222222,0.0,0.0,0.975,0.425,0.0,1.0,1.0,0.45,0.0,1.0,0.7244791666666667,0.8114285714285714,0.95,0.5600691500376374,0.09430588220376122,11.0,0.408832148243913,0.08465282006917904,10.5,0.6440897065897065,0.09966869450075132,11.277777777777779,0.4332010582010582,0.5357142857142857,0.6108333333333332,0.17857142857142858,0.5715419501133787,0.08545447253895211,0.530936079851521,0.09214851306692681,10.775,0.37406309478919775,0.08921043024944982,10.25,0.6355180698930699,0.0941072349452448,11.125,0.38843101343101344,0.5952380952380952,0.6109374999999999,0.2727272727272727,0.5615079365079365,0.08122619192422517
0.35,39,0.0006771087646484375,2000,13,2,3,0.14285714285714285,0.03571428571428571,0.35714285714285715,0.07142857142857142,0.39285714285714285,0.2,0.0,0.2,0.0,0.6,0.1111111111111111,0.05555555555555555,0.4444444444444444,0.1111111111111111,0.2777777777777778,0.875,0.6,0.625,0.625,0.95,0.475,0.625,0.75,0.7505208333333333,0.7345238095238096,0.9583333333333333,0.5191023379048589,0.08224304815878629,9.964285714285714,0.35756302521008404,0.08733352628036199,10.0,0.6088464005130673,0.07941500475791093,9.944444444444445,0.3088624338624339,0.42857142857142855,0.6291666666666665,0.10714285714285714,0.5411848072562357,0.07469633964163076,0.5264490105482752,0.06989781886107807,9.65,0.38808216395532574,0.07732436278877167,10.0,0.618693574943575,0.06494678957594902,9.416666666666666,0.3028083028083028,0.5238095238095238,0.6322916666666667,0.09090909090909091,0.6253373015873016,0.06112969829262973
0.35,40,9.834766387939453e-06,1562,0,0,0,0.10714285714285714,0.03571428571428571,0.14285714285714285,0.0,0.7142857142857143,0.1,0.1,0.0,0.0,0.8,0.1111111111111111,0.0,0.2222222222222222,0.0,0.6666666666666666,0.875,0.475,1.0,1.0,0.975,0.475,1.0,1.0,0.7328125,0.7345238095238096,0.9944444444444445,0.5777804070346086,0.08168287765996508,10.821428571428571,0.5321105365223013,0.08619753550035966,12.5,0.6031525573192238,0.0791747344153014,9.88888888888889,0.5756172839506173,0.375,0.4925,0.25,0.7221797052154194,0.07480539200996085,0.5630680451084862,0.07701581663979784,10.5,0.46783026511886805,0.07414793632620628,10.9375,0.6265598984348985,0.07892773684885888,10.208333333333334,0.5485347985347985,0.32142857142857145,0.4380208333333333,0.20454545454545456,0.731686507936508,0.07092052130093496
0.35,41,9.179115295410156e-06,1564,0,0,0,0.14285714285714285,0.10714285714285714,0.17857142857142858,0.03571428571428571,0.5357142857142857,0.1,0.3,0.1,0.0,0.5,0.16666666666666666,0.0,0.2222222222222222,0.05555555555555555,0.5555555555555556,0.575,0.625,1.0,0.5,0.75,0.725,1.0,0.5,0.6973958333333333,0.7464285714285714,0.875,0.5728655214999752,0.1227691257368294,12.285714285714286,0.259203835380306,0.09791763041230155,9.0,0.7471220137886803,0.13657551202823376,14.11111111111111,0.5145502645502645,0.4642857142857143,0.38000000000000006,0.2857142857142857,0.6193027210884353,0.11609192809306489,0.5375696994998466,0.10541903322449746,11.4,0.29615188222724986,0.07784185313633031,8.5,0.6985149110149109,0.12380381994994222,13.333333333333334,0.5036630036630036,0.40476190476190477,0.3671875,0.4090909090909091,0.6698511904761905,0.09485442736445418
0.35,42,8.940696716308594e-06,1736,0,0,0,0.25,0.0,0.32142857142857145,0.39285714285714285,0.03571428571428571,0.3,0.0,0.6,0.0,0.1,0.2222222222222222,0.0,0.16666666666666666,0.6111111111111112,0.0,0.575,0.475,1.0,1.0,0.625,0.575,1.0,1.0,0.7083333333333333,0.6828571428571428,1.0,0.5087542359601184,0.07913562142556163,9.5,0.3246128707893413,0.08919160087004988,9.5,0.6110549943883278,0.07354896617862372,9.5,0.0886243386243386,0.6071428571428571,0.6383333333333333,0.10714285714285714,0.5803854875283447,0.07124079274851033,0.48876144280556044,0.09195885129995451,10.35,0.3619985814838756,0.11990907409092579,11.625,0.573270017020017,0.073325369439307,9.5,0.13278388278388276,0.5952380952380952,0.5770833333333333,0.23484848484848483,0.6038888888888889,0.0816485776521109
0.35,43,9.5367431640625e-06,1960,0,0,0,0.17857142857142858,0.21428571428571427,0.14285714285714285,0.0,0.4642857142857143,0.3,0.6,0.1,0.0,0.0,0.1111111111111111,0.0,0.16666666666666666,0.0,0.7222222222222222,1.0,0.675,0.375,0.375,1.0,0.625,0.5,0.5,0.78125,0.7911904761904762,1.0,0.47311593635123045,0.08430805542877792,9.357142857142858,0.26367844573726923,0.06693096101316781,7.2,0.5894700978034312,0.09396199677078354,10.555555555555555,0.30180776014109345,0.32142857142857145,0.4641666666666667,0.35714285714285715,0.5873299319727892,0.07765186047197305,0.4758671985694044,0.08081100359131058,9.5,0.3182645734575882,0.06527806670326994,8.0625,0.5809356153106152,0.09116629485000433,10.458333333333334,0.3159340659340659,0.3333333333333333,0.53125,0.2727272727272727,0.5437202380952381,0.07491989223104263
0.35,44,9.655952453613281e-06,1407,0,0,0,0.14285714285714285,0.03571428571428571,0.32142857142857145,0.0,0.5,0.1,0.0,0.4,0.0,0.5,0.16666666666666666,0.05555555555555555,0.2777777777777778,0.0,0.5,0.75,0.65,1.0,1.0,0.925,0.675,1.0,1.0,0.80625,0.8116666666666666,0.9166666666666667,0.5148490923175797,0.11316327368035306,11.464285714285714,0.3805781799899447,0.13741937381228733,12.6,0.5894440436107102,0.09968766249594513,10.833333333333334,0.18761022927689594,0.5892857142857143,0.495,0.2857142857142857,0.6114937641723356,0.1051819265808759,0.468759783925225,0.09106160523782361,10.05,0.37618458441068736,0.13730895726343623,12.5625,0.5304765836015836,0.060230037220748545,8.375,0.13217338217338218,0.6547619047619048,0.47604166666666664,0.4242424242424242,0.5546825396825397,0.07908707704095275
0.35,45,7.569789886474609e-06,1038,0,0,0,0.25,0.0,0.4642857142857143,0.0,0.2857142857142857,0.4,0.0,0.1,0.0,0.5,0.16666666666666666,0.0,0.6666666666666666,0.0,0.16666666666666666,0.875,0.575,0.875,1.0,0.95,0.575,0.75,1.0,0.79375,0.861904761904762,0.9472222222222222,0.4480261335303352,0.06042511024695907,8.107142857142858,0.37661603102779573,0.05777927551864694,8.7,0.4876984126984127,0.06189501842935471,7.777777777777778,0.08068783068783068,0.32142857142857145,0.4341666666666667,0.0,0.598030045351474,0.057175945645877725,0.4642549484828896,0.06933752031562165,8.95,0.37789303221288517,0.08007305551552436,9.875,0.5218295593295593,0.06218049684901986,8.333333333333334,0.13537851037851037,0.4523809523809524,0.4395833333333333,0.19696969696969696,0.6539484126984126,0.06089108258527589
0.35,46,0.009185731410980225,2000,2,1,1,0.25,0.0,0.5,0.0,0.25,0.6,0.0,0.4,0.0,0.0,0.05555555555555555,0.0,0.5555555555555556,0.0,0.3888888888888889,1.0,0.425,0.5,0.625,1.0,0.475,0.75,0.75,0.7317708333333333,0.6314285714285715,1.0,0.5463776769449038,0.07248725300326864,9.642857142857142,0.3368271924154277,0.0543160080512672,8.1,0.6627946127946127,0.08258238908771388,10.5,0.16644620811287478,0.6428571428571429,0.6183333333333333,0.32142857142857145,0.6651502267573696,0.05963566201982658,0.5242122481276893,0.07654922251942618,9.725,0.28705912653522947,0.0668623503402286,7.875,0.6823143291893293,0.08300713730555791,10.958333333333334,0.21336996336996336,0.5833333333333334,0.5041666666666667,0.3560606060606061,0.7093253968253969,0.06438406864525252
0.35,47,9.626150131225586e-06,738,0,0,0,0.21428571428571427,0.0,0.7857142857142857,0.0,0.0,0.2,0.0,0.8,0.0,0.0,0.2222222222222222,0.0,0.7777777777777778,0.0,0.0,0.975,0.475,0.625,0.625,0.975,0.65,0.5,0.5,0.69375,0.7235714285714285,1.0,0.5536348688659614,0.08798293666619621,10.428571428571429,0.3636191912662501,0.10058321508351438,10.6,0.6591991341991341,0.08098278198990834,10.333333333333334,0.390652557319224,0.6785714285714286,0.505,0.4642857142857143,0.6553429705215418,0.07361817138205846,0.5394207610200258,0.08941270059639794,10.65,0.35585536297852477,0.1006200083659024,10.5625,0.6617976930476931,0.08194116208339498,10.708333333333334,0.39194139194139194,0.6904761904761905,0.4786458333333333,0.3181818181818182,0.705734126984127,0.07576413761508435
0.35,48,0.02695128321647644,2000,50,17,12,0.10714285714285714,0.0,0.4642857142857143,0.17857142857142858,0.25,0.2,0.0,0.3,0.0,0.5,0.05555555555555555,0.0,0.5555555555555556,0.2777777777777778,0.1111111111111111,0.675,0.5,0.875,0.75,0.75,0.6,0.75,0.875,0.7442708333333333,0.7933333333333333,0.8972222222222223,0.5965576032277714,0.12479848370651084,12.75,0.32162752280399337,0.07515016757432355,8.6,0.7492965367965367,0.152380881557726,15.055555555555555,0.43011463844797176,0.4642857142857143,0.42250000000000004,0.42857142857142855,0.7416666666666666,0.11638920433228815,0.5875724581790758,0.1250897342129898,12.95,0.2995949261114702,0.06668486885699274,8.0,0.7795574795574796,0.16402631111698782,16.25,0.423992673992674,0.30952380952380953,0.4442708333333333,0.3409090909090909,0.7425297619047619,0.1195198697812276
0.35,49,9.059906005859375e-06,1083,0,0,0,0.14285714285714285,0.0,0.42857142857142855,0.07142857142857142,0.35714285714285715,0.2,0.0,0.5,0.0,0.3,0.1111111111111111,0.0,0.3888888888888889,0.1111111111111111,0.3888888888888889,0.95,0.625,0.875,1.0,0.95,0.575,0.875,0.875,0.7411458333333334,0.7419047619047618,0.9722222222222222,0.507877195167111,0.07836119072960619,9.321428571428571,0.30637793578970046,0.1163218685894624,10.5,0.6198212281545614,0.05727192525190829,8.666666666666666,0.21450617283950615,0.75,0.39499999999999996,0.39285714285714285,0.6750283446712018,0.06495598231535334,0.49637747873041993,0.07144212708116811,9.15,0.3083894455217985,0.10851973003408294,10.1875,0.6217028342028342,0.04672372511255821,8.458333333333334,0.17445054945054947,0.6904761904761905,0.41875,0.45454545454545453,0.7034325396825396,0.057084925094753755
0.4,0,8.58306884765625e-06,839,0,0,0,0.03571428571428571,0.0,0.0,0.0,0.9642857142857143,0.1,0.0,0.0,0.0,0.9,0.0,0.0,0.0,0.0,1.0,1.0,0.475,0.5,0.5,1.0,0.475,0.625,0.625,0.675,0.6778571428571428,1.0,0.541937316884796,0.07095307697854007,9.214285714285714,0.2520096243625655,0.09920523464491468,8.9,0.7030082571749239,0.055257433830554176,9.38888888888889,0.4230599647266314,0.5892857142857143,0.3275,0.2857142857142857,0.7368339002267573,0.060814321456562,0.5274849027606381,0.07725019717506665,9.6,0.258147994774833,0.11133032856279208,9.5,0.7070428414178415,0.054530109583249685,9.666666666666666,0.3974358974358974,0.6309523809523809,0.31666666666666665,0.34848484848484845,0.7421825396825396,0.06405025806023004
0.4,1,0.011429846286773682,2000,41,12,16,0.03571428571428571,0.10714285714285714,0.35714285714285715,0.0,0.5,0.1,0.0,0.4,0.0,0.5,0.0,0.16666666666666666,0.3333333333333333,0.0,0.5,0.975,0.65,0.0,0.0,1.0,0.625,0.0,0.125,0.6322916666666667,0.7559523809523809,0.9722222222222222,0.5655270150018049,0.08288906493786716,10.571428571428571,0.41932701285642454,0.05361911914840654,9.3,0.646749238415905,0.09915014593201193,11.277777777777779,0.2861552028218695,0.5,0.4841666666666666,0.32142857142857145,0.7868055555555555,0.07314046462604329,0.532383611078464,0.07946928064562846,10.325,0.42090588639301874,0.059473032270440374,9.5625,0.6067020942020942,0.09280011289575385,10.833333333333334,0.22344322344322343,0.7619047619047619,0.48854166666666665,0.2196969696969697,0.7391468253968254,0.0663451305975115
0.4,2,0.013531476259231567,2000,14,4,2,0.03571428571428571,0.21428571428571427,0.32142857142857145,0.07142857142857142,0.35714285714285715,0.0,0.0,0.0,0.2,0.8,0.05555555555555555,0.3333333333333333,0.5,0.0,0.1111111111111111,0.675,0.225,0.125,1.0,0.925,0.45,0.125,1.0,0.59375,0.6152380952380951,0.6763888888888889,0.6947629751201179,0.12838434075828384,14.964285714285714,0.8474358974358974,0.1678510024660259,21.3,0.6099446849446849,0.10645841758731606,11.444444444444445,0.628747795414462,0.32142857142857145,0.6799999999999999,0.35714285714285715,0.7332766439909297,0.12436114144299261,0.5713463048389519,0.10385402512534232,12.275,0.5846334527400704,0.11065022797171242,14.5625,0.5624882062382063,0.09932322322776223,10.75,0.4822954822954823,0.5,0.4770833333333333,0.4772727272727273,0.7099900793650794,0.09235179544320164
0.4,3,9.000301361083984e-06,753,0,0,0,0.03571428571428571,0.0,0.32142857142857145,0.0,0.6428571428571429,0.1,0.0,0.9,0.0,0.0,0.0,0.0,0.0,0.0,1.0,0.775,0.425,1.0,1.0,0.925,0.475,1.0,1.0,0.5838541666666667,0.6071428571428572,0.9,0.6158159825701842,0.08546821374065876,10.892857142857142,0.42624362565539037,0.14357541980714578,13.6,0.7211339586339586,0.053186432592610425,9.38888888888889,0.4534832451499118,0.625,0.6458333333333333,0.42857142857142855,0.6749007936507937,0.07249665201367339,0.5430597201001612,0.10334252228195392,11.1,0.29418099771960066,0.16619038815803844,12.75,0.7089788683538684,0.06144394503123093,10.0,0.37026862026862023,0.7976190476190477,0.5406249999999999,0.5151515151515151,0.6233829365079365,0.08666419834849284
0.4,4,8.761882781982422e-06,1724,0,0,0,0.10714285714285714,0.17857142857142858,0.07142857142857142,0.0,0.6428571428571429,0.1,0.5,0.0,0.0,0.4,0.1111111111111111,0.0,0.1111111111111111,0.0,0.7777777777777778,1.0,0.575,0.0,1.0,1.0,0.65,0.0,1.0,0.7942708333333333,0.888095238095238,1.0,0.5274561572880901,0.067985961406391,9.357142857142858,0.42454679307620485,0.07438151165966991,10.3,0.5846280262946929,0.06443287793234716,8.833333333333334,0.21803350970017632,0.5,0.43083333333333335,0.2857142857142857,0.727140022675737,0.056438845590469376,0.5392128929077458,0.06872405306617889,9.725,0.40339215012928253,0.07921749564676792,10.25,0.6297600547600548,0.06172842467911954,9.375,0.2686202686202686,0.5476190476190477,0.42916666666666664,0.36363636363636365,0.7512301587301587,0.05568775736471071
0.4,5,8.851289749145508e-06,743,0,0,0,0.07142857142857142,0.2857142857142857,0.39285714285714285,0.25,0.0,0.1,0.4,0.5,0.0,0.0,0.05555555555555555,0.2222222222222222,0.3333333333333333,0.3888888888888889,0.0,0.575,0.4,1.0,1.0,0.725,0.4,1.0,1.0,0.6083333333333334,0.5771428571428572,0.9222222222222223,0.5711437896837056,0.10739338058942985,11.821428571428571,0.3807430151547798,0.08280004295178542,10.1,0.676921997755331,0.1210563459436768,12.777777777777779,0.29739858906525574,0.5714285714285714,0.645,0.42857142857142855,0.708078231292517,0.09592939028815907,0.4996334241738653,0.08112647309354903,9.9,0.36968656853767146,0.08010235147036826,9.75,0.5862646612646613,0.08180922084233623,10.0,0.16514041514041514,0.5952380952380952,0.5604166666666666,0.4469696969696969,0.6879761904761905,0.06822224580934931
0.4,6,9.298324584960938e-06,1754,0,0,0,0.07142857142857142,0.17857142857142858,0.5,0.0,0.25,0.0,0.5,0.5,0.0,0.0,0.1111111111111111,0.0,0.5,0.0,0.3888888888888889,1.0,0.5,0.5,0.125,1.0,0.5,0.125,0.0,0.6296875,0.7597619047619047,1.0,0.5278918327237655,0.07995234258290897,9.964285714285714,0.4003770739064857,0.0703948033351247,9.8,0.598733365400032,0.08526208660945578,10.055555555555555,0.13800705467372132,0.8214285714285714,0.5749999999999998,0.14285714285714285,0.6732709750566893,0.0682431969351742,0.5349578077151607,0.07088153198960456,9.9,0.4316192182001006,0.07389512447688817,10.5,0.6038502007252007,0.06887247033141551,9.5,0.16483516483516483,0.7857142857142857,0.5625,0.18181818181818182,0.6971428571428572,0.05774070135837093
0.4,7,8.225440979003906e-06,858,0,0,0,0.07142857142857142,0.0,0.25,0.0,0.6785714285714286,0.2,0.0,0.7,0.0,0.1,0.0,0.0,0.0,0.0,1.0,0.975,0.475,0.75,0.75,1.0,0.525,0.75,0.75,0.7046875,0.8192857142857143,0.9722222222222222,0.5987171442003375,0.07861455124821658,10.464285714285714,0.4072232995762407,0.09988673425678532,11.2,0.7051026134359468,0.06679667179901173,10.055555555555555,0.4938271604938272,0.39285714285714285,0.5133333333333333,0.14285714285714285,0.6697137188208616,0.07441793135280352,0.621535088685824,0.08182338227368462,11.125,0.42601467670401494,0.11000442587018441,12.0,0.7518820300070299,0.06303601987601809,10.541666666666666,0.49740537240537236,0.5714285714285714,0.5671875,0.196969696969697,0.7336805555555556,0.07353526853879275
0.4,8,0.001119077205657959,2000,2,1,0,0.14285714285714285,0.0,0.42857142857142855,0.07142857142857142,0.35714285714285715,0.2,0.0,0.8,0.0,0.0,0.1111111111111111,0.0,0.2222222222222222,0.1111111111111111,0.5555555555555556,0.975,0.35,0.75,0.75,0.95,0.5,0.625,0.625,0.6932291666666667,0.7471428571428571,0.9,0.6525026852232736,0.09170246383884195,11.857142857142858,0.5583459024635494,0.1664712552067009,16.8,0.7048120089786756,0.05016424641225366,9.11111111111111,0.5454144620811286,0.39285714285714285,0.5266666666666666,0.10714285714285714,0.726658163265306,0.08884417552006141,0.6036211215255334,0.08899834548933734,11.3,0.42741551748904694,0.13754484767293382,13.375,0.7210915242165242,0.05663401070027304,9.916666666666666,0.4855006105006105,0.47619047619047616,0.471875,0.4393939393939394,0.6701785714285714,0.07754457396835883
0.4,9,8.493661880493164e-06,611,0,0,0,0.10714285714285714,0.14285714285714285,0.03571428571428571,0.0,0.7142857142857143,0.3,0.4,0.1,0.0,0.2,0.0,0.0,0.0,0.0,1.0,0.4,0.375,1.0,1.0,0.4,0.6,1.0,1.0,0.709375,0.5704761904761906,0.9,0.7478023726973307,0.06771523164490918,11.607142857142858,0.5680241327300151,0.06952830519527245,12.1,0.8476791726791727,0.06670796856137402,11.333333333333334,0.7619047619047619,0.23214285714285715,0.8066666666666666,0.17857142857142858,0.7508645124716553,0.062125117328241934,0.6471615108747462,0.05740681321812049,10.05,0.35255142120950944,0.045117468276359145,7.8125,0.8435682373182374,0.0655997098459614,11.541666666666666,0.6706349206349207,0.3333333333333333,0.6083333333333333,0.20454545454545456,0.7222420634920634,0.050009108252793276
0.4,10,9.179115295410156e-06,1083,0,0,0,0.03571428571428571,0.03571428571428571,0.14285714285714285,0.0,0.7857142857142857,0.1,0.1,0.4,0.0,0.4,0.0,0.0,0.0,0.0,1.0,0.4,0.5,1.0,0.0,0.425,0.5,1.0,0.0,0.6854166666666667,0.7038095238095239,0.8166666666666667,0.7752550320827633,0.1681192812429241,17.0,0.40758277670042375,0.08290076833408948,10.4,0.9795173961840629,0.21546289952560996,20.666666666666668,0.7257495590828924,0.21428571428571427,0.7333333333333333,0.14285714285714285,0.833971088435374,0.16691277639818652,0.7332196826865944,0.15676618346213758,16.25,0.4039141057063851,0.0760408793534136,10.0625,0.9527567340067341,0.21058305286795362,20.375,0.7142857142857143,0.2857142857142857,0.6541666666666667,0.22727272727272727,0.8391369047619047,0.15295544177931225
0.4,11,9.164214134216309e-06,1990,0,0,0,0.17857142857142858,0.0,0.2857142857142857,0.07142857142857142,0.4642857142857143,0.2,0.0,0.8,0.0,0.0,0.16666666666666666,0.0,0.0,0.1111111111111111,0.7222222222222222,0.475,0.475,1.0,0.875,0.5,0.475,1.0,1.0,0.56875,0.6564285714285715,0.9208333333333334,0.620684322680121,0.10724587954732331,12.071428571428571,0.4020286576168929,0.11962829398464003,12.2,0.7421596921596922,0.10036676041548068,12.0,0.4548059964726632,0.75,0.6341666666666665,0.5,0.7353458049886621,0.09249950373421821,0.6004002921098509,0.09957854282953556,11.7,0.3831141030130001,0.120024183079266,11.875,0.7452577515077515,0.08594811599638193,11.583333333333334,0.39377289377289376,0.7142857142857143,0.59375,0.3939393939393939,0.76578373015873,0.08587310081841897
0.4,12,9.000301361083984e-06,1280,0,0,0,0.03571428571428571,0.03571428571428571,0.03571428571428571,0.2857142857142857,0.6071428571428571,0.1,0.1,0.1,0.0,0.7,0.0,0.0,0.0,0.4444444444444444,0.5555555555555556,0.4,0.45,1.0,1.0,0.4,0.6,1.0,1.0,0.5973958333333333,0.5978571428571429,0.6930555555555555,0.6929014263047877,0.09567855729936034,12.464285714285714,0.47026107879049056,0.08641738312061464,11.6,0.816590508257175,0.10082365406533014,12.944444444444445,0.5381393298059964,0.3392857142857143,0.695,0.35714285714285715,0.7518424036281178,0.08768590853032028,0.6699656817855347,0.11211133318601477,13.375,0.43405072766286,0.0733427765630553,10.4375,0.8272423178673178,0.13795703760132105,15.333333333333334,0.5740231990231991,0.25,0.6270833333333333,0.36363636363636365,0.7671825396825397,0.10512769267474231
0.4,13,9.387731552124023e-06,1112,0,0,0,0.10714285714285714,0.0,0.07142857142857142,0.0,0.8214285714285714,0.3,0.0,0.2,0.0,0.5,0.0,0.0,0.0,0.0,1.0,0.95,0.425,1.0,1.0,1.0,0.525,1.0,1.0,0.7994791666666667,0.8504761904761905,0.9583333333333333,0.498839285131302,0.056143244629648426,8.214285714285714,0.35706385118149825,0.07750896612825733,9.2,0.5776034151034152,0.04427339935264349,7.666666666666667,0.11309523809523808,0.6428571428571429,0.4616666666666666,0.10714285714285714,0.6642148526077097,0.047606827731979155,0.49358868868060046,0.04757364630583495,7.8,0.2664789713962508,0.06816709731551483,7.5625,0.6449951668701669,0.03384467896604836,7.958333333333333,0.10958485958485958,0.7142857142857143,0.4036458333333333,0.3409090909090909,0.7174900793650794,0.03447628879559114
0.4,14,9.08970832824707e-06,871,0,0,0,0.0,0.07142857142857142,0.0,0.0,0.9285714285714286,0.0,0.0,0.0,0.0,1.0,0.0,0.1111111111111111,0.0,0.0,0.8888888888888888,0.7,0.4,1.0,1.0,0.975,0.475,1.0,1.0,0.684375,0.7204761904761905,0.8027777777777778,0.696137790780648,0.07487573790548789,11.821428571428571,0.7188034188034188,0.11096074792259465,16.4,0.683545775212442,0.054828510118206386,9.277777777777779,0.5251322751322751,0.4642857142857143,0.6599999999999999,0.17857142857142858,0.7982001133786848,0.06840960001251362,0.5926033810960282,0.0700755661464009,10.4,0.4503175949867126,0.09511636327483389,11.75,0.6874605718355719,0.053381701394112226,9.5,0.40415140415140416,0.5476190476190477,0.5302083333333333,0.25,0.7669146825396826,0.05996698923988179
0.4,15,9.775161743164062e-06,841,0,0,0,0.07142857142857142,0.2857142857142857,0.39285714285714285,0.0,0.25,0.2,0.3,0.3,0.0,0.2,0.0,0.2777777777777778,0.4444444444444444,0.0,0.2777777777777778,0.975,0.525,0.0,0.0,1.0,0.425,0.0,0.0,0.6890625,0.7359523809523809,0.95,0.5943227057722856,0.0674113645198698,9.857142857142858,0.3440386410974646,0.05980408800537222,8.4,0.7333694083694083,0.07163762925014622,10.666666666666666,0.44025573192239864,0.42857142857142855,0.6808333333333334,0.2857142857142857,0.7305130385487528,0.06051543979756733,0.573372575137281,0.0697599466468571,9.925,0.31881116228542694,0.06561122158872087,8.25,0.7430801837051836,0.07252576335228123,11.041666666666666,0.41239316239316237,0.5,0.609375,0.3181818181818182,0.7193948412698413,0.0591563481943979
0.4,16,8.851289749145508e-06,890,0,0,0,0.14285714285714285,0.0,0.32142857142857145,0.0,0.5357142857142857,0.3,0.0,0.7,0.0,0.0,0.05555555555555555,0.0,0.1111111111111111,0.0,0.8333333333333334,1.0,0.6,0.0,0.0,1.0,0.525,0.0,0.0,0.6734375,0.7564285714285715,1.0,0.551068405217565,0.09808334533874881,10.892857142857142,0.35535444947209655,0.12077197567990408,11.4,0.6597983806317139,0.08547855070477366,10.61111111111111,0.43849206349206354,0.35714285714285715,0.365,0.6428571428571429,0.646641156462585,0.08774061654260061,0.5397485010904128,0.09844413268980005,11.1,0.3714774451447246,0.12418800505151893,11.875,0.651929205054205,0.0812815511153208,10.583333333333334,0.45451770451770446,0.42857142857142855,0.36302083333333335,0.5,0.6570238095238095,0.08796124537102615
0.4,17,8.52346420288086e-06,1358,0,0,0,0.03571428571428571,0.0,0.10714285714285714,0.17857142857142858,0.6785714285714286,0.1,0.0,0.3,0.0,0.6,0.0,0.0,0.0,0.2777777777777778,0.7222222222222222,0.575,0.475,1.0,0.5,0.825,0.55,1.0,0.25,0.6963541666666666,0.7635714285714286,0.9472222222222222,0.5732668883404177,0.10514627072318854,11.642857142857142,0.3568031315090139,0.09187243214371069,10.2,0.6935245310245309,0.11252062548956514,12.444444444444445,0.13734567901234568,0.8035714285714286,0.6383333333333332,0.25,0.7388038548752834,0.09242515924144698,0.5314616817006523,0.09375198520402447,10.825,0.32278351244343895,0.08644727763196647,9.375,0.6705804612054611,0.09862179025206318,11.791666666666666,0.08058608058608058,0.7738095238095238,0.63125,0.18181818181818182,0.721031746031746,0.08151666519643294
0.4,18,8.702278137207031e-06,1950,0,0,0,0.03571428571428571,0.0,0.5357142857142857,0.0,0.42857142857142855,0.0,0.0,0.0,0.0,1.0,0.05555555555555555,0.0,0.8333333333333334,0.0,0.1111111111111111,0.925,0.375,0.75,1.0,0.975,0.475,0.875,0.875,0.5432291666666667,0.525952380952381,1.0,0.5034633142301209,0.11297967521920235,11.5,0.39628097392803274,0.09940963260704552,11.2,0.563009058842392,0.12051858778151169,11.666666666666666,0.4054232804232804,0.8214285714285714,0.5624999999999999,0.07142857142857142,0.5540249433106575,0.1008464970391093,0.5123476605094252,0.11164804799826511,11.75,0.41172284618975796,0.10358197032459891,11.625,0.57943087005587,0.11702543311404257,11.833333333333334,0.32112332112332115,0.7857142857142857,0.6067708333333333,0.25757575757575757,0.6210218253968254,0.09743366249209362
0.4,19,0.0015649497509002686,2000,12,4,3,0.03571428571428571,0.0,0.07142857142857142,0.0,0.8928571428571429,0.1,0.0,0.2,0.0,0.7,0.0,0.0,0.0,0.0,1.0,0.875,0.475,0.75,0.375,1.0,0.55,0.5,0.5,0.5979166666666667,0.6602380952380953,0.8611111111111112,0.7012943522397304,0.08573572209648617,11.821428571428571,0.3844250520721109,0.055742069146736475,8.8,0.8773328523328523,0.10239886262412486,13.5,0.6472663139329805,0.6428571428571429,0.6266666666666667,0.21428571428571427,0.8302295918367346,0.07274333670027501,0.6414769340136987,0.05685719042186954,9.925,0.36542782176973354,0.055637033708559214,8.5,0.8255096755096755,0.05767062823074309,10.875,0.6019536019536019,0.6666666666666666,0.596875,0.20454545454545456,0.8169444444444445,0.042923855701541155
0.4,20,0.010579884052276611,2000,84,27,23,0.10714285714285714,0.07142857142857142,0.6428571428571429,0.0,0.17857142857142858,0.1,0.2,0.2,0.0,0.5,0.1111111111111111,0.0,0.8888888888888888,0.0,0.0,1.0,0.425,0.0,1.0,1.0,0.475,0.0,1.0,0.6447916666666667,0.699047619047619,1.0,0.5026556310169756,0.09080861849519964,10.071428571428571,0.3192106586224233,0.10094689890472663,10.0,0.6045695045695045,0.08517624048990691,10.11111111111111,0.09281305114638448,0.8035714285714286,0.5641666666666667,0.07142857142857142,0.6886337868480725,0.08020409382213323,0.4762487186016598,0.08657240042135567,9.75,0.2877392623716153,0.09222005278575529,9.0625,0.6019216894216894,0.08280729884508925,10.208333333333334,0.07646520146520146,0.8214285714285714,0.5411458333333333,0.2424242424242424,0.6516964285714286,0.07226934956573283
0.4,21,9.745359420776367e-06,850,0,0,0,0.07142857142857142,0.14285714285714285,0.0,0.0,0.7857142857142857,0.1,0.4,0.0,0.0,0.5,0.05555555555555555,0.0,0.0,0.0,0.9444444444444444,0.975,0.575,0.0,1.0,1.0,0.6,0.0,0.875,0.70625,0.7964285714285715,0.95,0.5326707955909636,0.09765595826014907,10.892857142857142,0.45971055088702145,0.1037827515265695,11.9,0.5732042648709316,0.09425218422324882,10.333333333333334,0.15806878306878305,0.625,0.4658333333333333,0.39285714285714285,0.6926020408163265,0.08760885791475785,0.4804014000705177,0.08837277511821995,10.05,0.355702793938088,0.08210416166751337,9.5625,0.5635338041588042,0.09255185075202434,10.375,0.1465201465201465,0.6547619047619048,0.4197916666666666,0.4393939393939394,0.6305654761904761,0.07528320737799943
0.4,22,0.0005218088626861572,2000,12,3,6,0.0,0.17857142857142858,0.39285714285714285,0.0,0.42857142857142855,0.0,0.5,0.0,0.0,0.5,0.0,0.0,0.6111111111111112,0.0,0.3888888888888889,0.425,0.325,1.0,1.0,0.75,0.4,1.0,1.0,0.559375,0.6892857142857143,0.7472222222222222,0.7033826817440263,0.07557558572192684,11.107142857142858,0.3571410615528262,0.10090969253281616,10.6,0.895739137405804,0.061501081938099444,11.38888888888889,0.6770282186948854,0.5357142857142857,0.6900000000000001,0.32142857142857145,0.7652352607709751,0.06332367966661134,0.668262017802459,0.08191388704444272,11.475,0.3763982596243626,0.08479730367917465,10.0625,0.8628378565878566,0.07999160928795475,12.416666666666666,0.6239316239316239,0.4523809523809524,0.628125,0.29545454545454547,0.7928174603174603,0.07104608128605128
0.4,23,9.5367431640625e-06,995,0,0,0,0.10714285714285714,0.0,0.6785714285714286,0.0,0.21428571428571427,0.2,0.0,0.7,0.0,0.1,0.05555555555555555,0.0,0.6666666666666666,0.0,0.2777777777777778,0.925,0.475,0.0,0.0,1.0,0.6,0.0,0.0,0.675,0.6535714285714286,0.85,0.6283138663390765,0.08205103431361833,11.25,0.5515154779860663,0.10261753906714613,13.5,0.6709796376463043,0.07062519833943622,10.0,0.24162257495590828,0.5178571428571429,0.6525,0.32142857142857145,0.7975623582766439,0.07393285724513213,0.5261109437947674,0.07398170327854041,9.7,0.3196910014005602,0.08069805302840555,9.0,0.6637242387242388,0.06950413677863031,10.166666666666666,0.1581196581196581,0.6785714285714286,0.5125,0.36363636363636365,0.7173412698412698,0.06139143937077065
0.4,24,8.910894393920898e-06,919,0,0,0,0.21428571428571427,0.14285714285714285,0.6428571428571429,0.0,0.0,0.2,0.3,0.5,0.0,0.0,0.2222222222222222,0.05555555555555555,0.7222222222222222,0.0,0.0,0.85,0.525,0.0,0.0,1.0,0.7,0.0,0.0,0.6322916666666667,0.7092857142857143,0.7,0.717844865218815,0.09143217576435061,13.035714285714286,0.781372549019608,0.1355171537625226,18.9,0.6825517075517075,0.06694052132092174,9.777777777777779,0.718694885361552,0.21428571428571427,0.6125,0.35714285714285715,0.7530895691609978,0.08637747225891741,0.5638732876600523,0.062248389971370124,9.8,0.4692625287294405,0.0605716438402373,10.375,0.626947126947127,0.06336622072545868,9.416666666666666,0.5848595848595849,0.30952380952380953,0.415625,0.5378787878787878,0.6694345238095238,0.05241147747401613
0.4,25,9.834766387939453e-06,1075,0,0,0,0.14285714285714285,0.0,0.7142857142857143,0.0,0.14285714285714285,0.2,0.0,0.6,0.0,0.2,0.1111111111111111,0.0,0.7777777777777778,0.0,0.1111111111111111,0.85,0.325,0.5,1.0,1.0,0.475,0.5,1.0,0.6713541666666667,0.6633333333333333,0.8,0.6756359187031455,0.07553612024675414,11.571428571428571,0.6735121741004093,0.10428388089029109,15.3,0.6768157768157769,0.05956514211145584,9.5,0.2619047619047619,0.48214285714285715,0.735,0.10714285714285714,0.7858560090702947,0.0701636737132776,0.569767983242248,0.071802076362499,10.275,0.4609358727465345,0.10188774309357274,12.1875,0.6423227235727236,0.05174496520844985,9.0,0.21611721611721607,0.5833333333333334,0.6208333333333333,0.1590909090909091,0.6204960317460317,0.062486773880312096
0.4,26,9.775161743164062e-06,1684,0,0,0,0.03571428571428571,0.17857142857142858,0.39285714285714285,0.03571428571428571,0.35714285714285715,0.0,0.5,0.5,0.0,0.0,0.05555555555555555,0.0,0.3333333333333333,0.05555555555555555,0.5555555555555556,0.925,0.525,0.375,0.75,0.975,0.5,0.625,0.75,0.6223958333333333,0.6452380952380952,0.9236111111111112,0.6217265985648339,0.07783939714456847,10.821428571428571,0.4730025856496445,0.0803208549911105,11.4,0.7043510501843835,0.07646080945204513,10.5,0.3326719576719577,0.5,0.5666666666666668,0.32142857142857145,0.7786564625850341,0.06812999490013312,0.5597057191174838,0.06710071140278259,9.975,0.4739595678014796,0.08148764160364211,11.5,0.61686981999482,0.05750942460220961,8.958333333333334,0.2588522588522588,0.5714285714285714,0.515625,0.38636363636363635,0.720922619047619,0.05491014397904067
0.4,27,8.64267349243164e-06,671,0,0,0,0.03571428571428571,0.25,0.07142857142857142,0.03571428571428571,0.6071428571428571,0.1,0.7,0.2,0.0,0.0,0.0,0.0,0.0,0.05555555555555555,0.9444444444444444,0.825,0.425,0.75,1.0,0.975,0.425,0.75,1.0,0.7734375,0.7878571428571428,0.9305555555555556,0.6345719231748642,0.10851414089976623,12.892857142857142,0.6159969115851468,0.1151369441535954,15.2,0.6448913740580406,0.10483480575875004,11.61111111111111,0.4027777777777778,0.5535714285714286,0.6725,0.32142857142857145,0.7775085034013605,0.09900312726408404,0.5785508568229156,0.09888560942510619,12.0,0.5170875080801551,0.09415628359078634,12.75,0.6195264226514227,0.10203849331465274,11.5,0.3731684981684982,0.5833333333333334,0.584375,0.29545454545454547,0.7382837301587302,0.08831427390861588
0.4,28,9.387731552124023e-06,1510,0,0,0,0.10714285714285714,0.07142857142857142,0.21428571428571427,0.03571428571428571,0.5714285714285714,0.1,0.2,0.2,0.0,0.5,0.1111111111111111,0.0,0.2222222222222222,0.05555555555555555,0.6111111111111112,0.825,0.7,0.875,1.0,0.925,0.575,0.75,1.0,0.6572916666666666,0.7840476190476191,0.9805555555555556,0.5695169443068603,0.10406268054714386,11.464285714285714,0.37660992602169074,0.11644143202004349,11.6,0.6766875100208434,0.09718559639553298,11.38888888888889,0.3229717813051146,0.4107142857142857,0.4133333333333334,0.25,0.7412273242630387,0.09768295166213625,0.512292986833428,0.08301428135115826,9.95,0.30644633654743947,0.0954783727427497,9.5625,0.6495240870240869,0.0747048870900973,10.208333333333334,0.309065934065934,0.44047619047619047,0.43749999999999994,0.2803030303030303,0.6423809523809524,0.07542548134987566
0.4,29,3.641843795776367e-05,2000,2,1,0,0.10714285714285714,0.0,0.4642857142857143,0.0,0.42857142857142855,0.1,0.0,0.0,0.0,0.9,0.1111111111111111,0.0,0.7222222222222222,0.0,0.16666666666666666,0.825,0.4,1.0,1.0,0.925,0.45,0.875,1.0,0.5338541666666667,0.5607142857142857,1.0,0.633199060509985,0.10314078319261907,12.0,0.3835850750556633,0.11054742722535538,11.4,0.7718734968734968,0.09902598095220999,12.333333333333334,0.6677689594356261,0.5178571428571429,0.5925,0.42857142857142855,0.6849773242630385,0.09168357734372358,0.5884090684642155,0.10543910630296993,11.95,0.3633317509696186,0.1019890242219068,10.75,0.7384606134606134,0.1077391610236787,12.75,0.6144688644688645,0.4880952380952381,0.5984375,0.4469696969696969,0.6454166666666666,0.09369552897815929
0.4,30,0.03409963846206665,2000,60,18,17,0.10714285714285714,0.0,0.6071428571428571,0.0,0.2857142857142857,0.2,0.0,0.7,0.0,0.1,0.05555555555555555,0.0,0.5555555555555556,0.0,0.3888888888888889,1.0,0.4,0.0,0.375,1.0,0.425,0.0,0.625,0.5494791666666667,0.5816666666666667,1.0,0.6015712228947523,0.05980804585202981,9.678571428571429,0.4571266968325792,0.08232464963499098,11.3,0.6818181818181819,0.0472988215281625,8.777777777777779,0.10317460317460317,0.9642857142857143,0.8275,0.07142857142857142,0.7667517006802721,0.04609971042168119,0.6010342965857671,0.06909739421595973,10.4,0.4402447838109603,0.0769349792859576,10.75,0.7082273051023051,0.0638723375026278,10.166666666666666,0.18894993894993894,0.9285714285714286,0.7692708333333333,0.2196969696969697,0.7418452380952381,0.05307418083962032
0.4,31,9.059906005859375e-06,1212,0,0,0,0.03571428571428571,0.03571428571428571,0.0,0.0,0.9285714285714286,0.0,0.1,0.0,0.0,0.9,0.05555555555555555,0.0,0.0,0.0,0.9444444444444444,0.875,0.525,0.0,0.0,0.975,0.4,0.0,0.0,0.609375,0.5930952380952381,0.9,0.6035910692948507,0.06967938352533318,10.321428571428571,0.5015521080226963,0.09534454339623843,12.6,0.6602793811127143,0.05542096137483027,9.055555555555555,0.10692239858906526,0.6964285714285714,0.61,0.10714285714285714,0.8050736961451247,0.060139698352983044,0.5685580616279146,0.0722409913584546,10.175,0.4039511397507721,0.09831943203435932,11.25,0.6782960095460094,0.05485536424118479,9.458333333333334,0.07326007326007325,0.8214285714285714,0.6802083333333333,0.20454545454545456,0.7544444444444445,0.059118529768479866
0.4,32,8.344650268554688e-06,1157,0,0,0,0.07142857142857142,0.03571428571428571,0.0,0.0,0.8928571428571429,0.1,0.1,0.0,0.0,0.8,0.05555555555555555,0.0,0.0,0.0,0.9444444444444444,0.975,0.625,0.125,0.125,1.0,0.675,0.0,0.0,0.6739583333333333,0.7488095238095238,0.9722222222222222,0.5318600225638042,0.0679363813037461,9.214285714285714,0.35644832291891115,0.08721491927020578,9.8,0.629310966810967,0.057226082433490734,8.88888888888889,0.09634038800705466,0.875,0.45999999999999996,0.14285714285714285,0.7675170068027211,0.05462700789757004,0.503946864002011,0.057508833666051175,8.55,0.31684594510881275,0.07084758573873583,8.375,0.62868080993081,0.04861633228426141,8.666666666666666,0.062271062271062265,0.7857142857142857,0.47916666666666663,0.29545454545454547,0.7220833333333333,0.04096537377412053
0.4,33,8.285045623779297e-06,1261,0,0,0,0.03571428571428571,0.2857142857142857,0.14285714285714285,0.0,0.5357142857142857,0.1,0.6,0.3,0.0,0.0,0.0,0.1111111111111111,0.05555555555555555,0.0,0.8333333333333334,0.975,0.55,0.0,1.0,1.0,0.6,0.0,1.0,0.6072916666666667,0.6842857142857143,0.95,0.5662995209738907,0.09901497458650013,11.535714285714286,0.5335426991309344,0.11270090972416862,13.7,0.5844977553310886,0.09141167728779541,10.333333333333334,0.4153439153439153,0.4642857142857143,0.515,0.35714285714285715,0.6299178004535148,0.08994603731570507,0.5324718704498116,0.08791830294892648,10.8,0.46004161279896577,0.09252356114829052,11.75,0.580758708883709,0.08484813081601712,10.166666666666666,0.3696581196581197,0.42857142857142855,0.46041666666666664,0.5075757575757576,0.668234126984127,0.07744145540107465
0.4,34,0.028179407119750977,2000,54,17,11,0.07142857142857142,0.03571428571428571,0.25,0.21428571428571427,0.42857142857142855,0.0,0.0,0.0,0.0,1.0,0.1111111111111111,0.05555555555555555,0.3888888888888889,0.3333333333333333,0.1111111111111111,0.875,0.45,0.375,0.375,0.85,0.5,0.5,0.625,0.678125,0.710952380952381,0.95,0.5979286703026199,0.09162630682961741,11.785714285714286,0.6518121094591683,0.07327902238957207,13.6,0.5679934263267596,0.10181924262964263,10.777777777777779,0.31746031746031744,0.5535714285714286,0.7358333333333333,0.2857142857142857,0.633985260770975,0.08161201281933565,0.5423994836862484,0.0823006781950196,10.775,0.4781071563240681,0.06374356487596106,10.6875,0.5852610352610353,0.09467208707439197,10.833333333333334,0.30738705738705735,0.4642857142857143,0.6,0.2727272727272727,0.6707837301587303,0.07341036475298729
0.4,35,2.8014183044433594e-05,2000,9,4,3,0.03571428571428571,0.2857142857142857,0.39285714285714285,0.0,0.2857142857142857,0.0,0.7,0.0,0.0,0.3,0.05555555555555555,0.05555555555555555,0.6111111111111112,0.0,0.2777777777777778,0.9,0.5,0.25,0.5,0.875,0.5,0.25,0.375,0.66875,0.671904761904762,0.8805555555555555,0.5595992301349443,0.0994851292504787,11.642857142857142,0.49735042735042734,0.07280982575909464,11.5,0.5941818983485649,0.1143047423012476,11.722222222222221,0.4010141093474427,0.5714285714285714,0.5641666666666667,0.21428571428571427,0.6289824263038549,0.09252557156228251,0.5878034200276847,0.09711568821131253,12.1,0.5132672219528837,0.06250655462587085,11.1875,0.6374942187442186,0.12018844393494031,12.708333333333334,0.458943833943834,0.7023809523809523,0.6067708333333334,0.28787878787878785,0.7193055555555555,0.083418849955566
0.4,36,9.08970832824707e-06,1295,0,0,0,0.07142857142857142,0.32142857142857145,0.0,0.0,0.6071428571428571,0.1,0.9,0.0,0.0,0.0,0.05555555555555555,0.0,0.0,0.0,0.9444444444444444,0.95,0.425,0.5,0.5,1.0,0.45,0.375,0.375,0.6739583333333333,0.6697619047619048,0.95,0.45323637030569797,0.12214932218316969,11.714285714285714,0.5194117647058824,0.12072252093038167,13.9,0.4164722623055956,0.12294198954582972,10.5,0.19069664902998237,0.4642857142857143,0.44333333333333325,0.17857142857142858,0.5772108843537415,0.11780733395486472,0.4384698451058745,0.11585444298311653,11.225,0.38324136545643905,0.08923697749308931,10.3125,0.4752888315388315,0.133599419976468,11.833333333333334,0.14606227106227104,0.5,0.42447916666666663,0.4772727272727273,0.5928571428571429,0.10595119452886985
0.4,37,9.715557098388672e-06,1341,0,0,0,0.07142857142857142,0.07142857142857142,0.21428571428571427,0.07142857142857142,0.5714285714285714,0.1,0.2,0.5,0.0,0.2,0.05555555555555555,0.0,0.05555555555555555,0.1111111111111111,0.7777777777777778,0.825,0.35,1.0,0.875,0.95,0.4,1.0,1.0,0.6588541666666667,0.7054761904761905,0.9444444444444444,0.6849263306721289,0.10211005791734452,12.642857142857142,0.41180887739711275,0.09472494706272176,11.2,0.8366582491582492,0.10621289728102384,13.444444444444445,0.47861552028218696,0.5357142857142857,0.7849999999999999,0.2857142857142857,0.7641014739229025,0.09281584341161682,0.6390561154531742,0.08988728375746977,11.775,0.38923914116928826,0.09038450950632157,10.625,0.8056007649757649,0.08955579992490188,12.541666666666666,0.36752136752136755,0.5952380952380952,0.7510416666666667,0.1590909090909091,0.7238194444444443,0.08058600649910105
0.4,38,9.655952453613281e-06,1178,0,0,0,0.14285714285714285,0.35714285714285715,0.32142857142857145,0.0,0.17857142857142858,0.0,1.0,0.0,0.0,0.0,0.2222222222222222,0.0,0.5,0.0,0.2777777777777778,1.0,0.4,0.125,1.0,1.0,0.425,0.0,1.0,0.7989583333333333,0.8178571428571428,1.0,0.5656829398426038,0.061856293167121046,9.678571428571429,0.5060550887021475,0.06019940745101854,11.0,0.5988095238095238,0.06277678523162245,8.944444444444445,0.36529982363315694,0.48214285714285715,0.6583333333333333,0.14285714285714285,0.7621315192743765,0.05381546285806993,0.5604522887243476,0.05825127560145277,9.725,0.5058676515477986,0.06327281012472591,11.125,0.5968420468420469,0.054903585919270664,8.791666666666666,0.32387057387057383,0.5595238095238095,0.6432291666666666,0.18181818181818182,0.7583730158730159,0.04745648588482726
0.4,39,0.016105473041534424,2000,24,7,5,0.03571428571428571,0.14285714285714285,0.17857142857142858,0.0,0.6428571428571429,0.1,0.4,0.5,0.0,0.0,0.0,0.0,0.0,0.0,1.0,0.975,0.625,0.0,0.75,1.0,0.675,0.0,1.0,0.6145833333333333,0.7307142857142856,0.95,0.600437453536193,0.08653313602982018,11.285714285714286,0.5334651296416003,0.07705923171944364,12.0,0.6376443001443001,0.0917964162022516,10.88888888888889,0.1712962962962963,0.5714285714285714,0.6149999999999999,0.25,0.7417375283446711,0.07885290801062625,0.5420200591891768,0.07352964229383298,10.125,0.48060740321769735,0.0763685971880391,11.25,0.5829618298368299,0.07163700569769556,9.375,0.17796092796092794,0.5476190476190477,0.49531249999999993,0.20454545454545456,0.7249305555555555,0.06453113776681327
0.4,40,8.344650268554688e-06,1797,0,0,0,0.03571428571428571,0.0,0.5357142857142857,0.0,0.42857142857142855,0.0,0.0,0.0,0.0,1.0,0.05555555555555555,0.0,0.8333333333333334,0.0,0.1111111111111111,0.975,0.6,0.125,0.875,0.975,0.6,0.0,1.0,0.5026041666666667,0.763095238095238,0.9527777777777777,0.5640024249793157,0.07356710027936511,9.964285714285714,0.40791891115420525,0.07072265487707927,9.9,0.6507154882154882,0.07514734772507946,10.0,0.21715167548500883,0.5892857142857143,0.40083333333333326,0.35714285714285715,0.7214569160997731,0.06319208636819515,0.5731470184227538,0.0731678279626242,10.4,0.45157748195432024,0.0725672422913163,10.6875,0.654193376068376,0.07356821841016277,10.208333333333334,0.25396825396825395,0.5714285714285714,0.4328125,0.4393939393939394,0.7501686507936507,0.06005561248701715
0.4,41,9.506940841674805e-06,556,0,0,0,0.25,0.03571428571428571,0.6428571428571429,0.0,0.07142857142857142,0.5,0.1,0.4,0.0,0.0,0.1111111111111111,0.0,0.7777777777777778,0.0,0.1111111111111111,0.775,0.425,0.0,0.5,1.0,0.625,0.0,0.125,0.6359375,0.7152380952380952,0.7,0.6855120952810029,0.10959547719996256,13.607142857142858,0.751533433886375,0.1370549536828892,18.2,0.6488335738335739,0.09434021248722553,11.055555555555555,0.5035273368606702,0.21428571428571427,0.7183333333333333,0.25,0.7591553287981859,0.10670559520649205,0.5099687220459279,0.08627737108388436,10.3,0.3408034928715076,0.07766935118529017,9.25,0.6227455414955415,0.09201605101628048,11.0,0.34035409035409037,0.30952380952380953,0.40937499999999993,0.36363636363636365,0.6607043650793651,0.0786680536993217
0.4,42,9.268522262573242e-06,791,0,0,0,0.14285714285714285,0.14285714285714285,0.5,0.0,0.21428571428571427,0.3,0.0,0.1,0.0,0.6,0.05555555555555555,0.2222222222222222,0.7222222222222222,0.0,0.0,0.975,0.65,0.0,0.0,1.0,0.775,0.0,0.0,0.771875,0.8283333333333334,0.95,0.6065266083123226,0.07310368264036425,10.357142857142858,0.4612759462759463,0.09387786928619024,11.9,0.6872214205547539,0.0615624678371276,9.5,0.5207231040564374,0.5714285714285714,0.4833333333333333,0.21428571428571427,0.7220946712018141,0.06629947728257338,0.5442912255228431,0.06802704226981769,9.425,0.3248429419844861,0.08223061797746212,9.0625,0.6905900812150811,0.058557991798054765,9.666666666666666,0.41758241758241754,0.4523809523809524,0.39375,0.356060606060606,0.7137698412698412,0.05936507705859293
0.4,43,9.834766387939453e-06,887,0,0,0,0.10714285714285714,0.17857142857142858,0.6428571428571429,0.03571428571428571,0.03571428571428571,0.3,0.0,0.6,0.0,0.1,0.0,0.2777777777777778,0.6666666666666666,0.05555555555555555,0.0,0.95,0.3,1.0,1.0,0.975,0.475,1.0,1.0,0.625,0.677142857142857,0.8444444444444444,0.6915310063419308,0.1083449701324795,13.5,0.6970588235294117,0.13242927914779376,17.0,0.6884599967933301,0.09496479845730493,11.555555555555555,0.4305555555555556,0.19642857142857142,0.7749999999999999,0.25,0.7801303854875284,0.10537612026045572,0.5473598052274523,0.09463773375828707,11.125,0.3826932054873231,0.10287899863834382,11.0625,0.6571375383875383,0.08914355717158258,11.166666666666666,0.2933455433455433,0.44047619047619047,0.5989583333333333,0.356060606060606,0.6719543650793651,0.08512304720906197
0.4,44,6.660819053649902e-05,2000,6,2,2,0.03571428571428571,0.0,0.07142857142857142,0.03571428571428571,0.8571428571428571,0.1,0.0,0.1,0.0,0.8,0.0,0.0,0.05555555555555555,0.05555555555555555,0.8888888888888888,0.95,0.5,0.5,0.875,0.925,0.45,0.875,0.875,0.7140625,0.7514285714285714,0.9333333333333333,0.560848663474714,0.09542858139604224,10.964285714285714,0.3537312360841772,0.07490923627687751,9.2,0.6759139009139008,0.106828217573356,11.944444444444445,0.40961199294532624,0.44642857142857145,0.4883333333333334,0.42857142857142855,0.6693594104308389,0.08531690509463734,0.5871396924154277,0.09274196011937738,11.425,0.42080634337068157,0.08272720961739138,10.625,0.6980285917785918,0.09941846045403473,11.958333333333334,0.3693528693528694,0.4642857142857143,0.5911458333333334,0.46969696969696967,0.7321130952380952,0.08089533916971796
0.4,45,8.07642936706543e-06,1212,0,0,0,0.03571428571428571,0.0,0.5357142857142857,0.07142857142857142,0.35714285714285715,0.0,0.0,0.0,0.0,1.0,0.05555555555555555,0.0,0.8333333333333334,0.1111111111111111,0.0,0.775,0.325,0.625,1.0,0.95,0.4,0.875,1.0,0.6765625,0.6764285714285714,0.75,0.693288679108007,0.12016194223662048,14.071428571428571,0.696078431372549,0.11874343996475697,16.1,0.6917388167388168,0.12094999905432242,12.944444444444445,0.6331569664902998,0.39285714285714285,0.7583333333333333,0.25,0.7038265306122449,0.11588530037525169,0.6012624752698283,0.10249645467434368,12.25,0.44190806130144367,0.07341395465536958,10.5625,0.7074987512487514,0.12188478802032639,13.375,0.4789377289377289,0.5357142857142857,0.6375,0.3409090909090909,0.6771130952380953,0.09241074544699086
0.4,46,7.158517837524414e-05,2000,8,3,1,0.10714285714285714,0.2857142857142857,0.42857142857142855,0.07142857142857142,0.10714285714285714,0.1,0.7,0.2,0.0,0.0,0.1111111111111111,0.05555555555555555,0.5555555555555556,0.1111111111111111,0.16666666666666666,0.95,0.475,0.625,0.5,0.95,0.65,0.75,0.75,0.7375,0.8088095238095239,0.9236111111111112,0.5201136923300789,0.10103234721331213,11.071428571428571,0.4324258421317245,0.10054363258147492,11.6,0.568829164662498,0.10130385534211055,10.777777777777779,0.38778659611992944,0.5178571428571429,0.3825,0.6071428571428571,0.6502267573696147,0.08755278360967934,0.49697601622233983,0.08771110276642623,10.3,0.3831134296667385,0.08194736460370813,10.0,0.5728844072594073,0.09155359487490494,10.5,0.41330891330891334,0.40476190476190477,0.34739583333333335,0.5681818181818182,0.5957341269841269,0.07678885632877226
0.4,47,0.0034476518630981445,2000,1,1,0,0.0,0.2857142857142857,0.07142857142857142,0.2857142857142857,0.35714285714285715,0.0,0.8,0.0,0.0,0.2,0.0,0.0,0.1111111111111111,0.4444444444444444,0.4444444444444444,0.75,0.525,1.0,1.0,0.7,0.625,1.0,1.0,0.5171875,0.5838095238095238,1.0,0.687210682641355,0.06376260638975986,10.964285714285714,0.5594893341952166,0.047727439399583925,11.2,0.7581669873336541,0.07267103249541318,10.833333333333334,0.45612874779541446,0.5714285714285714,0.8191666666666666,0.17857142857142858,0.7598639455782313,0.05512969656165635,0.6506761171834702,0.05619432149272356,10.475,0.5481065503124327,0.05432641497946222,11.375,0.7190558284308285,0.05743959250156446,9.875,0.3821733821733822,0.38095238095238093,0.7442708333333332,0.06818181818181818,0.7995833333333333,0.05051244004608278
0.4,48,9.238719940185547e-06,1794,0,0,0,0.03571428571428571,0.03571428571428571,0.25,0.0,0.6785714285714286,0.1,0.1,0.7,0.0,0.1,0.0,0.0,0.0,0.0,1.0,0.975,0.425,0.0,0.0,1.0,0.5,0.0,0.0,0.628125,0.6278571428571429,0.95,0.6064533214218087,0.09507093462062018,11.75,0.5092778136895786,0.1010139018106353,12.9,0.6604397146063813,0.09176928618172289,11.11111111111111,0.5081569664902998,0.4642857142857143,0.5391666666666666,0.2857142857142857,0.7161989795918368,0.08749844529549393,0.5888587127741539,0.08928260874801924,11.425,0.46334499344609636,0.084988493680757,11.375,0.6725345256595258,0.09214535212619406,11.458333333333334,0.48595848595848595,0.5238095238095238,0.4583333333333333,0.303030303030303,0.7717857142857143,0.07852031488048035
0.4,49,9.238719940185547e-06,1817,0,0,0,0.07142857142857142,0.0,0.32142857142857145,0.0,0.6071428571428571,0.2,0.0,0.8,0.0,0.0,0.0,0.0,0.05555555555555555,0.0,0.9444444444444444,0.425,0.4,1.0,1.0,0.5,0.4,1.0,1.0,0.5265625,0.5011904761904762,1.0,0.5730837439871054,0.11511301122344145,12.392857142857142,0.43803275156216326,0.11159940654551155,12.4,0.6481120731120731,0.11706501382229141,12.38888888888889,0.35097001763668423,0.5535714285714286,0.6091666666666666,0.21428571428571427,0.7265731292517008,0.10541855578817097,0.5963907844606374,0.1110765151771453,12.6,0.4481895402391726,0.11000036170004186,12.4375,0.695191613941614,0.11179395082854758,12.708333333333334,0.34523809523809523,0.6309523809523809,0.6338541666666666,0.3106060606060606,0.7627083333333333,0.09890095467244865
0.5,0,9.417533874511719e-06,1748,0,0,0,0.0,0.0,0.0,0.0,1.0,0.0,0.0,0.0,0.0,1.0,0.0,0.0,0.0,0.0,1.0,0.725,0.4,0.0,0.0,1.0,0.4,0.0,0.0,0.5354166666666667,0.5395238095238095,0.75,0.638044530166379,0.10314392885651477,12.857142857142858,0.7337757667169432,0.11684347035619203,17.0,0.5848605098605099,0.0955330724678052,10.555555555555555,0.271604938271605,0.4642857142857143,0.6041666666666667,0.10714285714285714,0.8147250566893424,0.09950885357257391,0.5904856234451822,0.09388285756338761,11.925,0.548483455882353,0.08396227299181253,12.75,0.6184870684870685,0.10049658061110434,11.375,0.19322344322344323,0.5833333333333334,0.6098958333333333,0.3181818181818182,0.7399503968253968,0.08312943555670606
0.5,1,8.970499038696289e-06,1075,0,0,0,0.03571428571428571,0.17857142857142858,0.21428571428571427,0.25,0.32142857142857145,0.1,0.0,0.2,0.7,0.0,0.0,0.2777777777777778,0.2222222222222222,0.0,0.5,0.4,0.55,1.0,0.125,0.4,0.5,1.0,0.375,0.5880208333333333,0.6507142857142857,0.6819444444444445,0.8071743091175866,0.09413162756346592,14.321428571428571,0.9274509803921568,0.10335885425115754,19.3,0.7403539361872696,0.08900539051474837,11.555555555555555,0.5493827160493827,0.2857142857142857,0.8916666666666668,0.17857142857142858,0.8656604308390022,0.09169416758386799,0.7807497935071464,0.09169080713289604,14.2,0.8733660130718954,0.10074120581218327,18.375,0.719005647130647,0.08565720801337122,11.416666666666666,0.5277777777777778,0.2976190476190476,0.8635416666666667,0.11363636363636363,0.8397123015873017,0.08914980650909742
0.5,2,9.179115295410156e-06,1818,0,0,0,0.03571428571428571,0.21428571428571427,0.21428571428571427,0.0,0.5357142857142857,0.0,0.6,0.0,0.0,0.4,0.05555555555555555,0.0,0.3333333333333333,0.0,0.6111111111111112,0.6,0.35,0.625,0.625,0.675,0.35,0.5,0.5,0.6588541666666667,0.7354761904761904,0.8722222222222222,0.701176781901572,0.06672220445243861,11.285714285714286,0.626530920060332,0.061476147279519514,12.7,0.7426467051467053,0.06963668065961588,10.5,0.40388007054673725,0.39285714285714285,0.7658333333333334,0.17857142857142858,0.8371031746031746,0.060630525171578964,0.6531041752365281,0.060128826736586996,10.7,0.5427665777849602,0.04625158422349229,10.8125,0.7266625735375736,0.06938032174531682,10.625,0.302045177045177,0.5238095238095238,0.7427083333333333,0.13636363636363635,0.796061507936508,0.05226268948099109
0.5,3,9.47713851928711e-06,1175,0,0,0,0.03571428571428571,0.17857142857142858,0.6428571428571429,0.03571428571428571,0.10714285714285714,0.0,0.5,0.3,0.0,0.2,0.05555555555555555,0.0,0.8333333333333334,0.05555555555555555,0.05555555555555555,0.85,0.525,0.375,0.625,0.95,0.5,0.125,0.875,0.603125,0.6630952380952382,0.7986111111111112,0.6431707648094204,0.0969910778871836,11.964285714285714,0.45903109961933486,0.0803993787082897,11.0,0.7454705788039121,0.10620868854212459,12.5,0.4627425044091711,0.5357142857142857,0.4416666666666667,0.32142857142857145,0.8443310657596371,0.0868838938187388,0.6021994998465586,0.07889651991166494,10.85,0.42339092688357394,0.08767750069945433,11.0,0.7214052151552153,0.07304253271980533,10.75,0.3601953601953602,0.5476190476190477,0.4895833333333333,0.4393939393939394,0.8030952380952382,0.06554960165339414
0.5,4,8.761882781982422e-06,1302,0,0,0,0.0,0.0,0.0,0.0,1.0,0.0,0.0,0.0,0.0,1.0,0.0,0.0,0.0,0.0,1.0,0.6,0.4,0.0,0.0,0.7,0.4,0.0,0.0,0.509375,0.5126190476190475,0.5,0.751194341372913,0.14971131463610807,16.857142857142858,1.0,0.20708773625439644,25.6,0.6129689754689754,0.11783552484817002,12.0,0.6481481481481481,0.10714285714285714,0.75,0.25,0.8004676870748301,0.15068764852417824,0.7069860001110001,0.1369119703090759,15.875,0.864369658119658,0.17139122297499376,21.875,0.6020635614385614,0.11392580186513064,11.875,0.6111111111111112,0.19047619047619047,0.65625,0.26515151515151514,0.7908035714285713,0.13583567710581224
0.5,5,9.298324584960938e-06,944,0,0,0,0.0,0.0,0.0,0.0,1.0,0.0,0.0,0.0,0.0,1.0,0.0,0.0,0.0,0.0,1.0,0.85,0.225,0.75,1.0,0.625,0.35,0.875,1.0,0.5692708333333334,0.5800000000000001,0.5541666666666667,0.8295210741639314,0.10188576846778716,15.035714285714286,0.976923076923077,0.13319670949572457,21.7,0.7476310726310726,0.08449080123004417,11.333333333333334,0.6375661375661376,0.17857142857142858,0.865,0.10714285714285714,0.891312358276644,0.10183793147376423,0.7690108543417368,0.06329508230191086,12.675,0.8195394984917044,0.033820220280170704,14.5,0.7353250915750916,0.08294499031640427,11.458333333333334,0.5381562881562881,0.27380952380952384,0.8234375,0.1515151515151515,0.871359126984127,0.0578250510167367
0.5,6,1.6123056411743164e-05,2000,3,0,0,0.0,0.0,0.0,0.0,1.0,0.0,0.0,0.0,0.0,1.0,0.0,0.0,0.0,0.0,1.0,0.4,0.325,1.0,1.0,0.4,0.375,1.0,1.0,0.5677083333333333,0.49357142857142855,0.6611111111111111,0.855665640382027,0.10619658856586918,15.25,0.8441718738777564,0.10460601825587561,18.1,0.862051066217733,0.10708023873808782,13.666666666666666,0.8511904761904764,0.21428571428571427,0.9291666666666666,0.14285714285714285,0.8625283446712019,0.10391681073743905,0.7383929101943808,0.08138928113453929,12.825,0.6173243015154779,0.05857715761623086,12.625,0.8191053159803161,0.09659736348007823,12.958333333333334,0.7490842490842491,0.38095238095238093,0.7401041666666667,0.13636363636363635,0.8217162698412699,0.07492465703947093
0.5,7,0.00597459077835083,2000,17,8,2,0.0,0.07142857142857142,0.0,0.0,0.9285714285714286,0.0,0.2,0.0,0.0,0.8,0.0,0.0,0.0,0.0,1.0,0.475,0.25,0.5,1.0,0.625,0.45,0.625,1.0,0.5432291666666667,0.6307142857142858,0.6694444444444445,0.705023448773449,0.11367500486547812,14.107142857142858,0.8357142857142857,0.16107299323344226,20.7,0.6324174282507615,0.08734278910549803,10.444444444444445,0.38866843033509696,0.2857142857142857,0.6874999999999999,0.07142857142857142,0.8427721088435373,0.11276897458102576,0.6194508738810209,0.10446625256569249,12.75,0.6182367418121095,0.12561502648451398,15.6875,0.6202602952602952,0.09036706995314482,10.791666666666666,0.3554639804639804,0.6428571428571429,0.5890625,0.1515151515151515,0.7427380952380952,0.09489133002883512
0.5,8,9.208917617797852e-06,986,0,0,0,0.03571428571428571,0.03571428571428571,0.5357142857142857,0.35714285714285715,0.03571428571428571,0.0,0.0,0.0,1.0,0.0,0.05555555555555555,0.05555555555555555,0.8333333333333334,0.0,0.05555555555555555,0.65,0.4,0.25,0.25,0.575,0.475,0.5,0.5,0.5057291666666667,0.5621428571428572,0.6375,0.9068496337929112,0.09049702607098246,15.142857142857142,0.9730859010270775,0.12055366018890298,21.0,0.8700517075517076,0.07379889600547106,11.88888888888889,1.0,0.0,0.8925000000000001,0.03571428571428571,0.9001700680272109,0.09277729281233026,0.9039734815837758,0.08541376333150255,15.3,0.9641310690943043,0.09682528964496209,19.75,0.8638684232434232,0.07780607912252953,12.333333333333334,1.0,0.0,0.8677083333333333,0.09090909090909091,0.9019047619047619,0.08683490589829304
0.5,9,9.5367431640625e-06,1158,0,0,0,0.03571428571428571,0.0,0.32142857142857145,0.42857142857142855,0.21428571428571427,0.1,0.0,0.9,0.0,0.0,0.0,0.0,0.0,0.6666666666666666,0.3333333333333333,0.825,0.425,0.0,0.0,1.0,0.4,0.0,0.0,0.5645833333333333,0.594047619047619,0.95,0.7022056141804042,0.06808335258658828,11.392857142857142,0.6084051569345686,0.08689679762889287,13.8,0.7543169793169793,0.05763143867419683,10.055555555555555,0.48677248677248675,0.4642857142857143,0.6541666666666667,0.14285714285714285,0.775,0.060424740456977835,0.6862481493180022,0.06701085604659578,11.375,0.5633700194821518,0.08762145877172473,13.125,0.7681669025419026,0.05327045422984314,10.208333333333334,0.46703296703296704,0.5238095238095238,0.659375,0.13636363636363635,0.7779761904761905,0.05886500999872875
0.5,10,9.775161743164062e-06,1611,0,0,0,0.07142857142857142,0.0,0.25,0.0,0.6785714285714286,0.1,0.0,0.7,0.0,0.2,0.05555555555555555,0.0,0.0,0.0,0.9444444444444444,0.725,0.25,0.5,0.5,0.975,0.3,0.125,0.125,0.5427083333333333,0.5895238095238096,0.7916666666666667,0.7583671114133299,0.06508580677223953,11.642857142857142,0.5738752424046542,0.08165632868104902,13.0,0.8608625941959276,0.05587996126734537,10.88888888888889,0.593694885361552,0.5,0.8308333333333333,0.21428571428571427,0.857638888888889,0.05579406368816715,0.729795837332602,0.045754232654497226,10.375,0.45010425644616825,0.07366055424696029,10.75,0.9162568912568911,0.027150018259521846,10.125,0.6303418803418804,0.4642857142857143,0.7630208333333334,0.26515151515151514,0.8752083333333335,0.03414884499501628
0.5,11,9.417533874511719e-06,779,0,0,0,0.0,0.14285714285714285,0.21428571428571427,0.0,0.6428571428571429,0.0,0.0,0.0,0.0,1.0,0.0,0.2222222222222222,0.3333333333333333,0.0,0.4444444444444444,0.9,0.3,0.0,1.0,1.0,0.4,0.125,0.875,0.4994791666666667,0.6185714285714285,0.95,0.6936465786780913,0.06687719092163705,11.178571428571429,0.6438662644544998,0.07828579469929295,13.8,0.721302308802309,0.06053907771182823,9.722222222222221,0.5462962962962963,0.5178571428571429,0.6733333333333332,0.17857142857142858,0.7892006802721089,0.058558243083194336,0.6751951847172435,0.06796302034943225,11.325,0.6019089366515837,0.07838088628855086,13.25,0.7240526834276836,0.06101777639001982,10.041666666666666,0.521062271062271,0.5595238095238095,0.6593749999999999,0.22727272727272727,0.7939285714285714,0.05769434570951141
0.5,12,9.387731552124023e-06,1272,0,0,0,0.0,0.0,0.0,0.0,1.0,0.0,0.0,0.0,0.0,1.0,0.0,0.0,0.0,0.0,1.0,0.425,0.275,1.0,1.0,0.6,0.4,1.0,1.0,0.4427083333333333,0.519047619047619,0.6944444444444444,0.7283189791067943,0.12107515035258636,14.821428571428571,0.8094771241830065,0.14711768208315135,19.8,0.6832311207311208,0.10660707716893913,12.055555555555555,0.5306437389770723,0.23214285714285715,0.7449999999999999,0.39285714285714285,0.839186507936508,0.11536867325263667,0.6472725721990427,0.09047877653266154,12.425,0.6330351531638296,0.11125389028538904,15.375,0.6567641848891849,0.07662870069750986,10.458333333333334,0.41849816849816845,0.4880952380952381,0.6640625,0.3409090909090909,0.8363888888888888,0.08045067290220347
0.5,13,0.028323352336883545,2000,36,13,13,0.0,0.0,0.10714285714285714,0.0,0.8928571428571429,0.0,0.0,0.3,0.0,0.7,0.0,0.0,0.0,0.0,1.0,0.8,0.25,0.0,1.0,1.0,0.55,0.125,1.0,0.5078125,0.515,0.75,0.7287363430220573,0.08834020093700265,12.571428571428571,0.6785714285714286,0.11117396899697758,15.5,0.7566057399390733,0.07565477423701655,10.944444444444445,0.8194444444444444,0.25,0.6216666666666666,0.32142857142857145,0.8029336734693878,0.08344278865350493,0.5620162456008044,0.09116719721798149,10.925,0.34295079409969115,0.11539420831753323,11.125,0.7080598799348797,0.075015856484947,10.791666666666666,0.6123321123321123,0.5952380952380952,0.39374999999999993,0.46969696969696967,0.7262400793650794,0.07645366586919185
0.5,14,9.5367431640625e-06,696,0,0,0,0.0,0.0,0.0,0.0,1.0,0.0,0.0,0.0,0.0,1.0,0.0,0.0,0.0,0.0,1.0,0.4,0.375,1.0,0.625,0.4,0.375,1.0,0.75,0.6479166666666667,0.7038095238095239,0.7555555555555555,0.797234948758058,0.07300319585342804,12.785714285714286,0.7174779142426201,0.05589463355255999,14.0,0.8415444123777457,0.08250795268724362,12.11111111111111,0.472663139329806,0.39285714285714285,0.9158333333333333,0.21428571428571427,0.9249574829931974,0.06592037667125251,0.7495141949553714,0.060274165868623886,12.075,0.7165441176470588,0.054086298679259646,13.875,0.7714942464942466,0.06439941066153337,10.875,0.32722832722832723,0.5714285714285714,0.896875,0.25,0.9167261904761904,0.0501415904515886
0.5,15,0.02245384454727173,2000,73,22,25,0.0,0.14285714285714285,0.14285714285714285,0.10714285714285714,0.6071428571428571,0.0,0.0,0.1,0.3,0.6,0.0,0.2222222222222222,0.16666666666666666,0.0,0.6111111111111112,0.55,0.45,0.5,1.0,0.7,0.45,0.625,1.0,0.4786458333333333,0.5154761904761904,0.5986111111111111,0.7331799153227726,0.09953701185963607,13.642857142857142,0.763076923076923,0.1157098342930711,17.5,0.7165704665704664,0.0905521105077277,11.5,0.5473985890652557,0.32142857142857145,0.7291666666666666,0.17857142857142858,0.8529761904761906,0.09570960811199722,0.6855251345876346,0.08372854966942349,12.625,0.7185887896825397,0.09553728610475713,15.875,0.6634826978576979,0.07585605871253438,10.458333333333334,0.4619963369963371,0.38095238095238093,0.6697916666666667,0.18181818181818182,0.810704365079365,0.07778204800781474
0.5,16,9.179115295410156e-06,621,0,0,0,0.03571428571428571,0.0,0.6071428571428571,0.35714285714285715,0.0,0.0,0.0,0.0,1.0,0.0,0.05555555555555555,0.0,0.9444444444444444,0.0,0.0,0.6,0.4,0.0,0.0,0.6,0.4,0.0,0.0,0.5833333333333333,0.6230952380952381,0.5625,0.8482186814119588,0.10634136438700313,15.428571428571429,0.9818954248366014,0.13861902643360055,22.0,0.7739538239538241,0.08840932991667123,11.777777777777779,0.7222222222222222,0.25,0.8583333333333332,0.0,0.88718820861678,0.10728320492555646,0.8571701807179748,0.1087735145564785,16.075,0.9847783905228759,0.13972813345255558,22.125,0.7720980408480408,0.08813710195909379,12.041666666666666,0.7307692307692307,0.21428571428571427,0.8802083333333333,0.07575757575757575,0.8901388888888888,0.10890703050033426
0.5,17,9.47713851928711e-06,1151,0,0,0,0.0,0.0,0.0,0.07142857142857142,0.9285714285714286,0.0,0.0,0.0,0.0,1.0,0.0,0.0,0.0,0.1111111111111111,0.8888888888888888,0.4,0.4,1.0,0.25,0.4,0.4,1.0,0.25,0.6651041666666666,0.6228571428571429,0.7930555555555556,0.7680054597596614,0.12085426123482933,14.714285714285714,0.518795518207283,0.05764772627901228,11.0,0.9064554272887607,0.15596900287694992,16.77777777777778,0.6051587301587302,0.39285714285714285,0.7633333333333334,0.2857142857142857,0.855654761904762,0.11420832844631411,0.7928789286693698,0.12830781161206226,15.675,0.5292752437513466,0.05930808859781726,11.25,0.9686147186147186,0.17430762695489224,18.625,0.681929181929182,0.35714285714285715,0.7744791666666667,0.22727272727272727,0.9019345238095238,0.12215951886109706
0.5,18,9.775161743164062e-06,1057,0,0,0,0.0,0.17857142857142858,0.17857142857142858,0.0,0.6428571428571429,0.0,0.5,0.5,0.0,0.0,0.0,0.0,0.0,0.0,1.0,0.825,0.3,0.0,1.0,1.0,0.4,0.0,1.0,0.54375,0.560952380952381,0.8,0.8056700011006734,0.07173146297387809,12.785714285714286,0.7887078934137757,0.08453649661672111,16.2,0.8150933942600609,0.06461755539452085,10.88888888888889,0.8761022927689595,0.19642857142857142,0.7525000000000001,0.17857142857142858,0.8337868480725623,0.06857457612645823,0.7335269775159481,0.07381597978159644,12.275,0.6302774074373338,0.08742618958830241,14.125,0.8023600242350243,0.06474250657712578,11.041666666666666,0.7780830280830281,0.25,0.7328125,0.3181818181818182,0.773611111111111,0.06774684588083801
0.5,19,7.12275505065918e-06,453,0,0,0,0.0,0.0,0.0,0.6428571428571429,0.35714285714285715,0.0,0.0,0.0,0.0,1.0,0.0,0.0,0.0,1.0,0.0,0.4,0.375,1.0,1.0,0.4,0.4,1.0,1.0,0.5515625,0.5619047619047619,0.8,0.6617687051510582,0.11030010982867931,13.357142857142858,0.6774617539323422,0.11244015343275289,15.8,0.6530503447170114,0.10911119671530511,12.0,0.21450617283950618,0.6785714285714286,0.7516666666666666,0.21428571428571427,0.8054280045351474,0.10015115070504989,0.593109160039307,0.10001986874867794,12.175,0.5038022180025856,0.08873460448987822,12.25,0.6526471213971213,0.10754337825454445,12.125,0.15873015873015875,0.8333333333333334,0.6385416666666667,0.22727272727272727,0.8105853174603175,0.0857967878218174
0.5,20,9.268522262573242e-06,1678,0,0,0,0.0,0.03571428571428571,0.10714285714285714,0.0,0.8571428571428571,0.0,0.1,0.3,0.0,0.6,0.0,0.0,0.0,0.0,1.0,0.4,0.575,1.0,1.0,0.4,0.6,1.0,1.0,0.6322916666666667,0.75,0.7875,0.741593525522097,0.1021045973477441,13.678571428571429,0.6648168498168497,0.09700654513566617,15.1,0.7842472342472342,0.1049368485766763,12.88888888888889,0.5994268077601411,0.39285714285714285,0.7674999999999998,0.17857142857142858,0.8515589569160998,0.09591690013567697,0.6938854282971929,0.08972478856380756,12.675,0.5572528370322489,0.08143426922199179,12.75,0.7849738224738224,0.09525180145835138,12.625,0.6666666666666666,0.38095238095238093,0.7,0.25,0.8120932539682538,0.08043719417517885
0.5,21,9.119510650634766e-06,598,0,0,0,0.0,0.0,0.0,0.0,1.0,0.0,0.0,0.0,0.0,1.0,0.0,0.0,0.0,0.0,1.0,0.9,0.45,0.125,0.0,0.825,0.525,0.125,0.0,0.5526041666666667,0.6054761904761905,0.7666666666666666,0.5502438387942589,0.13474288214013022,13.357142857142858,0.5341603821015586,0.11519244082746598,14.0,0.5591790925124258,0.1456042384249437,13.0,0.21296296296296297,0.6071428571428571,0.4491666666666666,0.39285714285714285,0.7886337868480726,0.12563004536488223,0.5617461684557273,0.1333365790085815,13.45,0.44616736919126626,0.09307079869591044,11.625,0.6387987012987013,0.1601804325503622,14.666666666666666,0.27106227106227104,0.7142857142857143,0.49270833333333336,0.5,0.7429960317460317,0.11793244329982695
0.5,22,9.059906005859375e-06,692,0,0,0,0.0,0.0,0.0,0.03571428571428571,0.9642857142857143,0.0,0.0,0.0,0.0,1.0,0.0,0.0,0.0,0.05555555555555555,0.9444444444444444,0.4,0.5,1.0,1.0,0.4,0.475,1.0,1.0,0.6713541666666667,0.7288095238095238,0.9055555555555556,0.7221705756894833,0.18391008372828835,17.178571428571427,0.42006823242117364,0.18531505382342223,15.6,0.8900052108385442,0.1831295447865473,18.055555555555557,0.72663139329806,0.5178571428571429,0.7050000000000001,0.2857142857142857,0.7544075963718821,0.17516310387474993,0.7036738526995879,0.192814658817915,17.7,0.4197704001472384,0.1839723617556679,15.5,0.8929428210678211,0.19870952352607976,19.166666666666668,0.6999389499389499,0.5357142857142857,0.7015625,0.22727272727272727,0.7695436507936508,0.1837748668472003
0.5,23,9.834766387939453e-06,1266,0,0,0,0.07142857142857142,0.03571428571428571,0.5714285714285714,0.32142857142857145,0.0,0.1,0.0,0.0,0.9,0.0,0.05555555555555555,0.05555555555555555,0.8888888888888888,0.0,0.0,0.4,0.2,1.0,1.0,0.425,0.275,1.0,1.0,0.5625,0.5802380952380952,0.6361111111111111,0.7307565450422594,0.14648952409620317,16.5,1.0,0.20708773625439644,25.6,0.5811768478435144,0.11282385067498467,11.444444444444445,0.37037037037037035,0.35714285714285715,0.8916666666666668,0.25,0.7881660997732426,0.14499192773393296,0.713946053946054,0.1389715253038571,16.225,0.9324252136752136,0.18401011835923442,23.5,0.5682932807932808,0.10894579660027222,11.375,0.3791208791208791,0.3333333333333333,0.825,0.20454545454545456,0.7932936507936509,0.1371393914358837
0.5,24,8.821487426757812e-06,519,0,0,0,0.0,0.17857142857142858,0.17857142857142858,0.0,0.6428571428571429,0.0,0.5,0.5,0.0,0.0,0.0,0.0,0.0,0.0,1.0,0.4,0.3,1.0,1.0,0.4,0.4,1.0,1.0,0.665625,0.6371428571428572,0.85,0.7268117794903509,0.10305003498920713,13.535714285714286,0.6531501831501833,0.09416696697892137,14.7,0.767734888568222,0.10798507277269923,12.88888888888889,0.5180776014109347,0.625,0.8074999999999999,0.35714285714285715,0.8378117913832199,0.09296802708348713,0.6652346203632968,0.09579248739448516,12.725,0.558009509893701,0.08644387941791673,13.0,0.7367180273430273,0.10202489271219745,12.541666666666666,0.42002442002442,0.7142857142857143,0.7489583333333333,0.3409090909090909,0.800515873015873,0.08253427887039891
0.5,25,8.046627044677734e-06,466,0,0,0,0.0,0.0,0.0,0.25,0.75,0.0,0.0,0.0,0.0,1.0,0.0,0.0,0.0,0.3888888888888889,0.6111111111111112,0.675,0.1,0.625,1.0,0.8,0.375,1.0,1.0,0.571875,0.6092857142857142,0.65,0.769587456194599,0.12576176411849402,15.75,0.9555555555555555,0.17740546200690482,23.4,0.666271845438512,0.09707082084715472,11.5,0.617283950617284,0.14285714285714285,0.9041666666666666,0.21428571428571427,0.8119472789115647,0.1259641016747466,0.6081706365529895,0.10078464031733822,12.325,0.510223079616462,0.11225277657761318,13.5,0.6734690078440079,0.09313921614382159,11.541666666666666,0.3687423687423687,0.6190476190476191,0.6682291666666667,0.29545454545454547,0.7931646825396825,0.08879414845892586
0.5,26,9.179115295410156e-06,1104,0,0,0,0.03571428571428571,0.14285714285714285,0.39285714285714285,0.42857142857142855,0.0,0.1,0.4,0.5,0.0,0.0,0.0,0.0,0.3333333333333333,0.6666666666666666,0.0,0.6,0.525,0.75,0.25,0.6,0.45,0.75,0.25,0.65625,0.6814285714285715,0.7,0.7458100547911471,0.15076331204247992,15.857142857142858,0.4546570423041011,0.09635253503664327,11.8,0.9075617283950618,0.180991521490167,18.11111111111111,0.5877425044091711,0.42857142857142855,0.7075,0.2857142857142857,0.8677721088435374,0.1436531574623277,0.73873644533571,0.14559703876491864,15.825,0.4721996090102708,0.10169679454717914,12.375,0.9164276695526695,0.17486386824341169,18.125,0.5525030525030525,0.47619047619047616,0.753125,0.3181818181818182,0.8732142857142857,0.13626330338676293
0.5,27,8.58306884765625e-06,658,0,0,0,0.0,0.07142857142857142,0.10714285714285714,0.07142857142857142,0.75,0.0,0.2,0.3,0.1,0.4,0.0,0.0,0.0,0.05555555555555555,0.9444444444444444,0.725,0.4,0.25,0.0,0.875,0.4,0.625,0.0,0.5385416666666667,0.5540476190476191,0.49722222222222223,0.800368614811892,0.10978769780410677,15.214285714285714,0.9753142282554048,0.1403613790780669,22.0,0.7031766073432739,0.09280231931857336,11.444444444444445,0.6968694885361552,0.25,0.8,0.25,0.8614370748299319,0.10798071964953958,0.6918963165102869,0.07650596251389771,12.325,0.7096024226998492,0.06146569274457808,14.125,0.6800922457172458,0.08653280902677746,11.125,0.5123626373626374,0.47619047619047616,0.7057291666666667,0.25,0.8017857142857142,0.06827937017290932
0.5,28,9.5367431640625e-06,1117,0,0,0,0.03571428571428571,0.0,0.32142857142857145,0.0,0.6428571428571429,0.1,0.0,0.9,0.0,0.0,0.0,0.0,0.0,0.0,1.0,0.4,0.425,1.0,1.0,0.4,0.4,1.0,1.0,0.4927083333333333,0.5514285714285715,0.9722222222222222,0.6373092943471095,0.07606724053395451,11.178571428571429,0.5616016663075486,0.06816860364013248,12.2,0.679369087702421,0.08045537214163345,10.61111111111111,0.10097001763668431,0.75,0.7941666666666667,0.17857142857142858,0.8465277777777779,0.0638486260506834,0.6311397120036826,0.07157371795568926,11.175,0.5620730423579688,0.06700808672842937,12.125,0.6771841584341584,0.07461747210719584,10.541666666666666,0.10805860805860804,0.8333333333333334,0.8062499999999999,0.18181818181818182,0.8358730158730159,0.057627169125020514
0.5,29,9.000301361083984e-06,830,0,0,0,0.0,0.0,0.0,0.0,1.0,0.0,0.0,0.0,0.0,1.0,0.0,0.0,0.0,0.0,1.0,0.775,0.375,0.0,0.0,1.0,0.4,0.0,0.0,0.634375,0.7,0.7,0.7821198642627214,0.10592184169354811,14.428571428571429,0.8294017094017093,0.13038711256223828,19.2,0.7558521725188392,0.09233002454427573,11.777777777777779,0.6534391534391534,0.42857142857142855,0.8033333333333333,0.2857142857142857,0.8394274376417233,0.10087186112356497,0.6884521116138763,0.08716164061753674,12.475,0.5879877271421389,0.09536345563184356,13.875,0.755428367928368,0.08169376394133218,11.541666666666666,0.521062271062271,0.5595238095238095,0.709375,0.3333333333333333,0.738343253968254,0.07670033010511446
0.5,30,9.357929229736328e-06,560,0,0,0,0.07142857142857142,0.0,0.9285714285714286,0.0,0.0,0.1,0.0,0.9,0.0,0.0,0.05555555555555555,0.0,0.9444444444444444,0.0,0.0,0.425,0.325,1.0,1.0,0.425,0.4,1.0,1.0,0.5770833333333334,0.5671428571428572,0.85,0.7908211186572532,0.09707930187078696,13.75,0.6712543991955757,0.1151616282747355,15.9,0.8572470739137406,0.08703356497970445,12.555555555555555,0.8313492063492064,0.25,0.8049999999999999,0.17857142857142858,0.7870181405895692,0.0940224956170325,0.7059506384138737,0.0930629342516337,12.725,0.49145557261366085,0.10555899196919927,12.875,0.848947348947349,0.08473222910658999,12.625,0.7304639804639805,0.36904761904761907,0.7072916666666667,0.13636363636363635,0.728204365079365,0.08687011978694553
0.5,31,9.417533874511719e-06,830,0,0,0,0.0,0.17857142857142858,0.10714285714285714,0.0,0.7142857142857143,0.0,0.5,0.3,0.0,0.2,0.0,0.0,0.0,0.0,1.0,0.775,0.5,0.0,0.0,0.95,0.5,0.0,0.0,0.5078125,0.5738095238095238,0.85,0.7813849607442045,0.07630471567777995,12.785714285714286,0.6917848164906989,0.06859490295798103,14.4,0.8311628186628187,0.08058794496655713,11.88888888888889,0.8835978835978835,0.16071428571428573,0.6566666666666667,0.17857142857142858,0.8224348072562359,0.07224381507318485,0.7583041101055807,0.07022968488076656,12.425,0.6575333979745744,0.05823442553033453,13.125,0.8254845848595848,0.07822652444772124,11.958333333333334,0.8496642246642246,0.2261904761904762,0.6645833333333333,0.22727272727272727,0.7899603174603175,0.06408096768804698
0.5,32,8.940696716308594e-06,1490,0,0,0,0.03571428571428571,0.0,0.35714285714285715,0.0,0.6071428571428571,0.0,0.0,0.0,0.0,1.0,0.05555555555555555,0.0,0.5555555555555556,0.0,0.3888888888888889,0.625,0.3,0.0,0.75,1.0,0.375,0.0,0.375,0.6166666666666667,0.5147619047619048,0.55,0.8506880024737168,0.08835416347634951,14.428571428571429,0.9466666666666667,0.12017100909957665,20.6,0.7973665223665223,0.07067813813011224,11.0,0.9312169312169312,0.0,0.9375,0.14285714285714285,0.8240646258503401,0.09016447242806372,0.6674480156281627,0.09498508987884603,12.275,0.4637686404690081,0.13615383416762422,13.875,0.8032342657342658,0.06753926035299389,11.208333333333334,0.7112332112332113,0.47619047619047616,0.5697916666666666,0.4090909090909091,0.7844246031746032,0.08470172427026276
0.5,33,8.821487426757812e-06,1057,0,0,0,0.03571428571428571,0.0,0.25,0.03571428571428571,0.6785714285714286,0.0,0.0,0.0,0.0,1.0,0.05555555555555555,0.0,0.3888888888888889,0.05555555555555555,0.5,0.6,0.2,1.0,1.0,0.75,0.225,1.0,1.0,0.5302083333333333,0.5702380952380952,0.6888888888888889,0.7901012677798392,0.11679085279746555,15.571428571428571,1.0,0.15949467531978279,23.3,0.673490860990861,0.09306650695173374,11.277777777777779,0.5740740740740741,0.17857142857142858,0.8291666666666666,0.17857142857142858,0.8618480725623582,0.11666948710319455,0.7574345793095792,0.11772002745843997,15.625,0.9791666666666666,0.16060562761360148,23.0625,0.6096131877381877,0.08912962735499896,10.666666666666666,0.5299145299145298,0.3333333333333333,0.7838541666666666,0.1590909090909091,0.8424503968253967,0.11623978136906157
0.5,34,9.059906005859375e-06,906,0,0,0,0.0,0.35714285714285715,0.0,0.0,0.6428571428571429,0.0,1.0,0.0,0.0,0.0,0.0,0.0,0.0,0.0,1.0,0.4,0.25,1.0,1.0,0.4,0.4,1.0,1.0,0.6598958333333333,0.645,0.65,0.7564583234226092,0.09970419067747302,14.035714285714286,0.8256410256410256,0.12661810834061085,19.1,0.7180234888568222,0.08475201419795202,11.222222222222221,0.4060846560846561,0.42857142857142855,0.8641666666666667,0.03571428571428571,0.8282454648526076,0.09634363036530025,0.6253270218343747,0.09224276180918925,11.975,0.49110105580693814,0.10728989719509094,13.0,0.7148109991859992,0.0822113382185881,11.291666666666666,0.24053724053724052,0.7142857142857143,0.7317708333333334,0.18181818181818182,0.7801289682539683,0.08040898449504712
0.5,35,8.255243301391602e-06,457,0,0,0,0.0,0.35714285714285715,0.6428571428571429,0.0,0.0,0.0,0.5,0.5,0.0,0.0,0.0,0.2777777777777778,0.7222222222222222,0.0,0.0,0.875,0.375,0.0,0.0,1.0,0.4,0.0,0.0,0.509375,0.5288095238095238,0.9222222222222223,0.7708184439276877,0.144340154499708,16.0,0.6081401278460101,0.11735679761123834,15.2,0.8611952861952862,0.15933090832663555,16.444444444444443,0.8869047619047619,0.2857142857142857,0.6849999999999998,0.39285714285714285,0.6923185941043084,0.1376949303482749,0.7289663298303004,0.13623467179403442,15.425,0.5763530332004597,0.11217133490680126,14.5,0.8307085275835275,0.15227689638552316,16.041666666666668,0.847985347985348,0.2857142857142857,0.6505208333333333,0.29545454545454547,0.6375099206349206,0.13082839000712804
0.5,36,9.894371032714844e-06,1537,0,0,0,0.0,0.17857142857142858,0.03571428571428571,0.03571428571428571,0.75,0.0,0.5,0.0,0.0,0.5,0.0,0.0,0.05555555555555555,0.05555555555555555,0.8888888888888888,0.6,0.2,0.5,1.0,0.725,0.4,0.25,1.0,0.5552083333333333,0.5761904761904761,0.5402777777777777,0.9178983714698,0.05912278240232797,13.714285714285714,1.0,0.06212632087631893,18.6,0.872286355619689,0.05745414991677743,11.0,0.9629629629629629,0.0,0.9083333333333334,0.17857142857142858,0.9139880952380952,0.05880772957273479,0.7906601731601731,0.06094040487274457,12.575,0.7353632478632479,0.05324551336847982,14.25,0.8275247900247901,0.0660703325422544,11.458333333333334,0.8247863247863247,0.19047619047619047,0.7203124999999999,0.17424242424242425,0.8748214285714286,0.057061771279873455
0.5,37,9.47713851928711e-06,830,0,0,0,0.0,0.0,0.0,0.0,1.0,0.0,0.0,0.0,0.0,1.0,0.0,0.0,0.0,0.0,1.0,0.875,0.35,0.625,1.0,0.95,0.45,0.375,1.0,0.5885416666666667,0.5442857142857143,0.7,0.7184275166943234,0.08069128817163705,12.571428571428571,0.8010306686777277,0.10077983895472371,17.3,0.6725368767035433,0.06953098218103336,9.944444444444445,0.5207231040564374,0.25,0.7783333333333333,0.32142857142857145,0.7859410430839002,0.0752189607542251,0.5872875470118117,0.06501950140957054,10.15,0.46106369631185806,0.0656632937010996,10.5,0.6714367808117808,0.06459030654855118,9.916666666666666,0.3214285714285714,0.5,0.7067708333333333,0.3106060606060606,0.70765873015873,0.054041746191882525
0.5,38,9.238719940185547e-06,816,0,0,0,0.03571428571428571,0.0,0.17857142857142858,0.0,0.7857142857142857,0.0,0.0,0.0,0.0,1.0,0.05555555555555555,0.0,0.2777777777777778,0.0,0.6666666666666666,0.625,0.4,0.25,0.0,0.875,0.4,0.375,0.0,0.6239583333333334,0.5921428571428571,0.5597222222222222,0.7352458407605466,0.1784910555129391,18.035714285714285,0.9274509803921569,0.2239668370585977,25.2,0.6284652076318742,0.15322673243201765,14.055555555555555,0.8518518518518519,0.03571428571428571,0.6233333333333333,0.25,0.7694586167800453,0.18075497078894545,0.570049507273772,0.13863361738985508,13.95,0.5193169014400632,0.1262384514175342,14.375,0.6038712444962445,0.14689706137140232,13.666666666666666,0.6474358974358975,0.30952380952380953,0.4125,0.41666666666666663,0.6736210317460317,0.1304195322259154
0.5,39,7.68899917602539e-06,661,0,0,0,0.0,0.0,0.0,0.6428571428571429,0.35714285714285715,0.0,0.0,0.0,0.0,1.0,0.0,0.0,0.0,1.0,0.0,0.4,0.3,1.0,1.0,0.4,0.425,1.0,1.0,0.5026041666666667,0.6216666666666667,0.8,0.783085081351888,0.04063851946625018,10.785714285714286,0.7164152840623429,0.06643470472939764,14.2,0.8201238576238575,0.026307305431168278,8.88888888888889,0.5103615520282188,0.26785714285714285,0.8341666666666667,0.21428571428571427,0.8639739229024944,0.03305043418169108,0.7066240642527408,0.0450568654371832,10.35,0.539805144814336,0.07482362445262741,12.1875,0.8178366772116772,0.02521235942688706,9.125,0.4105616605616606,0.39285714285714285,0.7791666666666666,0.29545454545454547,0.806031746031746,0.03619898251784793
0.5,40,0.001719832420349121,2000,1,0,1,0.03571428571428571,0.17857142857142858,0.14285714285714285,0.0,0.6428571428571429,0.1,0.5,0.4,0.0,0.0,0.0,0.0,0.0,0.0,1.0,0.975,0.525,0.25,0.875,1.0,0.575,0.25,1.0,0.6234375,0.7178571428571429,0.9722222222222222,0.5388658901789153,0.09083271782374357,10.642857142857142,0.4079767291531997,0.10753879173529513,11.7,0.6115820907487574,0.08155156565065935,10.055555555555555,0.18805114638447973,0.4107142857142857,0.42333333333333334,0.25,0.7004109977324263,0.08406347490153605,0.5340454296520474,0.08296890935500598,10.525,0.4430663852079293,0.09799060257330713,11.75,0.594698125948126,0.07295444720947188,9.708333333333334,0.2248168498168498,0.5357142857142857,0.4125,0.34848484848484845,0.7286805555555556,0.07137297618604613
0.5,41,9.47713851928711e-06,1321,0,0,0,0.0,0.5357142857142857,0.4642857142857143,0.0,0.0,0.0,1.0,0.0,0.0,0.0,0.0,0.2777777777777778,0.7222222222222222,0.0,0.0,0.75,0.275,0.5,0.5,1.0,0.4,0.625,0.625,0.5458333333333333,0.5576190476190477,0.65,0.6817980630480631,0.10231362457961068,13.535714285714286,0.916837606837607,0.15676140809985134,21.8,0.5512205387205387,0.07206485595725476,8.944444444444445,0.32539682539682535,0.5,0.6908333333333332,0.2857142857142857,0.8434807256235828,0.09773464595826627,0.6010134044876692,0.08887844198966485,11.875,0.6494412909394527,0.11304212137071437,15.625,0.5687281468531469,0.07276932240229851,9.375,0.24816849816849812,0.5595238095238095,0.5135416666666667,0.4393939393939394,0.8265079365079366,0.07832980284474143
0.5,42,0.021825671195983887,2000,20,9,4,0.0,0.0,0.03571428571428571,0.0,0.9642857142857143,0.0,0.0,0.0,0.0,1.0,0.0,0.0,0.05555555555555555,0.0,0.9444444444444444,0.75,0.325,0.875,1.0,0.675,0.45,1.0,1.0,0.5380208333333334,0.6304761904761905,0.7763888888888888,0.8225430323644609,0.08454158312066339,13.75,0.840952380952381,0.09258193333549174,17.5,0.8123156164822832,0.08007472189020319,11.666666666666666,0.7522045855379189,0.32142857142857145,0.7666666666666665,0.10714285714285714,0.8929421768707483,0.0820589475956011,0.7895581501831501,0.0758620068363802,13.425,0.8051625457875458,0.08222048407173302,16.6875,0.7791552197802197,0.07162302201281166,11.25,0.7002442002442003,0.2857142857142857,0.7510416666666667,0.09848484848484848,0.8741369047619048,0.07250831134434475
0.5,43,0.015025496482849121,2000,11,4,2,0.0,0.0,0.0,0.0,1.0,0.0,0.0,0.0,0.0,1.0,0.0,0.0,0.0,0.0,1.0,0.9,0.55,0.0,0.875,1.0,0.45,0.0,0.875,0.5260416666666667,0.5847619047619047,0.8,0.6594293078536777,0.07398692629844271,11.571428571428571,0.7872606478488832,0.09346629852396376,16.7,0.58841189674523,0.0631650528398199,8.722222222222221,0.43783068783068785,0.48214285714285715,0.6441666666666667,0.21428571428571427,0.7984835600907029,0.06688967312536843,0.6220500761493408,0.0690256915326318,11.05,0.6309908178014796,0.06428858560431218,13.0625,0.6160895817145816,0.07218376215151157,9.708333333333334,0.355006105006105,0.4642857142857143,0.5984375,0.3409090909090909,0.8225992063492065,0.05907073086582869
0.5,44,9.119510650634766e-06,1984,0,0,0,0.03571428571428571,0.0,0.5357142857142857,0.0,0.42857142857142855,0.0,0.0,0.0,0.0,1.0,0.05555555555555555,0.0,0.8333333333333334,0.0,0.1111111111111111,0.825,0.4,0.625,0.375,0.95,0.4,0.375,0.625,0.5927083333333334,0.5876190476190477,0.7944444444444445,0.6439773695025796,0.10894421526555312,12.571428571428571,0.4236705451411334,0.07981328377077722,10.6,0.7663700497033831,0.12512806609598415,13.666666666666666,0.2923280423280423,0.5714285714285714,0.6208333333333333,0.32142857142857145,0.8521116780045351,0.09985046071173441,0.5887409587961059,0.08561495802450413,11.175,0.4436392906521583,0.08888780089528162,11.375,0.6854754042254042,0.08343306277731914,11.041666666666666,0.14285714285714285,0.7142857142857143,0.5984375,0.3106060606060606,0.8512400793650794,0.072290456756572
0.5,45,9.715557098388672e-06,845,0,0,0,0.03571428571428571,0.0,0.32142857142857145,0.03571428571428571,0.6071428571428571,0.1,0.0,0.9,0.0,0.0,0.0,0.0,0.0,0.05555555555555555,0.9444444444444444,0.875,0.4,0.375,0.0,0.975,0.4,0.0,0.0,0.578125,0.6057142857142856,0.8291666666666666,0.7027301246839063,0.09054247533573065,12.464285714285714,0.531338432809021,0.07387557710054775,12.0,0.7979477312810646,0.0998018632441656,12.722222222222221,0.5467372134038802,0.35714285714285715,0.6433333333333333,0.2857142857142857,0.7340986394557822,0.08308658589130381,0.6697954149608562,0.08098571221977771,11.875,0.5391844317855348,0.09296379209995391,13.0,0.7568694037444037,0.07300032563299357,11.125,0.48168498168498175,0.30952380952380953,0.6291666666666667,0.29545454545454547,0.7623809523809524,0.07433407666511854
0.5,46,9.834766387939453e-06,1178,0,0,0,0.0,0.0,0.0,0.0,1.0,0.0,0.0,0.0,0.0,1.0,0.0,0.0,0.0,0.0,1.0,0.65,0.4,0.875,0.875,0.9,0.425,0.875,1.0,0.5489583333333333,0.5869047619047618,0.95,0.6952048943120374,0.07844974788223431,12.142857142857142,0.682991452991453,0.05572392178959394,13.5,0.7019901394901394,0.09107520682259009,11.38888888888889,0.38095238095238093,0.39285714285714285,0.7941666666666667,0.03571428571428571,0.8264739229024943,0.07385532275544986,0.6573550938440644,0.0834517222582614,12.35,0.6671459208683473,0.05933885622401668,13.375,0.6508278758278758,0.09952696628109121,11.666666666666666,0.3028083028083028,0.5238095238095238,0.7489583333333334,0.13636363636363635,0.8187103174603175,0.07484586698656182
0.5,47,8.702278137207031e-06,753,0,0,0,0.07142857142857142,0.0,0.75,0.0,0.17857142857142858,0.1,0.0,0.8,0.0,0.1,0.05555555555555555,0.0,0.7222222222222222,0.0,0.2222222222222222,0.95,0.45,0.25,0.5,1.0,0.45,0.0,0.875,0.6755208333333333,0.6642857142857143,0.9,0.6519819058159394,0.08153575003566269,11.607142857142858,0.6481936364289306,0.12325289848380824,15.9,0.6540864999198331,0.0583595564533596,9.222222222222221,0.28615520282186946,0.5,0.6624999999999999,0.2857142857142857,0.7208475056689343,0.07440281298626221,0.6107243512206747,0.07874893086255752,11.25,0.561665780094089,0.11258343638458729,14.25,0.6434300653050654,0.05619259384787101,9.25,0.26129426129426125,0.47619047619047616,0.5828125,0.26515151515151514,0.7019146825396826,0.07102823951170874
0.5,48,9.506940841674805e-06,875,0,0,0,0.03571428571428571,0.0,0.03571428571428571,0.0,0.9285714285714286,0.0,0.0,0.1,0.0,0.9,0.05555555555555555,0.0,0.0,0.0,0.9444444444444444,0.65,0.425,0.0,0.0,0.95,0.45,0.0,0.0,0.5677083333333333,0.5973809523809523,0.5972222222222222,0.7673971861471861,0.07635250792775576,12.964285714285714,0.9166666666666666,0.10903525044829003,19.4,0.684469696969697,0.058195428749681165,9.38888888888889,0.6790123456790123,0.2857142857142857,0.7375,0.0,0.8371031746031745,0.07572862271936341,0.686745564484535,0.07109344972756063,11.8,0.6490426699525964,0.08428356548180362,14.3125,0.7118808275058276,0.06230003922473195,10.125,0.5405982905982906,0.4880952380952381,0.6661458333333333,0.18181818181818182,0.8201984126984128,0.06303303798789005
0.5,49,8.761882781982422e-06,654,0,0,0,0.03571428571428571,0.0,0.07142857142857142,0.0,0.8928571428571429,0.0,0.0,0.0,0.0,1.0,0.05555555555555555,0.0,0.1111111111111111,0.0,0.8333333333333334,0.9,0.45,0.5,0.125,0.875,0.375,0.25,0.25,0.6135416666666667,0.6359523809523809,0.9319444444444445,0.6193168409554964,0.09130453889952962,11.785714285714286,0.5533656539538893,0.07436632773083615,12.4,0.6559563892897226,0.10071465621547043,11.444444444444445,0.2874779541446208,0.4642857142857143,0.6375,0.25,0.7146116780045351,0.08425201609888829,0.6112734120454709,0.08591043885342028,11.8,0.580205639948287,0.06314902503376643,12.25,0.6319852601102601,0.10108471473318953,11.5,0.31440781440781446,0.5714285714285714,0.6260416666666667,0.06818181818181818,0.7402579365079365,0.07882774451190473
